"text","diggCount","replyCommentTotal","createTimeISO","uniqueId","videoWebUrl","uid","cid","avatarThumbnail"
"Who did this 😂😂😂","133080","74","2026-03-01T19:40:05.000Z","calicats213","https://www.tiktok.com/@user6611908121759/video/7612233575705955597","7349665832542176299","7612374229702656799","https://p16-common-sign.tiktokcdn-us.com/tos-useast8-avt-0068-tx2/287627dcae0f3d6b247728b8d7ec2600~tplv-tiktokx-cropcenter:100:100.jpg?dr=9640&refresh_token=5f66bdf8&x-expires=1778400000&x-signature=dNyjHSlnvrV6eadPmCxg4jRxIbs%3D&t=4d5b0474&ps=13740610&shp=30310797&shcp=ff37627b&idc=useast5"
"what exactly are you getting out of this","91553","80","2026-03-01T14:56:20.000Z","content.rated.e","https://www.tiktok.com/@user6611908121759/video/7612233575705955597","7029466204613559301","7612301054297817886","https://p19-common-sign.tiktokcdn-us.com/tos-useast8-avt-0068-tx2/91952977aac1b3420bca93e00656c109~tplv-tiktokx-cropcenter:100:100.jpg?dr=9640&refresh_token=e94073cc&x-expires=1778400000&x-signature=sK4etOne1j35PN6eIWYbjwsGd5I%3D&t=4d5b0474&ps=13740610&shp=30310797&shcp=ff37627b&idc=useast5"
"Dude playing with people jobs 😂","19387","7","2026-03-02T00:22:43.000Z","dimeb0","https://www.tiktok.com/@user6611908121759/video/7612233575705955597","6808144289534821382","7612447076961600286","https://p16-common-sign.tiktokcdn-us.com/tos-useast8-avt-0068-tx2/1b1d8ed38e9e41ab56abe938b7d0b471~tplv-tiktokx-cropcenter:100:100.jpg?dr=9640&refresh_token=1ace1061&x-expires=1778400000&x-signature=SGldgrudqgdmteomLGQKZWN9Rrk%3D&t=4d5b0474&ps=13740610&shp=30310797&shcp=ff37627b&idc=useast5"
"Imagine the people working there saw the TikTok","16719","8","2026-03-02T00:18:24.000Z","meddy.org","https://www.tiktok.com/@user6611908121759/video/7612233575705955597","7417583628098274346","7612445851001373454","https://p19-common-sign.tiktokcdn-us.com/tos-useast5-avt-0068-tx/94c10ed421c9376f7a5ec1b9cf80eccf~tplv-tiktokx-cropcenter:100:100.jpg?dr=9640&refresh_token=da3d3bd2&x-expires=1778400000&x-signature=cKIkUNmp6rR6ScNkKnpZrLTMNcw%3D&t=4d5b0474&ps=13740610&shp=30310797&shcp=ff37627b&idc=useast5"
"gaspillage.","395","5","2026-04-22T20:04:17.000Z","youngproducer_off","https://www.tiktok.com/@user6611908121759/video/7612233575705955597","6844217188502012934","7631676891376796438","https://p16-common-sign.tiktokcdn-us.com/tos-maliva-avt-0068/7333386893058375686~tplv-tiktokx-cropcenter:100:100.jpg?dr=9640&refresh_token=054b052e&x-expires=1778400000&x-signature=QbNrr4H87s51P8jNX2LyUNRqqak%3D&t=4d5b0474&ps=13740610&shp=30310797&shcp=ff37627b&idc=useast5"
"""now who did this""😭","8442","4","2026-03-02T00:55:35.000Z","_zaywiththashifts","https://www.tiktok.com/@user6611908121759/video/7612233575705955597","6915810975149048837","7612455502006534943","https://p19-common-sign.tiktokcdn-us.com/tos-useast8-avt-0068-tx2/b2577e73fde98dce6986be60ca43f8c3~tplv-tiktokx-cropcenter:100:100.jpg?dr=9640&refresh_token=c6e12ede&x-expires=1778400000&x-signature=1jK5hULCSNkvx16ixPrhmM4tpyo%3D&t=4d5b0474&ps=13740610&shp=30310797&shcp=ff37627b&idc=useast5"
"Food waste at it’s finest","3560","5","2026-03-02T01:10:57.000Z","casuallyaiyana","https://www.tiktok.com/@user6611908121759/video/7612233575705955597","6760822486050538501","7612459433600156447","https://p16-common-sign.tiktokcdn-us.com/tos-useast5-avt-0068-tx/887b636c841331661d7b86221acf2398~tplv-tiktokx-cropcenter:100:100.jpg?dr=9640&refresh_token=8897a181&x-expires=1778400000&x-signature=Pvh5XzdGfFwPgGoq09REpmafX2U%3D&t=4d5b0474&ps=13740610&shp=30310797&shcp=ff37627b&idc=useast5"
"People losing their job over this? That ain't funny...AT ALL","16311","25","2026-03-02T00:18:42.000Z","donniealexander34","https://www.tiktok.com/@user6611908121759/video/7612233575705955597","6977489596646474758","7612446009129911053","https://p19-common-sign.tiktokcdn-us.com/tos-maliva-avt-0068/7335999084803751941~tplv-tiktokx-cropcenter:100:100.jpg?dr=9640&refresh_token=227edcac&x-expires=1778400000&x-signature=fzBjE%2F8AoP5uFnjH60r4X3wJNdc%3D&t=4d5b0474&ps=13740610&shp=30310797&shcp=ff37627b&idc=useast5"
"Extra….what…?","741","0","2026-03-02T03:13:36.000Z","7.danna","https://www.tiktok.com/@user6611908121759/video/7612233575705955597","7009005178973029381","7612491060821263124","https://p16-common-sign.tiktokcdn-us.com/tos-alisg-avt-0068/91cca3876579bf65d88defd1487a4d59~tplv-tiktokx-cropcenter:100:100.jpg?dr=9640&refresh_token=3a851bb4&x-expires=1778400000&x-signature=0%2FRu%2Fm9hFg0F%2BzZUcv8oajvi7P4%3D&t=4d5b0474&ps=13740610&shp=30310797&shcp=ff37627b&idc=useast5"
"new sticker","2248","6","2026-03-02T02:11:26.000Z","beltboy19","https://www.tiktok.com/@user6611908121759/video/7612233575705955597","7489855149905904682","7612475066068337421","https://p16-common-sign.tiktokcdn-us.com/tos-useast5-avt-0068-tx/25fd117c75234ce2ff3d5aedbff87102~tplv-tiktokx-cropcenter:100:100.jpg?dr=9640&refresh_token=4845c07b&x-expires=1778400000&x-signature=LQD2CdzUtXrZRU3mwZmiZOni0Ps%3D&t=4d5b0474&ps=13740610&shp=30310797&shcp=ff37627b&idc=useast5"
"“Now who did this” LMAOOO","2368","2","2026-03-01T21:58:39.000Z","br4tty.nayaa","https://www.tiktok.com/@user6611908121759/video/7612233575705955597","7014889355148870661","7612409920117654302","https://p19-common-sign.tiktokcdn-us.com/tos-useast8-avt-0068-tx2/85b0ce56198d01005d3d8ce79561d790~tplv-tiktokx-cropcenter:100:100.jpg?dr=9640&refresh_token=5573a8d7&x-expires=1778400000&x-signature=AuE7279rORqobrymTeh7XpedyE0%3D&t=4d5b0474&ps=13740610&shp=30310797&shcp=ff37627b&idc=useast5"
"Yea something ain’t right","3242","0","2026-03-01T21:02:47.000Z","bs_player0330","https://www.tiktok.com/@user6611908121759/video/7612233575705955597","7562953354587489335","7612395518778000158","https://p16-common-sign.tiktokcdn-us.com/tos-useast8-avt-0068-tx2/e9d960ffefcc0e5bac8225a5e0a538eb~tplv-tiktokx-cropcenter:100:100.jpg?dr=9640&refresh_token=bc02ff78&x-expires=1778400000&x-signature=gn2BwdEs7zuk9GVU2lxmVJnTWY4%3D&t=4d5b0474&ps=13740610&shp=30310797&shcp=ff37627b&idc=useast5"
"[Sticker] No hay comentarios en español solo somos tú y yo","1384","25","2026-03-02T01:26:15.000Z","josiel_diaz1","https://www.tiktok.com/@user6611908121759/video/7612233575705955597","7051063811509257263","7612463395720184590","https://p16-common-sign.tiktokcdn-us.com/tos-useast5-avt-0068-tx/cec249306051f1d6d1d13261efef68f0~tplv-tiktokx-cropcenter:100:100.jpg?dr=9640&refresh_token=120afac6&x-expires=1778400000&x-signature=Z9dLeCsu7A1Pu5ATjE4qVh7THBU%3D&t=4d5b0474&ps=13740610&shp=30310797&shcp=ff37627b&idc=useast5"
"getting people fired is crazy work bro","5287","8","2026-03-01T22:20:00.000Z","unhingedtakes","https://www.tiktok.com/@user6611908121759/video/7612233575705955597","6782422618622182406","7612415399837319949","https://p16-common-sign.tiktokcdn-us.com/tos-useast5-avt-0068-tx/dc96ffb0c702192acf198a37af0abccf~tplv-tiktokx-cropcenter:100:100.jpg?dr=9640&refresh_token=c6278ed0&x-expires=1778400000&x-signature=hKhM6J%2Fo1d99ADd2UsY7rXdHfzw%3D&t=4d5b0474&ps=13740610&shp=30310797&shcp=ff37627b&idc=useast5"
"All them workers watching this video right now like….","2683","0","2026-03-02T02:19:13.000Z","mande.916","https://www.tiktok.com/@user6611908121759/video/7612233575705955597","7094012334305412142","7612477054164648735","https://p19-common-sign.tiktokcdn-us.com/tos-useast5-avt-0068-tx/fc5fe9cec41d15de9ac9d9ecefa8d636~tplv-tiktokx-cropcenter:100:100.jpg?dr=9640&refresh_token=ec2273dc&x-expires=1778400000&x-signature=QMMBYQzqXelcLG%2BqhFlLHvID5gM%3D&t=4d5b0474&ps=13740610&shp=30310797&shcp=ff37627b&idc=useast5"
"Not fun","1004","8","2026-03-02T08:28:25.000Z","ma1sun5","https://www.tiktok.com/@user6611908121759/video/7612233575705955597","7430088667559052293","7612572231419446017","https://p16-common-sign.tiktokcdn-us.com/tos-alisg-avt-0068/864af2bce20e0d4e9ed96fe74d8daf13~tplv-tiktokx-cropcenter:100:100.jpg?dr=9640&refresh_token=cbb065aa&x-expires=1778400000&x-signature=iFB2kDN1I0OklPMEHj%2FhfGW4lIE%3D&t=4d5b0474&ps=13740610&shp=30310797&shcp=ff37627b&idc=useast5"
"Hold on, McDonalds allowed to cuss😭","5576","21","2026-03-01T23:53:58.000Z","livi1871","https://www.tiktok.com/@user6611908121759/video/7612233575705955597","7474336728299193390","7612439521524204301","https://p19-common-sign.tiktokcdn-us.com/tos-useast5-avt-0068-tx/e4ec1c9f8bce47f3c201e7af9562e5ca~tplv-tiktokx-cropcenter:100:100.jpg?dr=9640&refresh_token=77b6a291&x-expires=1778400000&x-signature=00hVTDq65ibaiKfmm4GV5rlzDew%3D&t=4d5b0474&ps=13740610&shp=30310797&shcp=ff37627b&idc=useast5"
"Bro if you think about it he’s losing money","18343","52","2026-03-01T19:23:56.000Z","retinasuny","https://www.tiktok.com/@user6611908121759/video/7612233575705955597","7084598412112593963","7612370023558152990","https://p19-common-sign.tiktokcdn-us.com/tos-useast8-avt-0068-tx2/9e20a40d5a89979acb3e6ace364c8536~tplv-tiktokx-cropcenter:100:100.jpg?dr=9640&refresh_token=11d02530&x-expires=1778400000&x-signature=bZUgTHzl6w9Z7SBZMQxCpBvaWGk%3D&t=4d5b0474&ps=13740610&shp=30310797&shcp=ff37627b&idc=useast5"
"He got four people fired","1416","0","2026-03-01T16:48:28.000Z","noah.carrion1","https://www.tiktok.com/@user6611908121759/video/7612233575705955597","7573367002808747022","7612329966118322975","https://p19-common-sign.tiktokcdn-us.com/tos-useast5-avt-0068-tx/60541a81084aeb2fc343f3cd2c4f88be~tplv-tiktokx-cropcenter:100:100.jpg?dr=9640&refresh_token=d0f46220&x-expires=1778400000&x-signature=7AbsiHqz4FymAoU0VmMlQ56LRm4%3D&t=4d5b0474&ps=13740610&shp=30310797&shcp=ff37627b&idc=useast5"
"She knew 🤣","1683","2","2026-03-01T22:16:56.000Z","dollar_menu_","https://www.tiktok.com/@user6611908121759/video/7612233575705955597","6914183092198982662","7612414616883315487","https://p16-common-sign.tiktokcdn-us.com/tos-useast8-avt-0068-tx2/d106075df7d8b27e3632cb48ddeef4a1~tplv-tiktokx-cropcenter:100:100.jpg?dr=9640&refresh_token=8a61368e&x-expires=1778400000&x-signature=6f5AsH88%2FdWmzGUTxQM4f6%2FjU2s%3D&t=4d5b0474&ps=13740610&shp=30310797&shcp=ff37627b&idc=useast5"
"its funny but people could lose their jobs thats not funny","20","0","2026-04-28T12:46:07.000Z","jj203571","https://www.tiktok.com/@user6611908121759/video/7612233575705955597","7246903653406802971","7633790436360897302","https://p19-common-sign.tiktokcdn-us.com/tos-useast2a-avt-0068-euttp/04a8dce14a950739779993e1dd8d040c~tplv-tiktokx-cropcenter:100:100.jpg?dr=9640&refresh_token=49fb60fe&x-expires=1778400000&x-signature=VUMIS%2Fp8F%2FQl%2BscO09J1HK5gEMI%3D&t=4d5b0474&ps=13740610&shp=30310797&shcp=ff37627b&idc=useast5"
"Van a joder a los empleados.","310","3","2026-03-02T05:31:02.000Z","rael3942","https://www.tiktok.com/@user6611908121759/video/7612233575705955597","7585678868549436429","7612526457415533325","https://p19-common-sign.tiktokcdn-us.com/tos-useast5-avt-0068-tx/fe73ac1f8a52be4979fe2911042db690~tplv-tiktokx-cropcenter:100:100.jpg?dr=9640&refresh_token=11389484&x-expires=1778400000&x-signature=EHH9B0%2FD81AmdQPxB7EHWjTglUQ%3D&t=4d5b0474&ps=13740610&shp=30310797&shcp=ff37627b&idc=useast5"
"Why do we waste food? It's not funny. Others are starving.","119","1","2026-04-21T09:01:11.000Z","janossarkozi5","https://www.tiktok.com/@user6611908121759/video/7612233575705955597","6636306647227564038","7631134798611071766","https://p16-common-sign.tiktokcdn-us.com/tos-maliva-avt-0068/7320942109036822534~tplv-tiktokx-cropcenter:100:100.jpg?dr=9640&refresh_token=c0e6f224&x-expires=1778400000&x-signature=fnmMhphNHoeXVtC6bUttsFcqWc8%3D&t=4d5b0474&ps=13740610&shp=30310797&shcp=ff37627b&idc=useast5"
"she knew 🤣🤣","5596","7","2026-03-01T19:47:51.000Z","luisnieto5390","https://www.tiktok.com/@user6611908121759/video/7612233575705955597","7017971111891829765","7612376121624118047","https://p16-common-sign.tiktokcdn-us.com/tos-useast8-avt-0068-tx2/e6124a9c368ab0fa2db63967817aae6e~tplv-tiktokx-cropcenter:100:100.jpg?dr=9640&refresh_token=f880816a&x-expires=1778400000&x-signature=dmbWNKGKnvhhQjgKeAF%2FQGKtuSE%3D&t=4d5b0474&ps=13740610&shp=30310797&shcp=ff37627b&idc=useast5"
"Just getting people fired for no reason","387","2","2026-03-02T03:37:30.000Z","vantyxcwisx","https://www.tiktok.com/@user6611908121759/video/7612233575705955597","7417894598340494382","7612497228326634271","https://p19-common-sign.tiktokcdn-us.com/tos-useast8-avt-0068-tx2/967dad6a7a342e98343845ee6324c9b5~tplv-tiktokx-cropcenter:100:100.jpg?dr=9640&refresh_token=df1a002a&x-expires=1778400000&x-signature=Lzuy31hkVFCC%2BSZYsaYgPfBO%2BC4%3D&t=4d5b0474&ps=13740610&shp=30310797&shcp=ff37627b&idc=useast5"
"“they gave u like a whole salad on that thing “. I’m cryinnnnn😂😂😂😂😂","210","1","2026-03-02T05:11:31.000Z","mieasgallery","https://www.tiktok.com/@user6611908121759/video/7612233575705955597","7007620410535855110","7612521446103450398","https://p19-common-sign.tiktokcdn-us.com/tos-useast8-avt-0068-tx2/54bcf3ed0ed44535822123625c31ab9b~tplv-tiktokx-cropcenter:100:100.jpg?dr=9640&refresh_token=9441c413&x-expires=1778400000&x-signature=PNUYM6DcFyWoSrOX%2B3%2FJ69Tef08%3D&t=4d5b0474&ps=13740610&shp=30310797&shcp=ff37627b&idc=useast5"
"[Sticker] i feel bad for the staff who got scoled","68","0","2026-03-02T07:41:05.000Z","tyee015","https://www.tiktok.com/@user6611908121759/video/7612233575705955597","7299434813499786245","7612560025374507797","https://p16-common-sign.tiktokcdn-us.com/tos-alisg-avt-0068/ed929ba207b34a972dc6d29f809f00e7~tplv-tiktokx-cropcenter:100:100.jpg?dr=9640&refresh_token=47f3d42d&x-expires=1778400000&x-signature=RYCQEjHCyAvsos98GygQqG%2F%2B328%3D&t=4d5b0474&ps=13740610&shp=30310797&shcp=ff37627b&idc=useast5"
"That’s not funny…","20","0","2026-04-27T20:07:17.000Z","davidperezcatcher","https://www.tiktok.com/@user6611908121759/video/7612233575705955597","6859092941307511813","7633533015080354574","https://p16-common-sign.tiktokcdn-us.com/tos-useast5-avt-0068-tx/7350235947725750314~tplv-tiktokx-cropcenter:100:100.jpg?dr=9640&refresh_token=4d3a5aeb&x-expires=1778400000&x-signature=h6oPGjc1QEsKNmgmdCASdBVNH68%3D&t=4d5b0474&ps=13740610&shp=30310797&shcp=ff37627b&idc=useast5"
"This is not a good things bro... These staff will loss their jobs..🥺","161","0","2026-03-02T09:07:06.000Z","niluka_nishamani","https://www.tiktok.com/@user6611908121759/video/7612233575705955597","6874879367173833733","7612582195652215559","https://p16-common-sign.tiktokcdn-us.com/tos-alisg-avt-0068/a23f514baf9c79cf46580e98ec1e13e3~tplv-tiktokx-cropcenter:100:100.jpg?dr=9640&refresh_token=72588220&x-expires=1778400000&x-signature=VO4zbHetYxx4%2BipMJ3R3UYI2A34%3D&t=4d5b0474&ps=13740610&shp=30310797&shcp=ff37627b&idc=useast5"
"him after getting someone fired","135","0","2026-03-02T03:12:00.000Z","1yanadnar","https://www.tiktok.com/@user6611908121759/video/7612233575705955597","7339668546148615174","7612490685250208530","https://p16-common-sign.tiktokcdn-us.com/tos-alisg-avt-0068/95fe23d460fc123bf4830ff2f02e4b1a~tplv-tiktokx-cropcenter:100:100.jpg?dr=9640&refresh_token=36f9110e&x-expires=1778400000&x-signature=vxL7eVS94iYCtq9YeT0g0MEA27k%3D&t=4d5b0474&ps=13740610&shp=30310797&shcp=ff37627b&idc=useast5"
"that is not funny","2","0","2026-05-09T07:15:59.000Z","_nokpop.nolife_","https://www.tiktok.com/@user6611908121759/video/7612233575705955597","6969864492205261826","7637787225162334992","https://p19-common-sign.tiktokcdn-us.com/tos-alisg-avt-0068/c475bff904d739196970a6dfff64a2eb~tplv-tiktokx-cropcenter:100:100.jpg?dr=9640&refresh_token=51b59ffe&x-expires=1778400000&x-signature=LOnwlX7g9xSVztD2yMn2sLlfTWI%3D&t=4d5b0474&ps=13740610&shp=30310797&shcp=ff37627b&idc=useast8"
"SEE MY RREPOST","0","0","2026-05-09T07:39:20.000Z","jhonatanjacobyhua","https://www.tiktok.com/@user6611908121759/video/7612233575705955597","6967402939322745861","7637793352792539924","https://p16-common-sign.tiktokcdn-us.com/tos-alisg-avt-0068/279c99106547a7d263fadab66ddf1109~tplv-tiktokx-cropcenter:100:100.jpg?dr=9640&refresh_token=d75b69ca&x-expires=1778400000&x-signature=fVi9UJRG9TYEaCq8ya5FxK1i2xc%3D&t=4d5b0474&ps=13740610&shp=30310797&shcp=ff37627b&idc=useast8"
"THATS WILDD NAH","0","0","2026-05-09T07:20:01.000Z","_muravibe","https://www.tiktok.com/@user6611908121759/video/7612233575705955597","6787225763966075905","7637788333184303889","https://p16-common-sign.tiktokcdn-us.com/tos-alisg-avt-0068/88a1d13f903265e5cc490b37ae1623fe~tplv-tiktokx-cropcenter:100:100.jpg?dr=9640&refresh_token=9c36e9dd&x-expires=1778400000&x-signature=xOpDeEENYa4b4qlZGONX2Vq8qvY%3D&t=4d5b0474&ps=13740610&shp=30310797&shcp=ff37627b&idc=useast8"
"CHECKK MY REPOST","0","0","2026-05-09T07:34:47.000Z","amoaminovia___12","https://www.tiktok.com/@user6611908121759/video/7612233575705955597","7564143871639651349","7637792151775331093","https://p16-common-sign.tiktokcdn-us.com/tos-alisg-avt-0068/20f33210e825af4c56a4b890b91e83a7~tplv-tiktokx-cropcenter:100:100.jpg?dr=9640&refresh_token=1430bea9&x-expires=1778400000&x-signature=L%2BqL5lGkj8zqsOC%2FcldbqFx4ruA%3D&t=4d5b0474&ps=13740610&shp=30310797&shcp=ff37627b&idc=useast8"
"not interested , if still continue Report","3","0","2026-05-07T10:28:37.000Z","mrt3674","https://www.tiktok.com/@user6611908121759/video/7612233575705955597","7448596847423570961","7637094842698564360","https://p16-common-sign.tiktokcdn-us.com/tos-alisg-avt-0068/7277873af5f24793b7463ac3ea47a883~tplv-tiktokx-cropcenter:100:100.jpg?dr=9640&refresh_token=de7fc1b8&x-expires=1778400000&x-signature=nCVl1HphdafNznFedEnbxk5klPY%3D&t=4d5b0474&ps=13740610&shp=30310797&shcp=ff37627b&idc=useast8"
"CHECKK MY REPOST","0","0","2026-05-09T07:16:38.000Z","geekmania24","https://www.tiktok.com/@user6611908121759/video/7612233575705955597","7562708853298856972","7637787524735746824","https://p19-common-sign.tiktokcdn-us.com/tos-alisg-avt-0068/15fab164c4cadc18d3d67368319b7ce2~tplv-tiktokx-cropcenter:100:100.jpg?dr=9640&refresh_token=8468efcc&x-expires=1778400000&x-signature=fPeIk8PpsYYD13LBLb3DJmAGJlw%3D&t=4d5b0474&ps=13740610&shp=30310797&shcp=ff37627b&idc=useast8"
"SEE MY REPOSTT","0","0","2026-05-09T07:44:33.000Z","thomas_14_14","https://www.tiktok.com/@user6611908121759/video/7612233575705955597","6922487848748221446","7637794727303463687","https://p16-common-sign.tiktokcdn-us.com/tos-maliva-avt-0068/4dda2f6e2e87ddc4f7eb89519b88a7cb~tplv-tiktokx-cropcenter:100:100.jpg?dr=9640&refresh_token=b8cdf6ae&x-expires=1778400000&x-signature=qQmYTRYL%2BJkyc0RMQYJlUUxS%2B2Q%3D&t=4d5b0474&ps=13740610&shp=30310797&shcp=ff37627b&idc=useast8"
"CHECKK MY REPOST","0","0","2026-05-09T07:05:14.000Z","pablosky_hc841","https://www.tiktok.com/@user6611908121759/video/7612233575705955597","7399424743940752389","7637784592279503632","https://p16-common-sign.tiktokcdn-us.com/tos-alisg-avt-0068/6717fe9b2efd8c6d32c20e04f6f5ad9a~tplv-tiktokx-cropcenter:100:100.jpg?dr=9640&refresh_token=d67b8987&x-expires=1778400000&x-signature=wdQb6VsftNR7bUPWaJFSF5QmV2w%3D&t=4d5b0474&ps=13740610&shp=30310797&shcp=ff37627b&idc=useast8"
"In the back of my mind","36","0","2026-03-02T09:47:21.000Z","malicezcskn","https://www.tiktok.com/@user6611908121759/video/7612233575705955597","7048319028818101254","7612592580266410759","https://p16-common-sign.tiktokcdn-us.com/tos-alisg-avt-0068/3726cc9b59f55143702f5b2bc3b01f22~tplv-tiktokx-cropcenter:100:100.jpg?dr=9640&refresh_token=6556750e&x-expires=1778400000&x-signature=XW5UngG4BxjJ1Hl29WeFbjsyeNQ%3D&t=4d5b0474&ps=13740610&shp=30310797&shcp=ff37627b&idc=useast8"
"""they gave you a whole salad on that thing"" 😭😭","32","0","2026-03-02T07:01:58.000Z","evephoria","https://www.tiktok.com/@user6611908121759/video/7612233575705955597","7609887196220343310","7612549860432134943","https://p16-common-sign.tiktokcdn-us.com/tos-useast8-avt-0068-tx2/863610c208a0e7477432760ad14ab322~tplv-tiktokx-cropcenter:100:100.jpg?dr=9640&refresh_token=5767fbe9&x-expires=1778400000&x-signature=SC1ksucumUKq5CQSKn9Qv81f%2FRM%3D&t=4d5b0474&ps=13740610&shp=30310797&shcp=ff37627b&idc=useast8"
"This is not funny for real. They might get fired for real bro.. hopefully you told them that's a joke","57","0","2026-03-02T05:24:29.000Z","qt_collector","https://www.tiktok.com/@user6611908121759/video/7612233575705955597","7175149276980331522","7612524830957716241","https://p16-common-sign.tiktokcdn-us.com/tos-alisg-avt-0068/6f248acf01f302132405523206361756~tplv-tiktokx-cropcenter:100:100.jpg?dr=9640&refresh_token=921c2fed&x-expires=1778400000&x-signature=Y26alV2Dk3tl3q4s7qaOxaVbMHE%3D&t=4d5b0474&ps=13740610&shp=30310797&shcp=ff37627b&idc=useast8"
"Wasting food bro, not cool","13","0","2026-04-30T02:32:10.000Z","mazateco_89","https://www.tiktok.com/@user6611908121759/video/7612233575705955597","6842785577180431366","7634374363580990222","https://p19-common-sign.tiktokcdn-us.com/tos-useast5-avt-0068-tx/9cb66695e8387bc6fcbdb09c9c035a02~tplv-tiktokx-cropcenter:100:100.jpg?dr=9640&refresh_token=cc2a41ba&x-expires=1778400000&x-signature=ilPjA4H4nOVTYXpDEWnefLXrfSs%3D&t=4d5b0474&ps=13740610&shp=30310797&shcp=ff37627b&idc=useast8"
"bro lost his job over a joke","452","0","2026-03-01T23:12:25.000Z","who_is_n00bi","https://www.tiktok.com/@user6611908121759/video/7612233575705955597","7455496465625842734","7612428857983730445","https://p19-common-sign.tiktokcdn-us.com/tos-useast5-avt-0068-tx/55ed54618344cf31022d22d1fcb21998~tplv-tiktokx-cropcenter:100:100.jpg?dr=9640&refresh_token=12c61728&x-expires=1778400000&x-signature=KPbfGjgIeGy9aI9f%2BRDySbSBn%2FI%3D&t=4d5b0474&ps=13740610&shp=30310797&shcp=ff37627b&idc=useast8"
"Not funny! making people get in trouble","10","0","2026-04-30T01:24:30.000Z","yvettblodgett","https://www.tiktok.com/@user6611908121759/video/7612233575705955597","7177945178535969838","7634356962687517471","https://p16-common-sign.tiktokcdn-us.com/tos-useast8-avt-0068-tx2/51fc54489d56e469263f7c2b2dc378cd~tplv-tiktokx-cropcenter:100:100.jpg?dr=9640&refresh_token=f086303d&x-expires=1778400000&x-signature=kAsAWMOohO1C%2FLidKPCFheCvoOU%3D&t=4d5b0474&ps=13740610&shp=30310797&shcp=ff37627b&idc=useast8"
"LOOK AT MY REPOSTT","0","0","2026-05-09T06:30:57.000Z","han_eunnya","https://www.tiktok.com/@user6611908121759/video/7612233575705955597","7100192268158534657","7637775752016921362","https://p16-common-sign.tiktokcdn-us.com/tos-alisg-avt-0068/a7c6aa84cd47bb13b86f4eb8f1f08e37~tplv-tiktokx-cropcenter:100:100.jpg?dr=9640&refresh_token=49b8457c&x-expires=1778400000&x-signature=fn9iKsHmMjrv9%2BBo5ldu6kQQffM%3D&t=4d5b0474&ps=13740610&shp=30310797&shcp=ff37627b&idc=useast8"
"CHECKK MY REPOST","0","0","2026-05-04T17:40:30.000Z","41.bartu","https://www.tiktok.com/@user6611908121759/video/7612233575705955597","7268979655158940678","7636092869825266449","https://p16-common-sign.tiktokcdn-us.com/tos-alisg-avt-0068/11b17a7f47833ac1c22fa56f0b43fbb2~tplv-tiktokx-cropcenter:100:100.jpg?dr=9640&refresh_token=932e7cc5&x-expires=1778400000&x-signature=C1Gfq75CJyAVN6i6RXK7rjfbtIU%3D&t=4d5b0474&ps=13740610&shp=30310797&shcp=ff37627b&idc=useast8"
"CHECKK MY REPOST","0","0","2026-05-09T06:26:35.000Z","f135gh","https://www.tiktok.com/@user6611908121759/video/7612233575705955597","7403493369727321104","7637774621446112018","https://p16-common-sign.tiktokcdn-us.com/tos-alisg-avt-0068/931ca1e7b68534be002e49b52dda5f0c~tplv-tiktokx-cropcenter:100:100.jpg?dr=9640&refresh_token=79b7bb92&x-expires=1778400000&x-signature=jt%2FsgIkjV4BnywtbJ1bNAs%2FLy8A%3D&t=4d5b0474&ps=13740610&shp=30310797&shcp=ff37627b&idc=useast8"
"CHECKK MY REPOST","0","0","2026-05-09T06:32:20.000Z","itodisoafaniriana","https://www.tiktok.com/@user6611908121759/video/7612233575705955597","7084214270532404230","7637776112429007624","https://p16-common-sign.tiktokcdn-us.com/tos-maliva-avt-0068/938c5ff4402e7456aa63bfc340997f49~tplv-tiktokx-cropcenter:100:100.jpg?dr=9640&refresh_token=e7589ca9&x-expires=1778400000&x-signature=7tgIDJiHhx5A6nN1YM8ab4jDmbo%3D&t=4d5b0474&ps=13740610&shp=30310797&shcp=ff37627b&idc=useast8"
"stop no , its funny","0","0","2026-05-08T13:48:37.000Z","corvotacavenenoo","https://www.tiktok.com/@user6611908121759/video/7612233575705955597","7396505730633909253","7637517470462870279","https://p16-common-sign.tiktokcdn-us.com/tos-alisg-avt-0068/b407a4a1f048ef2387848a60045c2de7~tplv-tiktokx-cropcenter:100:100.jpg?dr=9640&refresh_token=56a456e9&x-expires=1778400000&x-signature=t0qGFlAd%2FMw52JWHJBo2%2BWmkdBc%3D&t=4d5b0474&ps=13740610&shp=30310797&shcp=ff37627b&idc=useast8"
"SEE MY REPOSTT","0","0","2026-05-07T10:56:40.000Z","ferreiraazx5","https://www.tiktok.com/@user6611908121759/video/7612233575705955597","7548478611176014904","7637102075595522823","https://p19-common-sign.tiktokcdn-us.com/tos-alisg-avt-0068/0c5030de242f1858517a7d37df605642~tplv-tiktokx-cropcenter:100:100.jpg?dr=9640&refresh_token=42bf01ce&x-expires=1778400000&x-signature=TVzXg5yUu%2B4t3QjCZepXxUJnM30%3D&t=4d5b0474&ps=13740610&shp=30310797&shcp=ff37627b&idc=useast8"
"Not funny","20","0","2026-04-22T22:15:02.000Z","evian89909","https://www.tiktok.com/@user6611908121759/video/7612233575705955597","6910290139726283777","7631710532789388054","https://p19-common-sign.tiktokcdn-us.com/tos-maliva-avt-0068/7ff5bf0e7e7f9c1e79681443d691039e~tplv-tiktokx-cropcenter:100:100.jpg?dr=9640&refresh_token=3f48f5f8&x-expires=1778400000&x-signature=MoZQ7kdkWU5uGQ9SU4m%2Bv0eKktM%3D&t=4d5b0474&ps=13740610&shp=30310797&shcp=ff37627b&idc=useast8"
"Not funny","9","0","2026-04-30T11:49:48.000Z","taoule.lislandais","https://www.tiktok.com/@user6611908121759/video/7612233575705955597","7480303944939258913","7634518047097946902","https://p19-common-sign.tiktokcdn-us.com/tos-maliva-avt-0068/f1012f34ecf7adc4fa5d7fac80843fd6~tplv-tiktokx-cropcenter:100:100.jpg?dr=9640&refresh_token=8c3daf5d&x-expires=1778400000&x-signature=zeV2iy71bSajfm2Q9ButoMBgUG4%3D&t=4d5b0474&ps=13740610&shp=30310797&shcp=ff37627b&idc=useast8"
"Genuinely what do you gain from this other than entertainment 😭","14","0","2026-04-27T07:50:06.000Z","justlynlmao","https://www.tiktok.com/@user6611908121759/video/7612233575705955597","7519346207475909654","7633343021661274902","https://p16-common-sign.tiktokcdn-us.com/tos-maliva-avt-0068/4881ab8bec09252b1c802db252cdb337~tplv-tiktokx-cropcenter:100:100.jpg?dr=9640&refresh_token=d985e98a&x-expires=1778400000&x-signature=MN3LpK844qIJ8s7u8b1XWI%2BRZA8%3D&t=4d5b0474&ps=13740610&shp=30310797&shcp=ff37627b&idc=useast8"
"mais ça sert à quoi ? puisqu'au final c'est pas comme si il en avait + à la finn","70","2","2026-04-26T13:06:50.000Z","sy1uss","https://www.tiktok.com/@user6611908121759/video/7612233575705955597","7466404089032197142","7633053662767645462","https://p16-common-sign.tiktokcdn-us.com/tos-maliva-avt-0068/45f6c644d80772b7e031bc2de5851f22~tplv-tiktokx-cropcenter:100:100.jpg?dr=9640&refresh_token=1a4e59b2&x-expires=1778400000&x-signature=cMTgAdAilvY1LWLQObh3ssNJjtk%3D&t=4d5b0474&ps=13740610&shp=30310797&shcp=ff37627b&idc=useast8"
"Feel bad for the people that actually get fired.","63","0","2026-03-02T03:30:37.000Z","enyit5","https://www.tiktok.com/@user6611908121759/video/7612233575705955597","7026442027005543430","7612495461623104287","https://p19-common-sign.tiktokcdn-us.com/tos-useast8-avt-0068-tx2/456738238773449e3283605684542fa5~tplv-tiktokx-cropcenter:100:100.jpg?dr=9640&refresh_token=907d8f4b&x-expires=1778400000&x-signature=0ILt2JhKHmGniYv40Apms%2F88jmw%3D&t=4d5b0474&ps=13740610&shp=30310797&shcp=ff37627b&idc=useast8"
"nah i feel bad for the workers they gonna get fired 😔","976","6","2026-03-02T02:16:06.000Z","thisyogirlangelina","https://www.tiktok.com/@user6611908121759/video/7612233575705955597","7560467899682456631","7612476220064170765","https://p16-common-sign.tiktokcdn-us.com/tos-useast5-avt-0068-tx/4c0e34eb18bc6bf8e04e6dd6cf056e03~tplv-tiktokx-cropcenter:100:100.jpg?dr=9640&refresh_token=be6aa1b0&x-expires=1778400000&x-signature=A2p%2BkaZ0v7AsPwBFAQwQgqmr%2F8Q%3D&t=4d5b0474&ps=13740610&shp=30310797&shcp=ff37627b&idc=useast8"
"People at the kitchen literally :","75","0","2026-03-02T05:59:44.000Z","luanoy09","https://www.tiktok.com/@user6611908121759/video/7612233575705955597","6694991295812862977","7612533913676792577","https://p19-common-sign.tiktokcdn-us.com/tos-alisg-avt-0068/6f38921b57e037a9d8205a60c4832013~tplv-tiktokx-cropcenter:100:100.jpg?dr=9640&refresh_token=34fa11a6&x-expires=1778400000&x-signature=AXXtg%2FOlvnxtSAfc5YlLPPglcCw%3D&t=4d5b0474&ps=13740610&shp=30310797&shcp=ff37627b&idc=useast8"
"“They gave you a whole saaaalad” 😭😭😭😭","67","0","2026-03-02T03:53:58.000Z","herinblur","https://www.tiktok.com/@user6611908121759/video/7612233575705955597","7519351874928280606","7612501445884134157","https://p16-common-sign.tiktokcdn-us.com/tos-useast5-avt-0068-tx/f43bb7474bd34506b3eda201331320f3~tplv-tiktokx-cropcenter:100:100.jpg?dr=9640&refresh_token=3adbf789&x-expires=1778400000&x-signature=gEGp8hCH73gik3Aus0LXW6b3g5Q%3D&t=4d5b0474&ps=13740610&shp=30310797&shcp=ff37627b&idc=useast8"
"Yk u can seriously get people in trouble for this right..?","38","0","2026-03-02T05:10:47.000Z","mayonnaisejar7","https://www.tiktok.com/@user6611908121759/video/7612233575705955597","6835690781606347782","7612521092666835745","https://p19-common-sign.tiktokcdn-us.com/tos-useast2a-avt-0068-euttp/35a2c0a244fdcd5ecf10e5696fbe5fcb~tplv-tiktokx-cropcenter:100:100.jpg?dr=9640&refresh_token=e89babc7&x-expires=1778400000&x-signature=GQ8VL53ZL1ImTAgc8dl8p8cKgdI%3D&t=4d5b0474&ps=13740610&shp=30310797&shcp=ff37627b&idc=useast8"
"that's not cool at all. People can get fired for this","48","0","2026-03-02T05:52:24.000Z","angelaalissa1313","https://www.tiktok.com/@user6611908121759/video/7612233575705955597","6806727836546139142","7612531755837948685","https://p16-common-sign.tiktokcdn-us.com/tos-maliva-avt-0068/79c25dc8db3b02e61f07be1761fcb888~tplv-tiktokx-cropcenter:100:100.jpg?dr=9640&refresh_token=00f8c293&x-expires=1778400000&x-signature=UdTkyZLWHcyXrzmTbvEdfBMXOt8%3D&t=4d5b0474&ps=13740610&shp=30310797&shcp=ff37627b&idc=useast8"
"Bro gettin them fired","54","0","2026-03-02T02:56:49.000Z","jarrett_will","https://www.tiktok.com/@user6611908121759/video/7612233575705955597","7146214670613677102","7612486770151801630","https://p19-common-sign.tiktokcdn-us.com/tos-useast8-avt-0068-tx2/69f5cda43e1baea594c3bec7b577af7f~tplv-tiktokx-cropcenter:100:100.jpg?dr=9640&refresh_token=db04c201&x-expires=1778400000&x-signature=q4RoN4%2FTGnAEAnARlHhg%2FrKyryc%3D&t=4d5b0474&ps=13740610&shp=30310797&shcp=ff37627b&idc=useast8"
"Don’t hate the player hate the game","18","0","2026-03-02T05:03:30.000Z","dana123466","https://www.tiktok.com/@user6611908121759/video/7612233575705955597","316453520067657728","7612519172095378198","https://p19-common-sign.tiktokcdn-us.com/tos-maliva-avt-0068/9258f51977b66a5d4ba26d95c9c632f3~tplv-tiktokx-cropcenter:100:100.jpg?dr=9640&refresh_token=883d2e8d&x-expires=1778400000&x-signature=nHnTy9uUbFZVZE0fjt7voLU9rzc%3D&t=4d5b0474&ps=13740610&shp=30310797&shcp=ff37627b&idc=useast8"
"Who did this??? It’s giving it’s been happening 😂😂😂😂😂","14","1","2026-04-24T20:25:51.000Z","sa_babyx","https://www.tiktok.com/@user6611908121759/video/7612233575705955597","6811479518022583302","7632424626853053206","https://p19-common-sign.tiktokcdn-us.com/tos-useast2a-avt-0068-euttp/6fba83cb5900029c6e6e95d3b5191ce7~tplv-tiktokx-cropcenter:100:100.jpg?dr=9640&refresh_token=f364bea4&x-expires=1778400000&x-signature=B2Mks%2BPpAzsmEiUz9A9E2GPGMSw%3D&t=4d5b0474&ps=13740610&shp=30310797&shcp=ff37627b&idc=useast5"
"[Sticker] all employees after watching the video","54","1","2026-03-02T06:43:36.000Z","ana.sdxs.l","https://www.tiktok.com/@user6611908121759/video/7612233575705955597","6896660293108335621","7612545195431838484","https://p19-common-sign.tiktokcdn-us.com/tos-alisg-avt-0068/ea92c85f7b4fd2e0c5e208cad6760ed1~tplv-tiktokx-cropcenter:100:100.jpg?dr=9640&refresh_token=490679f5&x-expires=1778400000&x-signature=6aWp98BQbGuay0tCbXJ9CIOn8Xc%3D&t=4d5b0474&ps=13740610&shp=30310797&shcp=ff37627b&idc=useast5"
"The “WHO DID THIS” wiped me out 😂😂😂","8","0","2026-04-22T10:41:13.000Z","akaur12342","https://www.tiktok.com/@user6611908121759/video/7612233575705955597","6996063786521265157","7631531717929796374","https://p16-common-sign.tiktokcdn-us.com/tos-maliva-avt-0068/23f370a9b8a38438c40e779fd52fe511~tplv-tiktokx-cropcenter:100:100.jpg?dr=9640&refresh_token=b85d6dfc&x-expires=1778400000&x-signature=pjQA3mcqGIozAF%2FInrZdPPFbFhs%3D&t=4d5b0474&ps=13740610&shp=30310797&shcp=ff37627b&idc=useast5"
"[Sticker] This joke can cost a dismissal 👍🏻","9","0","2026-04-30T13:17:37.000Z","danielbittencurt0","https://www.tiktok.com/@user6611908121759/video/7612233575705955597","6904825786697909253","7634540731429241616","https://p19-common-sign.tiktokcdn-us.com/tos-alisg-avt-0068/336d200d2fcd261df1148cb16f946e22~tplv-tiktokx-cropcenter:100:100.jpg?dr=9640&refresh_token=bc31e36b&x-expires=1778400000&x-signature=pxwE1RmsPac%2Bxsuo9%2BLOFjh4SK0%3D&t=4d5b0474&ps=13740610&shp=30310797&shcp=ff37627b&idc=useast5"
"lebih shock liat ini 😭😭","29","0","2026-03-02T09:38:30.000Z","flo_ly11","https://www.tiktok.com/@user6611908121759/video/7612233575705955597","7113746193586553857","7612590309335433991","https://p16-common-sign.tiktokcdn-us.com/tos-alisg-avt-0068/c4afebfe0377befdc594e22cdd7e80b3~tplv-tiktokx-cropcenter:100:100.jpg?dr=9640&refresh_token=d456f7a6&x-expires=1778400000&x-signature=TEcOb7i%2Bmz92pjCfQ5RLpbpBPf8%3D&t=4d5b0474&ps=13740610&shp=30310797&shcp=ff37627b&idc=useast5"
"Just imagine if someone loses their job because of this.😭😭😭😭","40","0","2026-03-02T05:21:34.000Z","enedelia.johnson","https://www.tiktok.com/@user6611908121759/video/7612233575705955597","7482096746210837550","7612524037893833502","https://p16-common-sign.tiktokcdn-us.com/tos-useast8-avt-0068-tx2/1610f159a0197c3aa9adb5a800733ce0~tplv-tiktokx-cropcenter:100:100.jpg?dr=9640&refresh_token=b37a9573&x-expires=1778400000&x-signature=WV8sr5miwIcmFHEBWPd68kJKNlo%3D&t=4d5b0474&ps=13740610&shp=30310797&shcp=ff37627b&idc=useast5"
"dont play with de work of the other person.. .","145","0","2026-03-02T07:24:48.000Z","luiskyvillalba","https://www.tiktok.com/@user6611908121759/video/7612233575705955597","7201193324535120938","7612555424801915662","https://p19-common-sign.tiktokcdn-us.com/tos-useast5-avt-0068-tx/11f13c5a55a0058a4f3851759e01eef7~tplv-tiktokx-cropcenter:100:100.jpg?dr=9640&refresh_token=dfd28bcd&x-expires=1778400000&x-signature=ngYvGndkBxqam6SxFw76LCNNIKM%3D&t=4d5b0474&ps=13740610&shp=30310797&shcp=ff37627b&idc=useast5"
"The employees watching this video","95","2","2026-03-02T06:36:35.000Z","young_lion97","https://www.tiktok.com/@user6611908121759/video/7612233575705955597","6848930356709491718","7612543397177918228","https://p19-common-sign.tiktokcdn-us.com/tos-alisg-avt-0068/befb9e2aeb66886fff225c64864749ea~tplv-tiktokx-cropcenter:100:100.jpg?dr=9640&refresh_token=0367dbfa&x-expires=1778400000&x-signature=z9v0RT3ix4mU1h2LXuD%2B7id1o6c%3D&t=4d5b0474&ps=13740610&shp=30310797&shcp=ff37627b&idc=useast5"
"The workers when they see his food","47","0","2026-03-02T03:59:39.000Z","pentaincali","https://www.tiktok.com/@user6611908121759/video/7612233575705955597","7391251956377109546","7612502927958000397","https://p16-common-sign.tiktokcdn-us.com/tos-useast5-avt-0068-tx/55d48b279447f73451c6cdc849df1da9~tplv-tiktokx-cropcenter:100:100.jpg?dr=9640&refresh_token=ace644e7&x-expires=1778400000&x-signature=4ILRXk%2F6WoZYeTxxRn9UvMs7v%2BA%3D&t=4d5b0474&ps=13740610&shp=30310797&shcp=ff37627b&idc=useast5"
"If anything, it proved their great customer service","34","0","2026-03-02T05:01:04.000Z","unbox_captain","https://www.tiktok.com/@user6611908121759/video/7612233575705955597","6857138117842994182","7612518722205221662","https://p19-common-sign.tiktokcdn-us.com/tos-useast5-avt-0068-tx/125a31be82f214052bd3ae96c8502413~tplv-tiktokx-cropcenter:100:100.jpg?dr=9640&refresh_token=9f126963&x-expires=1778400000&x-signature=ER5W0oTrV0dVz1j%2FKD2W7yPDtog%3D&t=4d5b0474&ps=13740610&shp=30310797&shcp=ff37627b&idc=useast5"
"Weird way to spend your free time","13","0","2026-04-24T20:57:40.000Z","6don94","https://www.tiktok.com/@user6611908121759/video/7612233575705955597","7038666096827728901","7632432823374578454","https://p16-common-sign.tiktokcdn-us.com/tos-maliva-avt-0068/45643e25ab47eb7b804fe1c816ee1ad7~tplv-tiktokx-cropcenter:100:100.jpg?dr=9640&refresh_token=bbbe7aab&x-expires=1778400000&x-signature=TmBCyCc2bduXnGry0adoXbnfevk%3D&t=4d5b0474&ps=13740610&shp=30310797&shcp=ff37627b&idc=useast5"
"I swear people be losing their jobs over ts😭✌","49","0","2026-03-02T04:23:31.000Z","jay.al.new","https://www.tiktok.com/@user6611908121759/video/7612233575705955597","7485199969558610990","7612509100911477517","https://p16-common-sign.tiktokcdn-us.com/tos-useast5-avt-0068-tx/c531448da00b19914783646b2ffbd883~tplv-tiktokx-cropcenter:100:100.jpg?dr=9640&refresh_token=1d2d9b49&x-expires=1778400000&x-signature=GrBZij374ttVbRYbj59uqHe3P0E%3D&t=4d5b0474&ps=13740610&shp=30310797&shcp=ff37627b&idc=useast5"
"The 2nd ones reaction was so funny broo","48","1","2026-03-02T03:19:33.000Z","cecetiktokss","https://www.tiktok.com/@user6611908121759/video/7612233575705955597","7582336941266764813","7612492603468661517","https://p19-common-sign.tiktokcdn-us.com/tos-useast5-avt-0068-tx/8dd5e7ab7ce86744508223bd4b8f11f4~tplv-tiktokx-cropcenter:100:100.jpg?dr=9640&refresh_token=6fbecddd&x-expires=1778400000&x-signature=34W2dfNqDEGLl3HNF8MKUsu74Gk%3D&t=4d5b0474&ps=13740610&shp=30310797&shcp=ff37627b&idc=useast5"
"Them cooks are pissssedddd offff","75","0","2026-03-02T02:11:08.000Z","haleyherrera8","https://www.tiktok.com/@user6611908121759/video/7612233575705955597","6852276541629547525","7612474974788485918","https://p16-common-sign.tiktokcdn-us.com/tos-useast8-avt-0068-tx2/610d11eafe812fcab258b639ecba01f9~tplv-tiktokx-cropcenter:100:100.jpg?dr=9640&refresh_token=ccbe5175&x-expires=1778400000&x-signature=VvaifZQQ0pt0Ca%2BVnuWbPpQ0Ua0%3D&t=4d5b0474&ps=13740610&shp=30310797&shcp=ff37627b&idc=useast5"
"Do u think that’s funny","658","15","2026-03-02T08:03:46.000Z","pixxy679","https://www.tiktok.com/@user6611908121759/video/7612233575705955597","7608838071966254101","7612565888457655048","https://p19-common-sign.tiktokcdn-us.com/tos-alisg-avt-0068/144bd6cd87c52477044ec1f07d8c7b12~tplv-tiktokx-cropcenter:100:100.jpg?dr=9640&refresh_token=716d4871&x-expires=1778400000&x-signature=qJx%2BQL%2BpquGnNu5QYWCaq9bVuHI%3D&t=4d5b0474&ps=13740610&shp=30310797&shcp=ff37627b&idc=useast5"
"✨who Did DIIISS✨","51","0","2026-03-02T07:58:38.000Z","mahaessadk6","https://www.tiktok.com/@user6611908121759/video/7612233575705955597","7608375892776158216","7612564510185341703","https://p16-common-sign.tiktokcdn-us.com/tos-alisg-avt-0068/ee35a13a4aa427a5fd02b3336e6d5f16~tplv-tiktokx-cropcenter:100:100.jpg?dr=9640&refresh_token=83e9c315&x-expires=1778400000&x-signature=yI7Gx298S%2FJBfCqT0biCPqpzu0o%3D&t=4d5b0474&ps=13740610&shp=30310797&shcp=ff37627b&idc=useast5"
"So you the one got me fired","29","0","2026-03-02T03:44:55.000Z","astro___2k","https://www.tiktok.com/@user6611908121759/video/7612233575705955597","7195086027625628714","7612499110323520270","https://p16-common-sign.tiktokcdn-us.com/tos-useast8-avt-0068-tx2/f049b35499b336301ece9d8d7a4902cd~tplv-tiktokx-cropcenter:100:100.jpg?dr=9640&refresh_token=d8aa9ae1&x-expires=1778400000&x-signature=fIzU02%2FBFZfcwWvzkYWq%2FCz1DI0%3D&t=4d5b0474&ps=13740610&shp=30310797&shcp=ff37627b&idc=useast5"
"you Bro... not funny
respect other people
wake up","7","0","2026-04-28T12:33:34.000Z","robyespillo","https://www.tiktok.com/@user6611908121759/video/7612233575705955597","7220839453631022085","7633787214099104534","https://p16-common-sign.tiktokcdn-us.com/tos-useast2a-avt-0068-euttp/06c310962b2928b100730468f4cf4bab~tplv-tiktokx-cropcenter:100:100.jpg?dr=9640&refresh_token=4cf03713&x-expires=1778400000&x-signature=ZPG5jUBu9SYBf4D%2BSdEr1xNFtvU%3D&t=4d5b0474&ps=13740610&shp=30310797&shcp=ff37627b&idc=useast5"
"its all fun and games till they fire someone smh 🤦","53","1","2026-03-02T03:48:25.000Z","girth_brooks7","https://www.tiktok.com/@user6611908121759/video/7612233575705955597","6752501841516299270","7612500027365835551","https://p19-common-sign.tiktokcdn-us.com/tos-useast8-avt-0068-tx2/b4474ff63809d2cf0bc26fdabc796a4d~tplv-tiktokx-cropcenter:100:100.jpg?dr=9640&refresh_token=afbe5f3d&x-expires=1778400000&x-signature=s2wZf5uPdfBo0yncSXc9DymPDMI%3D&t=4d5b0474&ps=13740610&shp=30310797&shcp=ff37627b&idc=useast5"
"The reactions are priceless 🤣","25","0","2026-03-02T04:23:57.000Z","obviouslyboredd","https://www.tiktok.com/@user6611908121759/video/7612233575705955597","7070900291650765830","7612509240405590791","https://p16-common-sign.tiktokcdn-us.com/tos-alisg-avt-0068/5f3c75bb6dc928eb7a92843f6dac7c68~tplv-tiktokx-cropcenter:100:100.jpg?dr=9640&refresh_token=da146d21&x-expires=1778400000&x-signature=p%2FnaHwwAAr3Ih90l35wDnl%2FKBJ8%3D&t=4d5b0474&ps=13740610&shp=30310797&shcp=ff37627b&idc=useast5"
"this is incredibly hilarious and whoever says otherwise is wrong","11","0","2026-04-26T21:38:53.000Z","emmet_92","https://www.tiktok.com/@user6611908121759/video/7612233575705955597","6760062739948897286","7633185566533092118","https://p19-common-sign.tiktokcdn-us.com/tos-maliva-avt-0068/7332159628670205957~tplv-tiktokx-cropcenter:100:100.jpg?dr=9640&refresh_token=3660fab3&x-expires=1778400000&x-signature=qaGVwm8rJNJ9qVx%2BX8FJ0KQH0EI%3D&t=4d5b0474&ps=13740610&shp=30310797&shcp=ff37627b&idc=useast5"
"[Sticker] The workers watching this","58","1","2026-03-02T01:23:24.000Z","kay567446","https://www.tiktok.com/@user6611908121759/video/7612233575705955597","7566781692606759949","7612462670784529166","https://p19-common-sign.tiktokcdn-us.com/tos-useast5-avt-0068-tx/4de796153f03c922b54af5fb02e5509e~tplv-tiktokx-cropcenter:100:100.jpg?dr=9640&refresh_token=5ba8de04&x-expires=1778400000&x-signature=7VURNN%2BzEz8F4eAFEaRmmGQGVIA%3D&t=4d5b0474&ps=13740610&shp=30310797&shcp=ff37627b&idc=useast5"
"bro getting everyone fired lol","44","0","2026-03-02T03:09:35.000Z","rigo.duarte","https://www.tiktok.com/@user6611908121759/video/7612233575705955597","7266636394427696171","7612489936991044365","https://p19-common-sign.tiktokcdn-us.com/tos-useast5-avt-0068-tx/7266636761726451758~tplv-tiktokx-cropcenter:100:100.jpg?dr=9640&refresh_token=55bfb23f&x-expires=1778400000&x-signature=0%2Fbhbb43GcRmPdRQgrKe6ZgINBM%3D&t=4d5b0474&ps=13740610&shp=30310797&shcp=ff37627b&idc=useast5"
"Getting worker in trouble no funny at all","10","0","2026-04-23T21:44:10.000Z","eltibu1206","https://www.tiktok.com/@user6611908121759/video/7612233575705955597","6647712868635279366","7632073608081146655","https://p19-common-sign.tiktokcdn-us.com/tos-useast5-avt-0068-tx/b863a12eb0c61c0f845a74ebd07fb302~tplv-tiktokx-cropcenter:100:100.jpg?dr=9640&refresh_token=325ca822&x-expires=1778400000&x-signature=I%2BiYNXb2np6YgMI%2FRnkIKcCKS14%3D&t=4d5b0474&ps=13740610&shp=30310797&shcp=ff37627b&idc=useast5"
"Awww people could lose their job over this 😩😩","41","0","2026-03-02T03:17:57.000Z","t.m0rr0ww","https://www.tiktok.com/@user6611908121759/video/7612233575705955597","6713259860207158278","7612492210956927775","https://p16-common-sign.tiktokcdn-us.com/tos-useast8-avt-0068-tx2/60aa738d90ed940ada23b9ee47c76e19~tplv-tiktokx-cropcenter:100:100.jpg?dr=9640&refresh_token=239f7612&x-expires=1778400000&x-signature=saDVfJA%2FpArz6X9CcnER0H5eLEg%3D&t=4d5b0474&ps=13740610&shp=30310797&shcp=ff37627b&idc=useast5"
"“ they gave you like a whole salad 🥗 “ 😂","19","0","2026-03-02T03:22:28.000Z","ericjimmyfr","https://www.tiktok.com/@user6611908121759/video/7612233575705955597","6805214616399234053","7612493312327353119","https://p19-common-sign.tiktokcdn-us.com/tos-useast5-avt-0068-tx/7310717553675157550~tplv-tiktokx-cropcenter:100:100.jpg?dr=9640&refresh_token=9cb38179&x-expires=1778400000&x-signature=XT%2FH2gkb7poeRWXy5EQwVg8qV5g%3D&t=4d5b0474&ps=13740610&shp=30310797&shcp=ff37627b&idc=useast5"
"it’s all fun and games but getting someone fired is to far you don’t know their situation","62","4","2026-03-02T06:15:07.000Z","ariana.cantaro","https://www.tiktok.com/@user6611908121759/video/7612233575705955597","7586065218720105490","7612537888135496455","https://p16-common-sign.tiktokcdn-us.com/tos-alisg-avt-0068/db893d565439beaa44e2f0e0e40f3a00~tplv-tiktokx-cropcenter:100:100.jpg?dr=9640&refresh_token=47718d47&x-expires=1778400000&x-signature=8kgemMYkPJMlMzWNrpllHgvCjL8%3D&t=4d5b0474&ps=13740610&shp=30310797&shcp=ff37627b&idc=useast5"
"Haha getting people fired","24","0","2026-03-02T03:59:43.000Z","corncob8621","https://www.tiktok.com/@user6611908121759/video/7612233575705955597","7088805918867244037","7612502986874946312","https://p16-common-sign.tiktokcdn-us.com/tos-maliva-avt-0068/7090059298981543942~tplv-tiktokx-cropcenter:100:100.jpg?dr=9640&refresh_token=1e0be97e&x-expires=1778400000&x-signature=YAH%2F%2ByuA0UOd5ZqvJlATRcsZ0Lw%3D&t=4d5b0474&ps=13740610&shp=30310797&shcp=ff37627b&idc=useast5"
"parah mereka lagi kerja, kalau sampai di pecat gimana","285","6","2026-03-02T08:36:03.000Z","reggieo_o","https://www.tiktok.com/@user6611908121759/video/7612233575705955597","6980534854703252482","7612574189023167252","https://p19-common-sign.tiktokcdn-us.com/tos-alisg-avt-0068/f1a6b7db215de2c34f35acc70898807d~tplv-tiktokx-cropcenter:100:100.jpg?dr=9640&refresh_token=65246f72&x-expires=1778400000&x-signature=mUvBdBvsH%2BbIbEsBng4SY9WztHM%3D&t=4d5b0474&ps=13740610&shp=30310797&shcp=ff37627b&idc=useast5"
"Mit Essen spielt man nicht, aber ein bisschen war es lustig 🙈","19","0","2026-04-24T19:20:42.000Z","adyfee","https://www.tiktok.com/@user6611908121759/video/7612233575705955597","78610738835038208","7632407837943694113","https://p16-common-sign.tiktokcdn-us.com/tos-maliva-avt-0068/743c1a7ce16aec0b387e12673bce9a61~tplv-tiktokx-cropcenter:100:100.jpg?dr=9640&refresh_token=6fcc5016&x-expires=1778400000&x-signature=lJqYf7HRpARCYwlC1riCFQu1Qcw%3D&t=4d5b0474&ps=13740610&shp=30310797&shcp=ff37627b&idc=useast5"
"you know someone can lose their job right?","676","6","2026-03-02T09:29:24.000Z","travelvlog254","https://www.tiktok.com/@user6611908121759/video/7612233575705955597","7008552591769912322","7612587945170141972","https://p19-common-sign.tiktokcdn-us.com/tos-maliva-avt-0068/74d258b1e205c58c3870c0312036f238~tplv-tiktokx-cropcenter:100:100.jpg?dr=9640&refresh_token=3e02f6b4&x-expires=1778400000&x-signature=BhK3cwruDWd4G2uVkAVzvH7xMS8%3D&t=4d5b0474&ps=13740610&shp=30310797&shcp=ff37627b&idc=useast5"
"Not funny at all🤦‍♀️🤦‍♀️","12","0","2026-04-25T21:53:44.000Z","saveamilo","https://www.tiktok.com/@user6611908121759/video/7612233575705955597","7118978161425302571","7632818289265492766","https://p16-common-sign.tiktokcdn-us.com/tos-useast5-avt-0068-tx/7352562978899623979~tplv-tiktokx-cropcenter:100:100.jpg?dr=9640&refresh_token=c1a215a8&x-expires=1778400000&x-signature=OGWAaFBsFdA0mTrQIMRO90l5VhY%3D&t=4d5b0474&ps=13740610&shp=30310797&shcp=ff37627b&idc=useast5"
"Has anyone noticed that he’s basically wasting food","57","2","2026-03-02T05:20:03.000Z","_.brittttttttt._","https://www.tiktok.com/@user6611908121759/video/7612233575705955597","7401563750232835077","7612523677125935873","https://p16-common-sign.tiktokcdn-us.com/tos-alisg-avt-0068/ae99cbbcc8dc5279f028f1e6c71d76bd~tplv-tiktokx-cropcenter:100:100.jpg?dr=9640&refresh_token=1738e8fd&x-expires=1778400000&x-signature=kEa9BdMrvyaeQmv7ac7iVtOmFdw%3D&t=4d5b0474&ps=13740610&shp=30310797&shcp=ff37627b&idc=useast5"
"man leave them alone","64","1","2026-03-02T00:37:28.000Z","josephlee3463","https://www.tiktok.com/@user6611908121759/video/7612233575705955597","7208169734516786222","7612450856256226061","https://p16-common-sign.tiktokcdn-us.com/tos-useast5-avt-0068-tx/7208170679869374510~tplv-tiktokx-cropcenter:100:100.jpg?dr=9640&refresh_token=499712f7&x-expires=1778400000&x-signature=7QPr2G0p%2BgMBT%2Fxq4ObqMSnyZS8%3D&t=4d5b0474&ps=13740610&shp=30310797&shcp=ff37627b&idc=useast5"
"[Sticker] You cause their alarm going off the manager face of that McDonald be like","19","0","2026-03-02T03:39:31.000Z","shadowstatic23","https://www.tiktok.com/@user6611908121759/video/7612233575705955597","7444699867419378734","7612497767520584462","https://p19-common-sign.tiktokcdn-us.com/tos-useast5-avt-0068-tx/eec3842348279119ab28ac08a09bd44d~tplv-tiktokx-cropcenter:100:100.jpg?dr=9640&refresh_token=633ee246&x-expires=1778400000&x-signature=vyBqLLQ3vdH%2FqwlfZ63iFR3y0UY%3D&t=4d5b0474&ps=13740610&shp=30310797&shcp=ff37627b&idc=useast5"
"Extra cheese lowk happened to me once","31","0","2026-03-02T05:33:53.000Z","aishapoo","https://www.tiktok.com/@user6611908121759/video/7612233575705955597","7018426506813506566","7612527263493882632","https://p16-common-sign.tiktokcdn-us.com/tos-alisg-avt-0068/2e8cd65bd1b6ec5ac776b24f89f53337~tplv-tiktokx-cropcenter:100:100.jpg?dr=9640&refresh_token=cb37e511&x-expires=1778400000&x-signature=IpiF0FJ6AA%2FSDyOfjZC3rFtpT%2Bc%3D&t=4d5b0474&ps=13740610&shp=30310797&shcp=ff37627b&idc=useast5"
"getting people fired..","35","0","2026-03-02T01:35:36.000Z","iconicford88","https://www.tiktok.com/@user6611908121759/video/7612233575705955597","6739120916301546501","7612465811512984350","https://p19-common-sign.tiktokcdn-us.com/tos-useast8-avt-0068-tx2/2c3dc953d12eaee897856bbb4ad7acc4~tplv-tiktokx-cropcenter:100:100.jpg?dr=9640&refresh_token=fec30217&x-expires=1778400000&x-signature=rszMQvvxr2tXv4NQcybD6g4ITkg%3D&t=4d5b0474&ps=13740610&shp=30310797&shcp=ff37627b&idc=useast5"
"Not funny! You’re going to get someone fired 😂","10","0","2026-04-29T04:39:55.000Z","homiesmedia","https://www.tiktok.com/@user6611908121759/video/7612233575705955597","7134223105883014186","7634036033873117982","https://p16-common-sign.tiktokcdn-us.com/tos-useast8-avt-0068-tx2/950ab44cc2bb5b5e18f0b7e5237ce053~tplv-tiktokx-cropcenter:100:100.jpg?dr=9640&refresh_token=be5a74c5&x-expires=1778400000&x-signature=CkizEDvvc0uWV%2BU9YXwGl9ZBlIw%3D&t=4d5b0474&ps=13740610&shp=30310797&shcp=ff37627b&idc=useast5"
"“Gave you a whole salaaad” 😭😭","23","0","2026-03-02T03:46:19.000Z","angelicpresencee_","https://www.tiktok.com/@user6611908121759/video/7612233575705955597","7320003506278204458","7612499484337144590","https://p16-common-sign.tiktokcdn-us.com/tos-useast5-avt-0068-tx/183e3af19d0717fa0b11fa65bb8a90b8~tplv-tiktokx-cropcenter:100:100.jpg?dr=9640&refresh_token=cee8326b&x-expires=1778400000&x-signature=MZiEdeypAe8YF0zTahbnVvlUZUM%3D&t=4d5b0474&ps=13740610&shp=30310797&shcp=ff37627b&idc=useast5"
"[Sticker] Pov: her seeing the mayo","25","0","2026-03-02T04:52:10.000Z","thaboyking1","https://www.tiktok.com/@user6611908121759/video/7612233575705955597","7339893314311816235","7612516448506626830","https://p19-common-sign.tiktokcdn-us.com/tos-useast5-avt-0068-tx/e23f028d5c88b14921c696f6692a1a5c~tplv-tiktokx-cropcenter:100:100.jpg?dr=9640&refresh_token=38f1da12&x-expires=1778400000&x-signature=kNmZsTV1%2FLbI3s5fpK0HNcYNKMI%3D&t=4d5b0474&ps=13740610&shp=30310797&shcp=ff37627b&idc=useast5"
"not funny, that's a serious consequence for those who work at fast food restaurants with strict management","53","1","2026-03-02T08:06:49.000Z","nathaniellalusin","https://www.tiktok.com/@user6611908121759/video/7612233575705955597","7270520220270724101","7612566652479587090","https://p16-common-sign.tiktokcdn-us.com/tos-maliva-avt-0068/7270520702942314502~tplv-tiktokx-cropcenter:100:100.jpg?dr=9640&refresh_token=76c7de69&x-expires=1778400000&x-signature=%2Bp2Ld6wxtfk3vt85orBFzcma4JU%3D&t=4d5b0474&ps=13740610&shp=30310797&shcp=ff37627b&idc=useast5"
"[Sticker] The workers getting blamed for this 😭","22","0","2026-03-02T02:56:25.000Z","jte_totuff","https://www.tiktok.com/@user6611908121759/video/7612233575705955597","7547140360867988535","7612486587951825678","https://p16-common-sign.tiktokcdn-us.com/tos-useast5-avt-0068-tx/cbe8c8f7b5d07b02af0db2a4e7faa756~tplv-tiktokx-cropcenter:100:100.jpg?dr=9640&refresh_token=9570d832&x-expires=1778400000&x-signature=kjGtmolV%2Bimt03HME%2FP0iqtredE%3D&t=4d5b0474&ps=13740610&shp=30310797&shcp=ff37627b&idc=useast5"
"just getting employees in trouble for no reason... 😔😔😔","31","1","2026-03-02T02:20:38.000Z","jordstreamgaming","https://www.tiktok.com/@user6611908121759/video/7612233575705955597","7418725150646305834","7612477364023116558","https://p16-common-sign.tiktokcdn.com/tos-maliva-avt-0068/874b3e1b13eb75c162defce3a4c6b477~tplv-tiktokx-cropcenter:100:100.jpg?dr=14579&refresh_token=d668cb88&x-expires=1778400000&x-signature=x%2Fo2IZ01TRfdO37UompaKMRnKLs%3D&t=4d5b0474&ps=13740610&shp=30310797&shcp=ff37627b&idc=my"
"Free food glitch, has this been patched yet🙏","6","2","2026-03-01T23:34:11.000Z","j6hn_moreno","https://www.tiktok.com/@user6611908121759/video/7612233575705955597","6747318792181138437","7612434535217660703","https://p16-common-sign.tiktokcdn.com/tos-maliva-avt-0068/3d034ac8644d113f19930463553586c1~tplv-tiktokx-cropcenter:100:100.jpg?dr=14579&refresh_token=cf04ddc4&x-expires=1778400000&x-signature=jso8FdHo6ukjvsoEfEK1a2tkT1E%3D&t=4d5b0474&ps=13740610&shp=30310797&shcp=ff37627b&idc=my"
"What if someone gets fired💔💔💔","6","2","2026-03-02T09:08:20.000Z","aquariushunyandy","https://www.tiktok.com/@user6611908121759/video/7612233575705955597","7246058072199676933","7612582515224216328","https://p16-common-sign.tiktokcdn.com/tos-alisg-avt-0068/f0bc6e0f3e5ba9cf955f9833e1ae1d5d~tplv-tiktokx-cropcenter:100:100.jpg?dr=14579&refresh_token=22c938b3&x-expires=1778400000&x-signature=UP8r7iYJPKmYGB8lZYdxZ80x51s%3D&t=4d5b0474&ps=13740610&shp=30310797&shcp=ff37627b&idc=my"
"The acting was on point 💯","39","1","2026-03-01T16:35:13.000Z","sleepem_","https://www.tiktok.com/@user6611908121759/video/7612233575705955597","6838218491607417861","7612326539547755295","https://p16-common-sign.tiktokcdn.com/tos-maliva-avt-0068/0db172cf1baa65717eda437b1ceb4407~tplv-tiktokx-cropcenter:100:100.jpg?dr=14579&refresh_token=d2f02530&x-expires=1778400000&x-signature=YANymQXsreZvJO2XM600U0L2zLo%3D&t=4d5b0474&ps=13740610&shp=30310797&shcp=ff37627b&idc=my"
"Nice use of ur time","24","1","2026-03-02T03:29:30.000Z","kev_theagent","https://www.tiktok.com/@user6611908121759/video/7612233575705955597","6732600316937815046","7612495190481519374","https://p16-common-sign.tiktokcdn.com/tos-maliva-avt-0068/7330363683363094533~tplv-tiktokx-cropcenter:100:100.jpg?dr=14579&refresh_token=84c79cb7&x-expires=1778400000&x-signature=VHRekfANcXewG9PaLO%2BJe2ap59Q%3D&t=4d5b0474&ps=13740610&shp=30310797&shcp=ff37627b&idc=my"
"Game up and do that to executives. Leave these working class people alone. Trynna get these good people fired.","24","1","2026-03-02T05:06:32.000Z","moelicious420","https://www.tiktok.com/@user6611908121759/video/7612233575705955597","7557508071452115982","7612520075832640270","https://p16-common-sign.tiktokcdn.com/tos-maliva-avt-0068/cc1b2619a145ba5c705a674bb55bc0cb~tplv-tiktokx-cropcenter:100:100.jpg?dr=14579&refresh_token=dd62d751&x-expires=1778400000&x-signature=UgK2x37WV2Kaih22OHVp2A7JhSY%3D&t=4d5b0474&ps=13740610&shp=30310797&shcp=ff37627b&idc=my"
"i would burst out laughing bru i couldn’t do ts","33","1","2026-03-02T03:42:48.000Z","owenduty","https://www.tiktok.com/@user6611908121759/video/7612233575705955597","7364158332791374879","7612498597535974174","https://p16-common-sign.tiktokcdn.com/tos-maliva-avt-0068/b3c5cf115247d607948a869f5cdbdd85~tplv-tiktokx-cropcenter:100:100.jpg?dr=14579&refresh_token=b73ce896&x-expires=1778400000&x-signature=ypq7xZbwlP1s%2FhyqRpOSUIGtRxQ%3D&t=4d5b0474&ps=13740610&shp=30310797&shcp=ff37627b&idc=my"
"Someone said “What are you getting out of this exactly?” Money from TimTok","14","1","2026-03-02T03:23:22.000Z","owen.arsenal","https://www.tiktok.com/@user6611908121759/video/7612233575705955597","7443283284392772651","7612493554514117389","https://p16-common-sign.tiktokcdn.com/tos-maliva-avt-0068/bb920ee07c97326e7eb7f24fafb36f89~tplv-tiktokx-cropcenter:100:100.jpg?dr=14579&refresh_token=95ef6054&x-expires=1778400000&x-signature=3nXrIuWGeZWvxZzOkcmWWEVU9ZI%3D&t=4d5b0474&ps=13740610&shp=30310797&shcp=ff37627b&idc=my"
"Who dih this","14","1","2026-03-02T06:50:15.000Z","deliahthecreator","https://www.tiktok.com/@user6611908121759/video/7612233575705955597","7524596216472421390","7612546599882277646","https://p16-common-sign.tiktokcdn.com/tos-maliva-avt-0068/78b610e2e92bd152772be2c70dd5a455~tplv-tiktokx-cropcenter:100:100.jpg?dr=14579&refresh_token=86f6524d&x-expires=1778400000&x-signature=5h9WjW8LiCRLGK4Zwwq7klwAiwk%3D&t=4d5b0474&ps=13740610&shp=30310797&shcp=ff37627b&idc=my"
"I only have the attention of how many people have gotten into trouble because of that joke that","22","1","2026-03-02T06:47:58.000Z","edwinvarel118","https://www.tiktok.com/@user6611908121759/video/7612233575705955597","7114138103438705706","7612546224557802253","https://p16-common-sign.tiktokcdn.com/tos-maliva-avt-0068/42c6c789d42bccca39f8fd5f57affcc6~tplv-tiktokx-cropcenter:100:100.jpg?dr=14579&refresh_token=90da319f&x-expires=1778400000&x-signature=9exEr9Wzj3lBcY0%2F%2FmyXUt%2FTTcc%3D&t=4d5b0474&ps=13740610&shp=30310797&shcp=ff37627b&idc=my"
"😂😂😂😂 omg!!!! this is tooooo much!!! im dying","10","1","2026-03-02T00:29:42.000Z","mclovin911","https://www.tiktok.com/@user6611908121759/video/7612233575705955597","6799466810128811013","7612448769884734239","https://p16-common-sign.tiktokcdn.com/tos-maliva-avt-0068/d09fbe43dd31c1f5cd35c4a536f2a4d4~tplv-tiktokx-cropcenter:100:100.jpg?dr=14579&refresh_token=417ee1db&x-expires=1778400000&x-signature=w7zrwiaPFbdW6u9d%2BZJ1OPxgqS8%3D&t=4d5b0474&ps=13740610&shp=30310797&shcp=ff37627b&idc=my"
"u think its funny","0","0","2026-05-08T10:37:28.000Z","shinji_nagatoo","https://www.tiktok.com/@user6611908121759/video/7612233575705955597","6881726885711627266","7637468203153638152","https://p16-common-sign.tiktokcdn.com/tos-alisg-avt-0068/2c1cae83ace33ccb932281650e3f9774~tplv-tiktokx-cropcenter:100:100.jpg?dr=14579&refresh_token=9fc962f4&x-expires=1778400000&x-signature=6YUXdWpW3AG%2BPz1Qb0%2FXnQxIBKo%3D&t=4d5b0474&ps=13740610&shp=30310797&shcp=ff37627b&idc=my"
"LOOK AT MY REPOSTT","0","0","2026-05-08T05:52:34.000Z","silenthabsyi","https://www.tiktok.com/@user6611908121759/video/7612233575705955597","6884839043811034113","7637394799032533767","https://p16-common-sign.tiktokcdn.com/tos-alisg-avt-0068/3ae43d02635d32c36f55ba63f99fe8a1~tplv-tiktokx-cropcenter:100:100.jpg?dr=14579&refresh_token=214801b9&x-expires=1778400000&x-signature=cG4pZrow614kkS5TLcGgL1T0mP4%3D&t=4d5b0474&ps=13740610&shp=30310797&shcp=ff37627b&idc=my"
"CHECKK MY REPOST","0","0","2026-05-08T13:31:47.000Z","pedrokra803","https://www.tiktok.com/@user6611908121759/video/7612233575705955597","7412406484397310982","7637513085474358037","https://p16-common-sign.tiktokcdn.com/tos-alisg-avt-0068/b79968938318090e4bdac60b73918df8~tplv-tiktokx-cropcenter:100:100.jpg?dr=14579&refresh_token=fab11563&x-expires=1778400000&x-signature=1pVDrJX8FYDNV3RQAxrnTlsMNhE%3D&t=4d5b0474&ps=13740610&shp=30310797&shcp=ff37627b&idc=my"
"CHECKK MY REPOST","0","0","2026-05-09T07:57:18.000Z","lucaspeaven","https://www.tiktok.com/@user6611908121759/video/7612233575705955597","7126526617350996998","7637798021388239624","https://p16-common-sign.tiktokcdn.com/tos-alisg-avt-0068/94841fc25f336722deaeb93aabd50241~tplv-tiktokx-cropcenter:100:100.jpg?dr=14579&refresh_token=fab40d1a&x-expires=1778400000&x-signature=rk8YKyw9J58D0GDztVG7sqmQTNE%3D&t=4d5b0474&ps=13740610&shp=30310797&shcp=ff37627b&idc=my"
"Probably still fire 🔥😂😂","0","0","2026-05-07T23:35:44.000Z","officialmayavelez","https://www.tiktok.com/@user6611908121759/video/7612233575705955597","7260897048466441262","7637297575155467039","https://p19-common-sign.tiktokcdn.com/tos-maliva-avt-0068/9fef8bcd79a0b8446f7f16887ecc09aa~tplv-tiktokx-cropcenter:100:100.jpg?dr=14579&refresh_token=ce00bdc5&x-expires=1778400000&x-signature=Bz112BEwK39lgnkGSr%2FPlzfrxwA%3D&t=4d5b0474&ps=13740610&shp=30310797&shcp=ff37627b&idc=my"
"CHECK, MY REPOST","0","0","2026-05-08T20:15:01.000Z","sabrina.taline","https://www.tiktok.com/@user6611908121759/video/7612233575705955597","7537132654035452949","7637617015972889352","https://p16-common-sign.tiktokcdn.com/tos-alisg-avt-0068/d0ec30a2c2f85f9ee23e7fabd73f515d~tplv-tiktokx-cropcenter:100:100.jpg?dr=14579&refresh_token=78e80445&x-expires=1778400000&x-signature=6gcG%2B4%2FVSvxi129C2lv73COZ7lM%3D&t=4d5b0474&ps=13740610&shp=30310797&shcp=ff37627b&idc=my"
"They give u like a whole salad on that thing🤣🤣","47","0","2026-03-02T06:34:01.000Z","asaman147","https://www.tiktok.com/@user6611908121759/video/7612233575705955597","7392267416397693958","7612542757295211281","https://p16-common-sign.tiktokcdn-us.com/tos-alisg-avt-0068/7b4b79edd49ccbdc728ceffa97a232d1~tplv-tiktokx-cropcenter:100:100.jpg?dr=9640&refresh_token=b1773d54&x-expires=1778400000&x-signature=vq8FwduIuA20NYPnJO4E1jXRnQ4%3D&t=4d5b0474&ps=13740610&shp=30310797&shcp=ff37627b&idc=useast5"
"“Who did this?”
Customer with Meta glasses on..","33","0","2026-03-02T06:01:40.000Z","beardedfinesse","https://www.tiktok.com/@user6611908121759/video/7612233575705955597","6873519766833923077","7612534319487238925","https://p19-common-sign.tiktokcdn-us.com/tos-maliva-avt-0068/4afa6b7676b3d4516c622e8312aef103~tplv-tiktokx-cropcenter:100:100.jpg?dr=9640&refresh_token=6fdad6d1&x-expires=1778400000&x-signature=1ICx1kft9b64DPbgAl4aowgNepo%3D&t=4d5b0474&ps=13740610&shp=30310797&shcp=ff37627b&idc=useast5"
"Ohh she knows you 😂🤣🤣","25","0","2026-03-02T03:36:02.000Z","cristhel_pr","https://www.tiktok.com/@user6611908121759/video/7612233575705955597","7394168682902979627","7612496849555014414","https://p16-common-sign.tiktokcdn-us.com/tos-useast5-avt-0068-tx/68aca65eeb32b73fa6ea204bfbeba97e~tplv-tiktokx-cropcenter:100:100.jpg?dr=9640&refresh_token=7fef3b4b&x-expires=1778400000&x-signature=LQ%2BdJrz405OpzcMNFynxOXEkUpo%3D&t=4d5b0474&ps=13740610&shp=30310797&shcp=ff37627b&idc=useast5"
"I really hope you said it was a prank and paid for it😭💀","26","0","2026-03-02T03:50:47.000Z","user287108109","https://www.tiktok.com/@user6611908121759/video/7612233575705955597","7496000126072456238","7612500653801603870","https://p16-common-sign.tiktokcdn-us.com/tos-useast8-avt-0068-tx2/0b5cb7cdd3821256c252267573acdea6~tplv-tiktokx-cropcenter:100:100.jpg?dr=9640&refresh_token=3532735d&x-expires=1778400000&x-signature=ZEUHoUkakDRGhBLM8rfhkIlyZcg%3D&t=4d5b0474&ps=13740610&shp=30310797&shcp=ff37627b&idc=useast5"
"This could lose someone their job.","24","0","2026-03-02T07:59:43.000Z","noticeboard11","https://www.tiktok.com/@user6611908121759/video/7612233575705955597","6940129956551771142","7612564763185201942","https://p19-common-sign.tiktokcdn-us.com/tos-maliva-avt-0068/5e3f546e1823e44f9ec1e5c34f2a4cbd~tplv-tiktokx-cropcenter:100:100.jpg?dr=9640&refresh_token=7f2db4d3&x-expires=1778400000&x-signature=rbmTC7jHLidgf8KVJ6F84rKmFAY%3D&t=4d5b0474&ps=13740610&shp=30310797&shcp=ff37627b&idc=useast5"
"[Sticker] Bru makes life difficult for people who are already disgruntled with their jobs.🤣🥀","18","0","2026-03-02T05:03:48.000Z","azcgv1936","https://www.tiktok.com/@user6611908121759/video/7612233575705955597","7239570837291205638","7612519505717117717","https://p16-common-sign.tiktokcdn-us.com/tos-alisg-avt-0068/d9db1e101aac910643fe7a0287305594~tplv-tiktokx-cropcenter:100:100.jpg?dr=9640&refresh_token=398c3c2b&x-expires=1778400000&x-signature=qV2HPA40NZ9H9q7VIcYZnVrSR28%3D&t=4d5b0474&ps=13740610&shp=30310797&shcp=ff37627b&idc=useast5"
"Ppl playing at ppl jobs. Someone gets in trouble. 🤦‍♀️","18","0","2026-03-02T01:41:11.000Z","hotfoodienyc","https://www.tiktok.com/@user6611908121759/video/7612233575705955597","7154813900818990126","7612467222221783821","https://p19-common-sign.tiktokcdn-us.com/tos-useast5-avt-0068-tx/09b69c9116a26b67e26f1ebcacc85e10~tplv-tiktokx-cropcenter:100:100.jpg?dr=9640&refresh_token=b0276d3f&x-expires=1778400000&x-signature=GpuT3jNwsyKInht%2B2OBE5dmjqmU%3D&t=4d5b0474&ps=13740610&shp=30310797&shcp=ff37627b&idc=useast5"
"idk why this so funny to me","25","0","2026-03-02T03:42:09.000Z","addison___lynn","https://www.tiktok.com/@user6611908121759/video/7612233575705955597","7526393166808695821","7612498458620248862","https://p19-common-sign.tiktokcdn-us.com/tos-useast8-avt-0068-tx2/221bad9f73fa6a89bdd9307c6491193a~tplv-tiktokx-cropcenter:100:100.jpg?dr=9640&refresh_token=fc352635&x-expires=1778400000&x-signature=pnNoZ0r4cKzoRl19srPabjteMmA%3D&t=4d5b0474&ps=13740610&shp=30310797&shcp=ff37627b&idc=useast5"
"I love how gullible everyone is like huh! 😭🤣","27","0","2026-03-02T03:07:14.000Z","shaymendoza8","https://www.tiktok.com/@user6611908121759/video/7612233575705955597","6790671524195058694","7612489432419451661","https://p19-common-sign.tiktokcdn-us.com/tos-useast5-avt-0068-tx/8ac62a7f60eab8d2a562ae4c3ce68657~tplv-tiktokx-cropcenter:100:100.jpg?dr=9640&refresh_token=8389ada4&x-expires=1778400000&x-signature=JlZVeT%2BC3%2Bj3K%2Bolxbt9A0PPc14%3D&t=4d5b0474&ps=13740610&shp=30310797&shcp=ff37627b&idc=useast5"
"Is funny but let them know you are kidding because someone can be fired","10","0","2026-04-24T18:34:57.000Z","gonzalezrolando23","https://www.tiktok.com/@user6611908121759/video/7612233575705955597","7122602860441011205","7632395923855508255","https://p19-common-sign.tiktokcdn-us.com/tos-useast8-avt-0068-tx2/1f04ae85851da28ababa51cf53a33406~tplv-tiktokx-cropcenter:100:100.jpg?dr=9640&refresh_token=75060956&x-expires=1778400000&x-signature=bd0eAnKbGTN5DbVAfaQZR3%2BcBOY%3D&t=4d5b0474&ps=13740610&shp=30310797&shcp=ff37627b&idc=useast5"
"I cannot wait for the day one of them finds this 😭✌️","27","0","2026-03-02T05:04:40.000Z","silent.shoya1","https://www.tiktok.com/@user6611908121759/video/7612233575705955597","7589153938834719758","7612519664543204127","https://p16-common-sign.tiktokcdn-us.com/tos-useast8-avt-0068-tx2/300b02c63092ded017464ae1bdcb65d7~tplv-tiktokx-cropcenter:100:100.jpg?dr=9640&refresh_token=624d20ce&x-expires=1778400000&x-signature=AeJArQigRJjOKf7bcizREWnIqWc%3D&t=4d5b0474&ps=13740610&shp=30310797&shcp=ff37627b&idc=useast5"
"[Sticker] This is why they no longer believe us when they actually get the order wrong","14","0","2026-03-02T02:18:59.000Z","diaanaloovee","https://www.tiktok.com/@user6611908121759/video/7612233575705955597","6780894076667053062","7612476971934597902","https://p16-common-sign.tiktokcdn-us.com/tos-useast5-avt-0068-tx/3add7e775aafd7c15f5a2aced6aa18ba~tplv-tiktokx-cropcenter:100:100.jpg?dr=9640&refresh_token=9d5dc0b1&x-expires=1778400000&x-signature=QBY1iEUtYX2nQSaweGNNFRybY4s%3D&t=4d5b0474&ps=13740610&shp=30310797&shcp=ff37627b&idc=useast5"
"How to create jobs in a bad market","6","0","2026-04-22T01:32:30.000Z","hasseahro1337","https://www.tiktok.com/@user6611908121759/video/7612233575705955597","7201847406160937990","7631389746531877654","https://p19-common-sign.tiktokcdn-us.com/tos-maliva-avt-0068/fe1e4a245818af11727fc856f9749369~tplv-tiktokx-cropcenter:100:100.jpg?dr=9640&refresh_token=054dba62&x-expires=1778400000&x-signature=OW178iT7IYqB2urK%2B54wMNxSmyU%3D&t=4d5b0474&ps=13740610&shp=30310797&shcp=ff37627b&idc=useast5"
"ppl wasting money doing this","6","0","2026-04-26T14:59:52.000Z","life_with_naty","https://www.tiktok.com/@user6611908121759/video/7612233575705955597","6759980946772837382","7633082707518178062","https://p16-common-sign.tiktokcdn-us.com/tos-useast5-avt-0068-tx/7325628343884185642~tplv-tiktokx-cropcenter:100:100.jpg?dr=9640&refresh_token=9c55a4ce&x-expires=1778400000&x-signature=b25j7kF%2BPDYO%2BcxVwOmKPc%2F2K5o%3D&t=4d5b0474&ps=13740610&shp=30310797&shcp=ff37627b&idc=useast5"
"And for what? Waste of time bro","10","0","2026-04-25T20:25:16.000Z","adnan.sherifi","https://www.tiktok.com/@user6611908121759/video/7612233575705955597","7477626524225618976","7632795565985891094","https://p16-common-sign.tiktokcdn-us.com/tos-maliva-avt-0068/53ba8ecd65beb07464fa1d8eb5ad261d~tplv-tiktokx-cropcenter:100:100.jpg?dr=9640&refresh_token=bc4a38f4&x-expires=1778400000&x-signature=PxMlAnb5v8se%2BN16LxyjN%2BFjmnU%3D&t=4d5b0474&ps=13740610&shp=30310797&shcp=ff37627b&idc=useast5"
"Not funny","10","0","2026-04-24T20:20:54.000Z","dhinbil03","https://www.tiktok.com/@user6611908121759/video/7612233575705955597","7475676603995456558","7632423217021846302","https://p16-common-sign.tiktokcdn-us.com/tos-useast8-avt-0068-tx2/d0bcd767490c924adb853bcb61b14913~tplv-tiktokx-cropcenter:100:100.jpg?dr=9640&refresh_token=b1d543e5&x-expires=1778400000&x-signature=aBb9Myf%2B%2FuwffsbU8%2BtGlm9B5RA%3D&t=4d5b0474&ps=13740610&shp=30310797&shcp=ff37627b&idc=useast5"
"How do you get away with this 😭","85","1","2026-03-02T03:27:35.000Z","whos_.jason","https://www.tiktok.com/@user6611908121759/video/7612233575705955597","7273906322806146091","7612494638393967390","https://p19-common-sign.tiktokcdn-us.com/tos-useast8-avt-0068-tx2/5ce2a30593c3fadb23e1bdea5e77b335~tplv-tiktokx-cropcenter:100:100.jpg?dr=9640&refresh_token=dcb52df8&x-expires=1778400000&x-signature=43gX2da01OzDfcZuSva1V4M3uUs%3D&t=4d5b0474&ps=13740610&shp=30310797&shcp=ff37627b&idc=useast5"
"out here getting ppl fired over cheese hahaha","22","0","2026-03-02T04:32:43.000Z","danny_dables","https://www.tiktok.com/@user6611908121759/video/7612233575705955597","6760439986485511173","7612511443342230285","https://p16-common-sign.tiktokcdn-us.com/tos-maliva-avt-0068/7334114905698893830~tplv-tiktokx-cropcenter:100:100.jpg?dr=9640&refresh_token=9b5f802e&x-expires=1778400000&x-signature=wYqs81sZsEKYMB%2B3VHK6n4LvXhw%3D&t=4d5b0474&ps=13740610&shp=30310797&shcp=ff37627b&idc=useast5"
"these aren't funny people losing their jobs for things they didnt do.","37","2","2026-03-02T00:49:23.000Z","resilientwarrior100","https://www.tiktok.com/@user6611908121759/video/7612233575705955597","7287099685534925870","7612453876382286623","https://p16-common-sign.tiktokcdn-us.com/tos-useast8-avt-0068-tx2/cc13c3b26e25d5ac8dcba87c7f2f3dbe~tplv-tiktokx-cropcenter:100:100.jpg?dr=9640&refresh_token=419e9741&x-expires=1778400000&x-signature=vWj9tW8bb9FBe1JbtKOHPzJIzBY%3D&t=4d5b0474&ps=13740610&shp=30310797&shcp=ff37627b&idc=useast5"
"A lot of people getting fired after this lmao","72","0","2026-03-01T23:40:07.000Z","bentleysanchez817g","https://www.tiktok.com/@user6611908121759/video/7612233575705955597","6963782104236983302","7612436050539397919","https://p19-common-sign.tiktokcdn-us.com/tos-useast8-avt-0068-tx2/f07bb0fcb33b908d6f7b7f03a5d82c34~tplv-tiktokx-cropcenter:100:100.jpg?dr=9640&refresh_token=2a53e738&x-expires=1778400000&x-signature=YPvfyUhs0wc2ZYHJW31uB7%2BFQi8%3D&t=4d5b0474&ps=13740610&shp=30310797&shcp=ff37627b&idc=useast5"
"This not funny ... you're gonna get someone fired.. I did laugh about the cheese tho.. but still not funny.... 😂","9","0","2026-04-28T21:39:45.000Z","sdwhtisd187","https://www.tiktok.com/@user6611908121759/video/7612233575705955597","7357157559353148459","7633927953437278990","https://p19-common-sign.tiktokcdn-us.com/tos-useast5-avt-0068-tx/413727646d010d87a980dbb75830d072~tplv-tiktokx-cropcenter:100:100.jpg?dr=9640&refresh_token=6bc284e3&x-expires=1778400000&x-signature=JasAr0CrwU3jnk2uxrHgz3TqUa4%3D&t=4d5b0474&ps=13740610&shp=30310797&shcp=ff37627b&idc=useast5"
"stop mcplayin with these mcemployees😭😭","170","3","2026-03-02T00:39:58.000Z","trillkzn.4","https://www.tiktok.com/@user6611908121759/video/7612233575705955597","7335776634614252586","7612451484227748639","https://p16-common-sign.tiktokcdn-us.com/tos-useast8-avt-0068-tx2/f1696a0dc6229dab640175cae44e0855~tplv-tiktokx-cropcenter:100:100.jpg?dr=9640&refresh_token=c8b3c623&x-expires=1778400000&x-signature=5pODhSNSQFdzRd7cshFxbVniPXI%3D&t=4d5b0474&ps=13740610&shp=30310797&shcp=ff37627b&idc=useast5"
"“Extra mayonnaise no too much!!!” 🤣🤣🤣","20","0","2026-03-02T03:21:44.000Z","a1xglz","https://www.tiktok.com/@user6611908121759/video/7612233575705955597","6826151600575726598","7612493161105441549","https://p19-common-sign.tiktokcdn-us.com/tos-useast5-avt-0068-tx/bdc8fa65d42002d241988586ad0df800~tplv-tiktokx-cropcenter:100:100.jpg?dr=9640&refresh_token=5b4c04a4&x-expires=1778400000&x-signature=ohly%2Fk8nwFLHJwrhJSzc4ToQnDo%3D&t=4d5b0474&ps=13740610&shp=30310797&shcp=ff37627b&idc=useast5"
"I laughed but it's not actually funny 😭","34","0","2026-03-02T03:56:25.000Z","mallykash","https://www.tiktok.com/@user6611908121759/video/7612233575705955597","6786015717835506693","7612502061498303262","https://p16-common-sign.tiktokcdn-us.com/tos-useast8-avt-0068-tx2/c038f871c096103fd6cdbd8a960537b6~tplv-tiktokx-cropcenter:100:100.jpg?dr=9640&refresh_token=b9d43f38&x-expires=1778400000&x-signature=HRoMtqjwYCCwxJe9zLGhlXd9QeA%3D&t=4d5b0474&ps=13740610&shp=30310797&shcp=ff37627b&idc=useast5"
"I love how professional they talk","52","0","2026-03-02T00:49:53.000Z","roachclip84","https://www.tiktok.com/@user6611908121759/video/7612233575705955597","6701351661720142854","7612453982535058189","https://p16-common-sign.tiktokcdn-us.com/tos-maliva-avt-0068/7b35c6a3f16301968ca0df38f7ac6783~tplv-tiktokx-cropcenter:100:100.jpg?dr=9640&refresh_token=00452a63&x-expires=1778400000&x-signature=obITlchMUsBQa%2BMv%2FOqxQOER7Lw%3D&t=4d5b0474&ps=13740610&shp=30310797&shcp=ff37627b&idc=useast5"
"The woman with the purple shirt at the end DEFINITELY knew😂😂😂","42","0","2026-03-02T00:45:42.000Z","marrluvsbjj","https://www.tiktok.com/@user6611908121759/video/7612233575705955597","7019747931835253765","7612452925856563999","https://p19-common-sign.tiktokcdn-us.com/tos-useast8-avt-0068-tx2/bf571656b0abb52100d3d2c340d1bdc9~tplv-tiktokx-cropcenter:100:100.jpg?dr=9640&refresh_token=de81fec1&x-expires=1778400000&x-signature=3lYT3N1RF%2B2WSCKlBODKtUJTW2I%3D&t=4d5b0474&ps=13740610&shp=30310797&shcp=ff37627b&idc=useast5"
"Ppl have too much time on their hands","36","0","2026-03-02T03:15:58.000Z","33forme3","https://www.tiktok.com/@user6611908121759/video/7612233575705955597","7515966059595351071","7612491700015039245","https://p19-common-sign.tiktokcdn-us.com/tos-useast5-avt-0068-tx/de616ca5317ed508293af15837ffb30d~tplv-tiktokx-cropcenter:100:100.jpg?dr=9640&refresh_token=542f1e41&x-expires=1778400000&x-signature=ZQK%2B0KmsV%2FVBJZEfAx17NpZF35s%3D&t=4d5b0474&ps=13740610&shp=30310797&shcp=ff37627b&idc=useast5"
"Getting peopled fired","519","4","2026-03-01T21:53:43.000Z","makayla_11550","https://www.tiktok.com/@user6611908121759/video/7612233575705955597","7497416172322980907","7612408623109145357","https://p16-common-sign.tiktokcdn-us.com/tos-useast5-avt-0068-tx/f7fa79fe06bda2ed2358c22cf0046f07~tplv-tiktokx-cropcenter:100:100.jpg?dr=9640&refresh_token=95715028&x-expires=1778400000&x-signature=SYftyKqhGSUz9WRW3IxsEJUxnTE%3D&t=4d5b0474&ps=13740610&shp=30310797&shcp=ff37627b&idc=useast5"
"Its how the believe him 😭","22","0","2026-03-02T03:13:39.000Z","kariswitak13","https://www.tiktok.com/@user6611908121759/video/7612233575705955597","7507399686148621358","7612491070287414029","https://p16-common-sign.tiktokcdn-us.com/tos-useast5-avt-0068-tx/57f6f30bc871bb72c629348d22c1748e~tplv-tiktokx-cropcenter:100:100.jpg?dr=9640&refresh_token=c81683f9&x-expires=1778400000&x-signature=unznxI3fiRA2%2F5XK5wATF%2BrhFUw%3D&t=4d5b0474&ps=13740610&shp=30310797&shcp=ff37627b&idc=useast5"
"the video kids","0","0","2026-05-08T09:31:17.000Z","nhat_vy_0606","https://www.tiktok.com/@user6611908121759/video/7612233575705955597","6843271397754569729","7637451115642815252","https://p16-common-sign.tiktokcdn-eu.com/tos-alisg-avt-0068/807629561027fefbb57cf97b4f0bff66~tplv-tiktokx-cropcenter:100:100.jpg?dr=10399&refresh_token=df573efc&x-expires=1778400000&x-signature=eTJ77SxOT%2FRe6a5qR0yHJWZdImc%3D&t=4d5b0474&ps=13740610&shp=30310797&shcp=ff37627b&idc=no1a"
"LOOK AT MY REPOST","0","0","2026-05-07T12:34:55.000Z","micky.3nr","https://www.tiktok.com/@user6611908121759/video/7612233575705955597","7137153915108312091","7637127315936363281","https://p16-common-sign.tiktokcdn-eu.com/tos-alisg-avt-0068/b56f34b11ab8f8b7dfbbd77ab2ca8a5d~tplv-tiktokx-cropcenter:100:100.jpg?dr=10399&refresh_token=457dc40e&x-expires=1778400000&x-signature=tiF6iRzot%2F4qK3hjLfvYOsTcsnk%3D&t=4d5b0474&ps=13740610&shp=30310797&shcp=ff37627b&idc=no1a"
"CHECKK MY REPOST","0","0","2026-05-08T08:50:28.000Z","duanhcitu","https://www.tiktok.com/@user6611908121759/video/7612233575705955597","7448176300420449296","7637440601453708052","https://p16-common-sign.tiktokcdn-eu.com/tos-alisg-avt-0068/cde01b3d6ff4d3ef3e93bd0549c1a94f~tplv-tiktokx-cropcenter:100:100.jpg?dr=10399&refresh_token=8e3926c0&x-expires=1778400000&x-signature=KbKoh5QCbLXewToj9r5SV65dD1c%3D&t=4d5b0474&ps=13740610&shp=30310797&shcp=ff37627b&idc=no1a"
"SEE MY RREPOST","0","0","2026-05-07T12:55:06.000Z","dxy_rx_00.1","https://www.tiktok.com/@user6611908121759/video/7612233575705955597","7328421988215702534","7637132606311662354","https://p16-common-sign.tiktokcdn-eu.com/tos-alisg-avt-0068/d28535d152607aba74cc834bf5d663cd~tplv-tiktokx-cropcenter:100:100.jpg?dr=10399&refresh_token=c5ebf16a&x-expires=1778400000&x-signature=cPsEJ0Scs1NIlNbiz%2BWeUAbM4eA%3D&t=4d5b0474&ps=13740610&shp=30310797&shcp=ff37627b&idc=no1a"
"what do u get from doing this","12","2","2026-03-01T23:51:35.000Z","panchikofangirl.00","https://www.tiktok.com/@user6611908121759/video/7612233575705955597","7555997457743561783","7612438999726949133","https://p16-common-sign.tiktokcdn-eu.com/tos-maliva-avt-0068/7978736f55dc272cdb0d50e6d562f26f~tplv-tiktokx-cropcenter:100:100.jpg?dr=10399&refresh_token=423b91ea&x-expires=1778400000&x-signature=NE4YWH6tAvX%2FPtmG3PghyD73S24%3D&t=4d5b0474&ps=13740610&shp=30310797&shcp=ff37627b&idc=no1a"
"like men...imagine ppl get fired from this? that's no fun","70","1","2026-03-02T09:04:35.000Z","users45v0fmq4z","https://www.tiktok.com/@user6611908121759/video/7612233575705955597","7157883212680266753","7612581556133200661","https://p19-common-sign.tiktokcdn-eu.com/tos-alisg-avt-0068/ab679b2c75705991d8407997af5ede37~tplv-tiktokx-cropcenter:100:100.jpg?dr=10399&refresh_token=438020e2&x-expires=1778400000&x-signature=bGvCSDDeZTHjUvxUuqM8QWXWHbs%3D&t=4d5b0474&ps=13740610&shp=30310797&shcp=ff37627b&idc=no1a"
"I love how they all keep it so professional 👔","33","1","2026-03-02T00:46:47.000Z","colincornellier","https://www.tiktok.com/@user6611908121759/video/7612233575705955597","6583807359637307397","7612453198096417567","https://p16-common-sign.tiktokcdn-eu.com/tos-maliva-avt-0068/ca5bd25e2f67479c0909473f685f47cb~tplv-tiktokx-cropcenter:100:100.jpg?dr=10399&refresh_token=5af406c5&x-expires=1778400000&x-signature=XKXBS60L468ol1IY4fXD2%2BdD1Ws%3D&t=4d5b0474&ps=13740610&shp=30310797&shcp=ff37627b&idc=no1a"
"How is this working","23","1","2026-03-02T02:50:46.000Z","kayzon_one.of.the.boys","https://www.tiktok.com/@user6611908121759/video/7612233575705955597","7316772702743675947","7612485087196971789","https://p19-common-sign.tiktokcdn-eu.com/tos-maliva-avt-0068/f4dc57d98539109b4b2028f330a2f539~tplv-tiktokx-cropcenter:100:100.jpg?dr=10399&refresh_token=75136d42&x-expires=1778400000&x-signature=nlVLFRv4MM8LUCcFAPfWWob8vws%3D&t=4d5b0474&ps=13740610&shp=30310797&shcp=ff37627b&idc=no1a"
"this can get people fired btw","626","15","2026-03-02T00:04:55.000Z","i03garcia","https://www.tiktok.com/@user6611908121759/video/7612233575705955597","7271358711607608362","7612442413064749855","https://p16-common-sign.tiktokcdn-us.com/tos-useast8-avt-0068-tx2/96b4d4f00b4329f88e531b5cfab4b959~tplv-tiktokx-cropcenter:100:100.jpg?dr=9640&refresh_token=12ffae4c&x-expires=1778400000&x-signature=mxQkkMnT3aoIMt4QxBZ4t5riu2Y%3D&t=4d5b0474&ps=13740610&shp=30310797&shcp=ff37627b&idc=useast8"
"She said they gave you like a whole salad😂😂","32","0","2026-03-02T04:46:04.000Z","tjpadgett","https://www.tiktok.com/@user6611908121759/video/7612233575705955597","137389475256537089","7612514865734992654","https://p16-common-sign.tiktokcdn-us.com/tos-useast5-avt-0068-tx/05ef5a4402655a592039332794f08f72~tplv-tiktokx-cropcenter:100:100.jpg?dr=9640&refresh_token=ff1b6a31&x-expires=1778400000&x-signature=sK2QdRlinrqhwI4sW%2FYkLGwAHjU%3D&t=4d5b0474&ps=13740610&shp=30310797&shcp=ff37627b&idc=useast8"
"you getting the guys in trouble working in the assembly area😂","17","0","2026-03-02T03:47:49.000Z","dischadyou","https://www.tiktok.com/@user6611908121759/video/7612233575705955597","6705238229626405894","7612499855500837645","https://p19-common-sign.tiktokcdn-us.com/tos-useast5-avt-0068-tx/a01039a23b976ffa7cfd6bec99052b62~tplv-tiktokx-cropcenter:100:100.jpg?dr=9640&refresh_token=ec18d556&x-expires=1778400000&x-signature=iXEIcsppbeqOX9xg83zBDD4mj6k%3D&t=4d5b0474&ps=13740610&shp=30310797&shcp=ff37627b&idc=useast8"
"Excellent use of free will","25","0","2026-03-02T04:51:56.000Z","shakeandbakeco","https://www.tiktok.com/@user6611908121759/video/7612233575705955597","7363828771990864927","7612516312086577933","https://p19-common-sign.tiktokcdn-us.com/tos-useast5-avt-0068-tx/c61e3980d0a7eb0c344ec82c2c4db5a4~tplv-tiktokx-cropcenter:100:100.jpg?dr=9640&refresh_token=2dc55d64&x-expires=1778400000&x-signature=n8GAijODX17T6bQc84oUke8EMvk%3D&t=4d5b0474&ps=13740610&shp=30310797&shcp=ff37627b&idc=useast8"
"I think bros trying to fire these employees I feel bad.😭🥀","31","0","2026-03-02T09:12:23.000Z","kvuzll_luv","https://www.tiktok.com/@user6611908121759/video/7612233575705955597","7334312353925956614","7612583548625568519","https://p19-common-sign.tiktokcdn-us.com/tos-alisg-avt-0068/80abf9d9de1e8d37195c8eb39145c45b~tplv-tiktokx-cropcenter:100:100.jpg?dr=9640&refresh_token=742d65c2&x-expires=1778400000&x-signature=8lMdti8t77BbCduwN%2FkjDu92EA8%3D&t=4d5b0474&ps=13740610&shp=30310797&shcp=ff37627b&idc=useast8"
"They did that to me too","10","0","2026-03-02T05:08:01.000Z","shut_your_eyes_wide_","https://www.tiktok.com/@user6611908121759/video/7612233575705955597","7581685593521177614","7612520540985344799","https://p16-common-sign.tiktokcdn-us.com/tos-useast8-avt-0068-tx2/5c43bfcb519ac75c85a3dab23ec77f8c~tplv-tiktokx-cropcenter:100:100.jpg?dr=9640&refresh_token=d8b09fdc&x-expires=1778400000&x-signature=HGhLgJaoCMBx%2BxsSzsjXRgLbhAM%3D&t=4d5b0474&ps=13740610&shp=30310797&shcp=ff37627b&idc=useast8"
"nah that aint cool","16","0","2026-03-02T05:00:49.000Z","pedro_rose_","https://www.tiktok.com/@user6611908121759/video/7612233575705955597","6912910203609318406","7612518684334113566","https://p16-common-sign.tiktokcdn-us.com/tos-maliva-avt-0068/3128b83ac1efaf07135945a63932ba32~tplv-tiktokx-cropcenter:100:100.jpg?dr=9640&refresh_token=541bca55&x-expires=1778400000&x-signature=yt4TXMlOZ%2F7u21TrR%2BUig2crd3Q%3D&t=4d5b0474&ps=13740610&shp=30310797&shcp=ff37627b&idc=useast8"
"Bro why do this, it’s someone’s job","7","0","2026-04-25T06:36:17.000Z","endlesssun2","https://www.tiktok.com/@user6611908121759/video/7612233575705955597","7500134844874949674","7632581790024139534","https://p16-common-sign.tiktokcdn-us.com/tos-useast5-avt-0068-tx/2e2656303ed13f5a918875549ce278c8~tplv-tiktokx-cropcenter:100:100.jpg?dr=9640&refresh_token=cb80c7dd&x-expires=1778400000&x-signature=iXijdLQ9iVOqyDmS5d9twmwPK80%3D&t=4d5b0474&ps=13740610&shp=30310797&shcp=ff37627b&idc=useast8"
"Why would you get them in trouble 😏","34","0","2026-03-02T02:00:51.000Z","dianacortez0610","https://www.tiktok.com/@user6611908121759/video/7612233575705955597","6794925636324295686","7612472315050083103","https://p16-common-sign.tiktokcdn-us.com/tos-maliva-avt-0068/7328181534321000453~tplv-tiktokx-cropcenter:100:100.jpg?dr=9640&refresh_token=3d170b50&x-expires=1778400000&x-signature=zvVfDgs0wRcu1PVLNYUwZXCgfwg%3D&t=4d5b0474&ps=13740610&shp=30310797&shcp=ff37627b&idc=useast8"
"You can honestly get ppl fired for this tho plz don’t do this😭😭","16","0","2026-03-02T07:31:38.000Z","steqhanic","https://www.tiktok.com/@user6611908121759/video/7612233575705955597","6965191275461379077","7612557413393531678","https://p16-common-sign.tiktokcdn-us.com/tos-useast8-avt-0068-tx2/43a9b674d35bb38821491ffb8ef48cdc~tplv-tiktokx-cropcenter:100:100.jpg?dr=9640&refresh_token=05a2edbf&x-expires=1778400000&x-signature=wuv1CBW8ZUHiap2aarhlXgWFfyc%3D&t=4d5b0474&ps=13740610&shp=30310797&shcp=ff37627b&idc=useast8"
"bro is taking free will to a whole nother level","366","1","2026-03-01T18:57:15.000Z","benjiii862","https://www.tiktok.com/@user6611908121759/video/7612233575705955597","7522927080263205902","7612363136339821326","https://p19-common-sign.tiktokcdn-us.com/tos-useast5-avt-0068-tx/72e5b95a0b9f4418e2f91829c775133b~tplv-tiktokx-cropcenter:100:100.jpg?dr=9640&refresh_token=264bffd6&x-expires=1778400000&x-signature=9BNc%2BJ8ZvHszH%2B1oQ4mt621iKxk%3D&t=4d5b0474&ps=13740610&shp=30310797&shcp=ff37627b&idc=useast8"
"Top tier entertainment","21","0","2026-03-02T05:08:13.000Z","ftw_anthony","https://www.tiktok.com/@user6611908121759/video/7612233575705955597","6724155932383216646","7612520540495135502","https://p19-common-sign.tiktokcdn-us.com/tos-useast5-avt-0068-tx/8c2aff255c87bb4bbcb0abde7c2d1573~tplv-tiktokx-cropcenter:100:100.jpg?dr=9640&refresh_token=7245b025&x-expires=1778400000&x-signature=anmqJGj%2Fs9Cdloha9MnzZ%2F3KBZA%3D&t=4d5b0474&ps=13740610&shp=30310797&shcp=ff37627b&idc=useast8"
"Poor people in back just get in trouble and maybe get fired. Manager just was waiting a complaint like this to proceed.","25","0","2026-03-02T03:33:54.000Z","jarkonym","https://www.tiktok.com/@user6611908121759/video/7612233575705955597","6649565448793866246","7612496281551094541","https://p16-common-sign.tiktokcdn-us.com/tos-maliva-avt-0068/7330622906756431878~tplv-tiktokx-cropcenter:100:100.jpg?dr=9640&refresh_token=ea6a530c&x-expires=1778400000&x-signature=yXf%2B4vU%2FSTLNt8og0HGYfCUwLK0%3D&t=4d5b0474&ps=13740610&shp=30310797&shcp=ff37627b&idc=useast8"
"Bro gonna get someone fired 😭","30","0","2026-03-02T05:09:23.000Z","towerdaaawg","https://www.tiktok.com/@user6611908121759/video/7612233575705955597","182392447702802432","7612520746011312909","https://p19-common-sign.tiktokcdn-us.com/tos-useast5-avt-0068-tx/7349456276872511534~tplv-tiktokx-cropcenter:100:100.jpg?dr=9640&refresh_token=04090ce5&x-expires=1778400000&x-signature=5iznmQ6n2P%2F8PYYKJkbN221XRKA%3D&t=4d5b0474&ps=13740610&shp=30310797&shcp=ff37627b&idc=useast8"
"thats not funny! someone might lose job..","9","0","2026-03-02T09:17:35.000Z","tupperwaremamaku","https://www.tiktok.com/@user6611908121759/video/7612233575705955597","6605461593991233537","7612584897068466952","https://p19-common-sign.tiktokcdn-us.com/tos-alisg-avt-0068/e9232820e320fefe20bd14cf4251b8b0~tplv-tiktokx-cropcenter:100:100.jpg?dr=9640&refresh_token=370d2dcf&x-expires=1778400000&x-signature=Iw2BFNrcCSrEj6baHCa9YwUc3nk%3D&t=4d5b0474&ps=13740610&shp=30310797&shcp=ff37627b&idc=useast8"
"who did diiis??","16","0","2026-03-02T05:13:40.000Z","molhem57","https://www.tiktok.com/@user6611908121759/video/7612233575705955597","6614197936471736326","7612522073436472071","https://p19-common-sign.tiktokcdn-us.com/tos-alisg-avt-0068/4bb3647f90c6f60dd52ccffb41c1bc04~tplv-tiktokx-cropcenter:100:100.jpg?dr=9640&refresh_token=4ff52f0c&x-expires=1778400000&x-signature=TfQ5GinBiO9yoDcp43zivcf9IkE%3D&t=4d5b0474&ps=13740610&shp=30310797&shcp=ff37627b&idc=useast8"
"Who did THis 😂😂","10","0","2026-03-02T02:53:50.000Z","bugstaygeeked420","https://www.tiktok.com/@user6611908121759/video/7612233575705955597","7142605382636848174","7612485971620283150","https://p19-common-sign.tiktokcdn-us.com/tos-useast5-avt-0068-tx/35498b71d3d3c4e9eac6a96d57a4a6b4~tplv-tiktokx-cropcenter:100:100.jpg?dr=9640&refresh_token=c5d22d93&x-expires=1778400000&x-signature=04KhWli07iaw1Tu8pWiqPUxDj4g%3D&t=4d5b0474&ps=13740610&shp=30310797&shcp=ff37627b&idc=useast8"
"Sad that ur putting ppls jobs at risk","7","0","2026-04-22T07:42:40.000Z","davidaftergodsheart","https://www.tiktok.com/@user6611908121759/video/7612233575705955597","7133060112029320238","7631485222425363214","https://p16-common-sign.tiktokcdn-us.com/tos-useast5-avt-0068-tx/170f7eaf68422b7c1fe40e998b1f07f7~tplv-tiktokx-cropcenter:100:100.jpg?dr=9640&refresh_token=7c8a446d&x-expires=1778400000&x-signature=a8CXxHVZibvp%2BIgrtWDvDdY52Ls%3D&t=4d5b0474&ps=13740610&shp=30310797&shcp=ff37627b&idc=useast8"
"Really tho, the point this proves is when you approach people with respect, they will work with you to fix the problem.","26","0","2026-03-02T05:49:59.000Z","jamesjarvis30","https://www.tiktok.com/@user6611908121759/video/7612233575705955597","7023739302002934789","7612531235075883790","https://p19-common-sign.tiktokcdn-us.com/tos-maliva-avt-0068/7324084999426572294~tplv-tiktokx-cropcenter:100:100.jpg?dr=9640&refresh_token=202944d5&x-expires=1778400000&x-signature=2yfzZBP3VI3rmhCfZrTiztNO7E8%3D&t=4d5b0474&ps=13740610&shp=30310797&shcp=ff37627b&idc=useast8"
"Bro out here getting people fired 😂😂😂","29","0","2026-03-02T04:34:43.000Z","mr.moonrock","https://www.tiktok.com/@user6611908121759/video/7612233575705955597","7051210957402702853","7612512004784014087","https://p16-common-sign.tiktokcdn-us.com/tos-maliva-avt-0068/9e65f0c86690ed12b9251cb3ddced36e~tplv-tiktokx-cropcenter:100:100.jpg?dr=9640&refresh_token=e3c0037f&x-expires=1778400000&x-signature=8IMEg%2B%2FQ3JWdVcB4ChRPXcBD%2Fw0%3D&t=4d5b0474&ps=13740610&shp=30310797&shcp=ff37627b&idc=useast8"
"[Sticker] the workers when they saw the burger","12","0","2026-03-02T09:36:33.000Z","jorja_x15","https://www.tiktok.com/@user6611908121759/video/7612233575705955597","7350062037911618568","7612589804324717330","https://p19-common-sign.tiktokcdn-us.com/tos-alisg-avt-0068/220edddafc021c29ba976ebec93c198b~tplv-tiktokx-cropcenter:100:100.jpg?dr=9640&refresh_token=380575ae&x-expires=1778400000&x-signature=lDSDcZUBUsLKqvXRi2nkrN1TCl4%3D&t=4d5b0474&ps=13740610&shp=30310797&shcp=ff37627b&idc=useast8"
"bro just got someone fired","21","0","2026-03-02T04:19:33.000Z","max247726","https://www.tiktok.com/@user6611908121759/video/7612233575705955597","7580508617251292173","7612508038944441118","https://p19-common-sign.tiktokcdn-us.com/tos-useast8-avt-0068-tx2/fcb0d5f060d5b5c4ea7c10aed4c6e4c5~tplv-tiktokx-cropcenter:100:100.jpg?dr=9640&refresh_token=1a55a4b8&x-expires=1778400000&x-signature=%2FOmPOs5zPBmBmBk%2BK5uEbm1nkmk%3D&t=4d5b0474&ps=13740610&shp=30310797&shcp=ff37627b&idc=useast8"
"Not funny","9","0","2026-04-27T03:37:56.000Z","film_festival_","https://www.tiktok.com/@user6611908121759/video/7612233575705955597","6770081491713770502","7633277725944202006","https://p19-common-sign.tiktokcdn-us.com/tos-maliva-avt-0068/0ad6b75804b8ee5cf23b5b7199e380de~tplv-tiktokx-cropcenter:100:100.jpg?dr=9640&refresh_token=d612a812&x-expires=1778400000&x-signature=gtGoj%2BOCEaqSZSb6Obs3heRPYzs%3D&t=4d5b0474&ps=13740610&shp=30310797&shcp=ff37627b&idc=useast8"
"what if you get someone fired","8","1","2026-03-02T09:50:36.000Z","tafadzwashumba5","https://www.tiktok.com/@user6611908121759/video/7612233575705955597","7130709015399924741","7612593432506286864","https://p19-common-sign.tiktokcdn-us.com/tos-maliva-avt-0068/82b6d463a84de7d8d1b6717a836b4289~tplv-tiktokx-cropcenter:100:100.jpg?dr=9640&refresh_token=accc4e29&x-expires=1778400000&x-signature=uONZRwuJJPCuK%2FggcF%2FyvqBonO4%3D&t=4d5b0474&ps=13740610&shp=30310797&shcp=ff37627b&idc=useast8"
"i love this 😀","6","0","2026-04-28T01:04:35.000Z","raularts777","https://www.tiktok.com/@user6611908121759/video/7612233575705955597","7007900705571341317","7633609658263241486","https://p16-common-sign.tiktokcdn-us.com/tos-useast5-avt-0068-tx/538e005760bf9aacd9c122c4cf189dce~tplv-tiktokx-cropcenter:100:100.jpg?dr=9640&refresh_token=e92c71ac&x-expires=1778400000&x-signature=Xe63MP7Ba43E%2FYhmEb9w8kzF0lI%3D&t=4d5b0474&ps=13740610&shp=30310797&shcp=ff37627b&idc=useast8"
"Well McDonald’s never denied the amount so it’s happened before for sure","8","0","2026-04-26T23:48:01.000Z","smoothoperator3","https://www.tiktok.com/@user6611908121759/video/7612233575705955597","7545103644183774263","7633218850335376158","https://p16-common-sign.tiktokcdn-us.com/tos-useast8-avt-0068-tx2/954a67a12c042572108c39cade2fd2f4~tplv-tiktokx-cropcenter:100:100.jpg?dr=9640&refresh_token=b1efe953&x-expires=1778400000&x-signature=NeMJ0Ou4FkyFp25AmPUeYjcURMs%3D&t=4d5b0474&ps=13740610&shp=30310797&shcp=ff37627b&idc=useast8"
"I hate wasting food, but this is funny lol","29","0","2026-03-02T03:37:26.000Z","jossyu89","https://www.tiktok.com/@user6611908121759/video/7612233575705955597","7208684912975053866","7612497176087216927","https://p16-common-sign.tiktokcdn-us.com/musically-maliva-obj/1594805258216454~tplv-tiktokx-cropcenter:100:100.jpg?dr=9640&refresh_token=9d879f78&x-expires=1778400000&x-signature=TPSeNdAH%2FurHgCyQTrlPVP%2BZMd4%3D&t=4d5b0474&ps=13740610&shp=30310797&shcp=ff37627b&idc=useast8"
"im crying this is golden. all their reactions 🤣 so confused","31","0","2026-03-02T03:22:20.000Z","kate.jo.b","https://www.tiktok.com/@user6611908121759/video/7612233575705955597","6714343995219313670","7612493327489303326","https://p16-common-sign.tiktokcdn-us.com/tos-useast8-avt-0068-tx2/7d4cc33485c984b0e3ba970ef1c7fcdb~tplv-tiktokx-cropcenter:100:100.jpg?dr=9640&refresh_token=1580e428&x-expires=1778400000&x-signature=qa7Xm9saVf%2FyByYUrpgoIulg9zY%3D&t=4d5b0474&ps=13740610&shp=30310797&shcp=ff37627b&idc=useast8"
"so thats just wasting food. not funny. making people work more.","9","0","2026-04-25T18:18:28.000Z","razoukette","https://www.tiktok.com/@user6611908121759/video/7612233575705955597","7053540978703221765","7632762891086643990","https://p16-common-sign.tiktokcdn-us.com/tos-maliva-avt-0068/b02c310ec616cbd3722c28603d8175ac~tplv-tiktokx-cropcenter:100:100.jpg?dr=9640&refresh_token=eff2513e&x-expires=1778400000&x-signature=xKPWGcKMDeuL9Aehm2KScnE0T8U%3D&t=4d5b0474&ps=13740610&shp=30310797&shcp=ff37627b&idc=useast8"
"Fast food workers hate to see you coming ⏸️💀😂","39","0","2026-03-02T02:53:58.000Z","spinningnwinning_tv","https://www.tiktok.com/@user6611908121759/video/7612233575705955597","7133599629914031150","7612485913113690893","https://p19-common-sign.tiktokcdn-us.com/tos-useast5-avt-0068-tx/7344445758348722219~tplv-tiktokx-cropcenter:100:100.jpg?dr=9640&refresh_token=798845ce&x-expires=1778400000&x-signature=AvhgXotwI8wO7ow%2BK%2F34EcymCwg%3D&t=4d5b0474&ps=13740610&shp=30310797&shcp=ff37627b&idc=useast5"
"The last McDonald’s is the one right next to my house ! I know the manager!","22","4","2026-03-02T02:16:07.000Z","mama.of.3.94","https://www.tiktok.com/@user6611908121759/video/7612233575705955597","7032830694096421935","7612476248724521741","https://p16-common-sign.tiktokcdn-us.com/tos-useast5-avt-0068-tx/6fb1cab1b9f15687f7baafe9a7c7a8ae~tplv-tiktokx-cropcenter:100:100.jpg?dr=9640&refresh_token=12977c29&x-expires=1778400000&x-signature=LElXZCPyauGnl9xSBl%2BLExjPVyk%3D&t=4d5b0474&ps=13740610&shp=30310797&shcp=ff37627b&idc=useast5"
"not funny","10","0","2026-04-25T16:15:57.000Z","aoj80","https://www.tiktok.com/@user6611908121759/video/7612233575705955597","6902625648079029253","7632731239703118605","https://p16-common-sign.tiktokcdn-us.com/tos-useast5-avt-0068-tx/7353546215574732846~tplv-tiktokx-cropcenter:100:100.jpg?dr=9640&refresh_token=d2d50643&x-expires=1778400000&x-signature=zfmEKBryjUujDWtEJrz%2FqCX84jc%3D&t=4d5b0474&ps=13740610&shp=30310797&shcp=ff37627b&idc=useast5"
"This should be illegal to do frfr and he recorded it","20","0","2026-03-02T03:05:36.000Z","niccoliomosley","https://www.tiktok.com/@user6611908121759/video/7612233575705955597","6913983974524388358","7612488909244433166","https://p19-common-sign.tiktokcdn-us.com/tos-maliva-avt-0068/a1791160cb63ac6f0d21c072d165ae53~tplv-tiktokx-cropcenter:100:100.jpg?dr=9640&refresh_token=d32edc47&x-expires=1778400000&x-signature=hM%2BSTR%2Fe%2Fnk94Efj9jAzVebVPug%3D&t=4d5b0474&ps=13740610&shp=30310797&shcp=ff37627b&idc=useast5"
"[Sticker] Them seeing this vid","45","0","2026-03-01T22:56:47.000Z","goege81","https://www.tiktok.com/@user6611908121759/video/7612233575705955597","7484835359457838126","7612424881409540894","https://p16-common-sign.tiktokcdn-us.com/tos-useast8-avt-0068-tx2/5a520200a364c477383afd3808f76717~tplv-tiktokx-cropcenter:100:100.jpg?dr=9640&refresh_token=21ce0b6f&x-expires=1778400000&x-signature=avv973DljJS2Zgvmsw5RGaAknCQ%3D&t=4d5b0474&ps=13740610&shp=30310797&shcp=ff37627b&idc=useast5"
"I'm such a sad person that this made me laugh","17","0","2026-03-02T04:01:03.000Z","wesleyjacknife0","https://www.tiktok.com/@user6611908121759/video/7612233575705955597","6929727862766683142","7612503329230832391","https://p19-common-sign.tiktokcdn-us.com/tos-alisg-avt-0068/9ec596c377d22eca56825fae19df179d~tplv-tiktokx-cropcenter:100:100.jpg?dr=9640&refresh_token=7d0c417e&x-expires=1778400000&x-signature=4so8Xs5m%2F%2BlfHliL4AMSX6zIWwA%3D&t=4d5b0474&ps=13740610&shp=30310797&shcp=ff37627b&idc=useast5"
"bro getting people fired for no reason!","17","0","2026-03-02T02:05:25.000Z","otrdaddy_longhaul","https://www.tiktok.com/@user6611908121759/video/7612233575705955597","6717807564794463237","7612473521918313247","https://p16-common-sign.tiktokcdn-us.com/tos-useast5-avt-0068-tx/6cf9f063e183a8b4ae88cbf385ab801d~tplv-tiktokx-cropcenter:100:100.jpg?dr=9640&refresh_token=3f6fc9a2&x-expires=1778400000&x-signature=pj9jN56rKYcDbDkgoaVq6FeWve8%3D&t=4d5b0474&ps=13740610&shp=30310797&shcp=ff37627b&idc=useast5"
"LETS HOPE MCDONALD'S DOESN'T SEE THIS","38","0","2026-03-02T01:51:21.000Z","mochiiii908","https://www.tiktok.com/@user6611908121759/video/7612233575705955597","7600105553663509517","7612469869951107853","https://p19-common-sign.tiktokcdn-us.com/tos-useast5-avt-0068-tx/1e95e57977283e03ba402d2e2ef12a95~tplv-tiktokx-cropcenter:100:100.jpg?dr=9640&refresh_token=1e7c8319&x-expires=1778400000&x-signature=cn2RvWx6aVlsD%2F%2Bxj2B5uJgCj44%3D&t=4d5b0474&ps=13740610&shp=30310797&shcp=ff37627b&idc=useast5"
"Na the extra cheese 🤣","21","0","2026-03-02T05:01:35.000Z","crisemberr4","https://www.tiktok.com/@user6611908121759/video/7612233575705955597","6863005304549540870","7612518844045574942","https://p19-common-sign.tiktokcdn-us.com/tos-useast8-avt-0068-tx2/85689c725cd18a133cf16cf992592e0d~tplv-tiktokx-cropcenter:100:100.jpg?dr=9640&refresh_token=5bb6a9d6&x-expires=1778400000&x-signature=JQj1Q3h%2F6wATqKhZ9MLbuEsWibA%3D&t=4d5b0474&ps=13740610&shp=30310797&shcp=ff37627b&idc=useast5"
"“Now who did dis”","88","1","2026-03-01T21:15:40.000Z","noahidkwhatelsetoputhere","https://www.tiktok.com/@user6611908121759/video/7612233575705955597","7351137276200109099","7612398841886802719","https://p19-common-sign.tiktokcdn-us.com/tos-useast8-avt-0068-tx2/cc4b186da1e06867a0be279f83201250~tplv-tiktokx-cropcenter:100:100.jpg?dr=9640&refresh_token=2f2371d9&x-expires=1778400000&x-signature=VuzQrekhpTMy03iVYZ78VM0ZYaI%3D&t=4d5b0474&ps=13740610&shp=30310797&shcp=ff37627b&idc=useast5"
"At least the people were nice about it😂","14","0","2026-03-02T03:24:52.000Z","penn_oldman","https://www.tiktok.com/@user6611908121759/video/7612233575705955597","7458041162452026414","7612493955696132894","https://p16-common-sign.tiktokcdn-us.com/tos-useast8-avt-0068-tx2/f0ff783a8b09ee37d71a3ff90cd9eee5~tplv-tiktokx-cropcenter:100:100.jpg?dr=9640&refresh_token=12bd93fe&x-expires=1778400000&x-signature=APGCLxtcA9pRP4%2BR0HRflEViFCA%3D&t=4d5b0474&ps=13740610&shp=30310797&shcp=ff37627b&idc=useast5"
"I literally lost my job","26","0","2026-03-02T01:57:06.000Z","supatea2.0","https://www.tiktok.com/@user6611908121759/video/7612233575705955597","7471278861964166190","7612471349294236429","https://p19-common-sign.tiktokcdn-us.com/tos-useast5-avt-0068-tx/0d6f765eab2b5dc3b132ccb2c56de13f~tplv-tiktokx-cropcenter:100:100.jpg?dr=9640&refresh_token=16b90526&x-expires=1778400000&x-signature=vyws82I%2BVUXQo6%2B%2BZ%2FLmEvlk3Cc%3D&t=4d5b0474&ps=13740610&shp=30310797&shcp=ff37627b&idc=useast5"
"IM CACKLING SO HARD RIGHT NOW 😭😭","11","0","2026-03-02T03:44:53.000Z","hellokittyprincess.com","https://www.tiktok.com/@user6611908121759/video/7612233575705955597","6776840305183572997","7612499122389582605","https://p19-common-sign.tiktokcdn-us.com/tos-useast5-avt-0068-tx/b9c03b974163a90639a917c02315039e~tplv-tiktokx-cropcenter:100:100.jpg?dr=9640&refresh_token=1734d276&x-expires=1778400000&x-signature=1ROK4LkdDRUGnuB6oIeUuR3gFpc%3D&t=4d5b0474&ps=13740610&shp=30310797&shcp=ff37627b&idc=useast5"
"whats the point of this..","9","1","2026-04-28T00:06:37.000Z","lizzyb5273","https://www.tiktok.com/@user6611908121759/video/7612233575705955597","7243913308193260586","7633594687761105694","https://p16-common-sign.tiktokcdn-us.com/tos-useast5-avt-0068-tx/7243914033198759978~tplv-tiktokx-cropcenter:100:100.jpg?dr=9640&refresh_token=af50d88d&x-expires=1778400000&x-signature=aC1U8oW6Ar2dWxjDNqhvMICid38%3D&t=4d5b0474&ps=13740610&shp=30310797&shcp=ff37627b&idc=useast5"
"A whole salad. 🤣🤣🤣🤣","11","0","2026-04-19T04:12:57.000Z","big_john_804","https://www.tiktok.com/@user6611908121759/video/7612233575705955597","6819404403847939077","7630318454188311327","https://p16-common-sign.tiktokcdn-us.com/tos-useast5-avt-0068-tx/7343181946479968298~tplv-tiktokx-cropcenter:100:100.jpg?dr=9640&refresh_token=09e17b62&x-expires=1778400000&x-signature=yCQ%2BwEugoro89%2FdOsGt%2BLPI1XdI%3D&t=4d5b0474&ps=13740610&shp=30310797&shcp=ff37627b&idc=useast5"
"I had too","11","0","2026-03-02T04:23:54.000Z","thatslaloner._","https://www.tiktok.com/@user6611908121759/video/7612233575705955597","7398235505332241454","7612509202480644877","https://p19-common-sign.tiktokcdn-us.com/tos-useast5-avt-0068-tx/008d268118509604e5ea8782c2b7d192~tplv-tiktokx-cropcenter:100:100.jpg?dr=9640&refresh_token=3cd6e0d3&x-expires=1778400000&x-signature=LWWWiMT9BGXWw2uff8uq2iJNaKg%3D&t=4d5b0474&ps=13740610&shp=30310797&shcp=ff37627b&idc=useast5"
"FAA FAAA FAAAAA","11","0","2026-03-02T09:06:58.000Z","rizkyadityaf1","https://www.tiktok.com/@user6611908121759/video/7612233575705955597","6541405213629546497","7612582171676738312","https://p16-common-sign.tiktokcdn-us.com/tos-alisg-avt-0068/131101d07236bd4e671144288b77cf6a~tplv-tiktokx-cropcenter:100:100.jpg?dr=9640&refresh_token=a9e1b085&x-expires=1778400000&x-signature=jiBkjqDBFHlikO1FCylMYaI2QGM%3D&t=4d5b0474&ps=13740610&shp=30310797&shcp=ff37627b&idc=useast5"
"Bro they got fired for what…","19","0","2026-03-02T03:48:39.000Z","gigi_girl726","https://www.tiktok.com/@user6611908121759/video/7612233575705955597","7608083025604068366","7612500113894146830","https://p19-common-sign.tiktokcdn-us.com/tos-useast5-avt-0068-tx/e6105ffab07830d70b02565c3aeba76a~tplv-tiktokx-cropcenter:100:100.jpg?dr=9640&refresh_token=baecf855&x-expires=1778400000&x-signature=DcbWtj5TYA8RI1c3jjD%2BX1ApYRg%3D&t=4d5b0474&ps=13740610&shp=30310797&shcp=ff37627b&idc=useast5"
"It’s not funny.. why bother people who work hard?","8","0","2026-04-22T02:36:03.000Z","underwater561","https://www.tiktok.com/@user6611908121759/video/7612233575705955597","6923723775465112582","7631406335351472918","https://p16-common-sign.tiktokcdn-us.com/tos-maliva-avt-0068/63cac98234b112f15e3176df405d3635~tplv-tiktokx-cropcenter:100:100.jpg?dr=9640&refresh_token=3fd15d13&x-expires=1778400000&x-signature=er%2B4BCZRAaOQFqeEbZozE3tCfP4%3D&t=4d5b0474&ps=13740610&shp=30310797&shcp=ff37627b&idc=useast5"
"Are serious","8","0","2026-04-27T21:20:39.000Z","jahl263","https://www.tiktok.com/@user6611908121759/video/7612233575705955597","6757843644537537541","7633551969516880671","https://p16-common-sign.tiktokcdn-us.com/tos-useast8-avt-0068-tx2/fdcda925a9fbe0f2662c6f41294e8bd9~tplv-tiktokx-cropcenter:100:100.jpg?dr=9640&refresh_token=69d2e983&x-expires=1778400000&x-signature=Q6u0BMw7Q59PCGx%2BbW2MpL4gaTo%3D&t=4d5b0474&ps=13740610&shp=30310797&shcp=ff37627b&idc=useast5"
"😂😂😂 you got TOO MUCH TIME","6","0","2026-04-21T23:25:45.000Z","gamalielmartinez26","https://www.tiktok.com/@user6611908121759/video/7612233575705955597","6922945728939951110","7631357671585383181","https://p19-common-sign.tiktokcdn-us.com/tos-useast5-avt-0068-tx/0959353c0ab154ae0e01a498f5810056~tplv-tiktokx-cropcenter:100:100.jpg?dr=9640&refresh_token=641fe49a&x-expires=1778400000&x-signature=msgUKlKV33d3BnN8zWv8i0qlFDc%3D&t=4d5b0474&ps=13740610&shp=30310797&shcp=ff37627b&idc=useast5"
"🤣🤣🤣 I feel bad for laughing tho 🤦🏾‍♀️","19","0","2026-03-02T02:12:13.000Z","isha33399","https://www.tiktok.com/@user6611908121759/video/7612233575705955597","7392530021155783726","7612475274290250526","https://p16-common-sign.tiktokcdn-us.com/tos-useast8-avt-0068-tx2/70de0ac8dd73f207bcfd3593429e4ee1~tplv-tiktokx-cropcenter:100:100.jpg?dr=9640&refresh_token=061cb8ed&x-expires=1778400000&x-signature=NJ3GWufp6si74Zd5e7E%2FDI%2Fc6FA%3D&t=4d5b0474&ps=13740610&shp=30310797&shcp=ff37627b&idc=useast5"
"Incoming lawsuit.","8","0","2026-03-02T05:03:47.000Z","trompddeg","https://www.tiktok.com/@user6611908121759/video/7612233575705955597","7051936781188973574","7612519405096059678","https://p19-common-sign.tiktokcdn-us.com/tos-useast8-avt-0068-tx2/f2ea1abe87f826c18cb714b04cba5852~tplv-tiktokx-cropcenter:100:100.jpg?dr=9640&refresh_token=9ceaca3e&x-expires=1778400000&x-signature=h3iEAAZMHRgNwXz1vm2vZo9Uh5Q%3D&t=4d5b0474&ps=13740610&shp=30310797&shcp=ff37627b&idc=useast5"
"This has to be the most successful one I’ve ever seen","19","0","2026-03-02T01:41:17.000Z","dogeater844","https://www.tiktok.com/@user6611908121759/video/7612233575705955597","7344208842249995307","7612467179439653645","https://p19-common-sign.tiktokcdn-us.com/tos-useast5-avt-0068-tx/ab762cb0ec49e049b5eaa203c36c2604~tplv-tiktokx-cropcenter:100:100.jpg?dr=9640&refresh_token=583848ca&x-expires=1778400000&x-signature=CcUck%2BvvN3ofHCPjG2ulagMg1Xc%3D&t=4d5b0474&ps=13740610&shp=30310797&shcp=ff37627b&idc=useast5"
"This is a waste of food dude 🥺","9","0","2026-04-23T03:02:26.000Z","vahnny","https://www.tiktok.com/@user6611908121759/video/7612233575705955597","6770256595491996677","7631784552843526926","https://p19-common-sign.tiktokcdn-us.com/tos-maliva-avt-0068/f71f440a10e2db71551f6d286756d258~tplv-tiktokx-cropcenter:100:100.jpg?dr=9640&refresh_token=7caea16b&x-expires=1778400000&x-signature=3KVpBriyacNnDGgToPwc1cBGVEw%3D&t=4d5b0474&ps=13740610&shp=30310797&shcp=ff37627b&idc=useast5"
"Guys if they care that much they’d look at cameras no one is really getting fired and if they do they can sue!","17","0","2026-03-02T03:29:52.000Z","jaelynnnh","https://www.tiktok.com/@user6611908121759/video/7612233575705955597","7076461170954650666","7612495267506225950","https://p16-common-sign.tiktokcdn-us.com/tos-useast8-avt-0068-tx2/5927887df05bb2d98ca53755b32ae524~tplv-tiktokx-cropcenter:100:100.jpg?dr=9640&refresh_token=f9ed83df&x-expires=1778400000&x-signature=6SZVEwZ9aIXhYfmNF%2BNYkhCIXJg%3D&t=4d5b0474&ps=13740610&shp=30310797&shcp=ff37627b&idc=useast5"
"Not fun","8","0","2026-04-27T12:25:46.000Z","ryalmadrid010","https://www.tiktok.com/@user6611908121759/video/7612233575705955597","6791140781107037189","7633414078489723670","https://p16-common-sign.tiktokcdn-us.com/tos-maliva-avt-0068/d56e7fb6f3f53bc01002104a5c295f52~tplv-tiktokx-cropcenter:100:100.jpg?dr=9640&refresh_token=f17fb57c&x-expires=1778400000&x-signature=QfKo9K30HCdg8MaGA10VOAh8las%3D&t=4d5b0474&ps=13740610&shp=30310797&shcp=ff37627b&idc=useast5"
"is this for real? staff could loose their job bro...","8","0","2026-03-02T07:54:29.000Z","zehrakianna","https://www.tiktok.com/@user6611908121759/video/7612233575705955597","7054485601685357570","7612563490968601361","https://p16-common-sign.tiktokcdn-us.com/tos-alisg-avt-0068/e99d9d3e3df98b2b3648e7d66583a94e~tplv-tiktokx-cropcenter:100:100.jpg?dr=9640&refresh_token=79a171e8&x-expires=1778400000&x-signature=DaK%2FP%2Fn7VUww64WzAjuVv%2BqpGjM%3D&t=4d5b0474&ps=13740610&shp=30310797&shcp=ff37627b&idc=useast8"
"disrespectful behavior","7","0","2026-04-28T02:02:09.000Z","mrvishnu_1311","https://www.tiktok.com/@user6611908121759/video/7612233575705955597","6605424921966788613","7633624522150904596","https://p19-common-sign.tiktokcdn-us.com/tos-alisg-avt-0068/35f971b6980fe33d56f09148e16e49b0~tplv-tiktokx-cropcenter:100:100.jpg?dr=9640&refresh_token=1cc8cfcb&x-expires=1778400000&x-signature=MzC5ADKnjBuRWvRrYl%2BGWdKyC7s%3D&t=4d5b0474&ps=13740610&shp=30310797&shcp=ff37627b&idc=useast8"
"Lmao these videos are too funny","16","0","2026-03-02T01:07:19.000Z","gagirl4lfe92","https://www.tiktok.com/@user6611908121759/video/7612233575705955597","7228664653054985258","7612458538338026253","https://p19-common-sign.tiktokcdn-us.com/tos-useast5-avt-0068-tx/f0df671cbf631a4e80dcb428fe693a91~tplv-tiktokx-cropcenter:100:100.jpg?dr=9640&refresh_token=9898ea19&x-expires=1778400000&x-signature=KUYDPq%2BsJePUR6aHFPzPJEGr1Ao%3D&t=4d5b0474&ps=13740610&shp=30310797&shcp=ff37627b&idc=useast8"
"I did laugh pretty hard, but I hope no one got in trouble because of you.","18","0","2026-03-02T03:40:44.000Z","calinurse0","https://www.tiktok.com/@user6611908121759/video/7612233575705955597","6773479648179799046","7612498029061571341","https://p16-common-sign.tiktokcdn-us.com/tos-useast5-avt-0068-tx/a1e82d7e50d7dbe3604d5ff47a83e8a5~tplv-tiktokx-cropcenter:100:100.jpg?dr=9640&refresh_token=ec1756ab&x-expires=1778400000&x-signature=%2B92PaI1F6SAv1%2FsBas7WbT8suaE%3D&t=4d5b0474&ps=13740610&shp=30310797&shcp=ff37627b&idc=useast8"
"imagine if they see the videos of him right now on tikok 💀💀💀","22","0","2026-03-02T03:17:32.000Z","beastbro42","https://www.tiktok.com/@user6611908121759/video/7612233575705955597","7407946063291696170","7612492098822161182","https://p19-common-sign.tiktokcdn-us.com/tos-useast8-avt-0068-tx2/f8a8412b6e71af09553813fc5948a7bd~tplv-tiktokx-cropcenter:100:100.jpg?dr=9640&refresh_token=7423b60a&x-expires=1778400000&x-signature=cUzdsnwc3LK3A%2ForbfJehwflh80%3D&t=4d5b0474&ps=13740610&shp=30310797&shcp=ff37627b&idc=useast8"
"gettin ppl fired isnt cool bro 🥺","7","0","2026-04-24T08:26:08.000Z","mirobg92","https://www.tiktok.com/@user6611908121759/video/7612233575705955597","6835406190891369477","7632239071515902742","https://p16-common-sign.tiktokcdn-us.com/tos-useast2a-avt-0068-euttp/e321960aa9fd6bc30a3c83301561852e~tplv-tiktokx-cropcenter:100:100.jpg?dr=9640&refresh_token=7f9498d7&x-expires=1778400000&x-signature=zd8sO1MOc68em16RZPYpR1BxT8w%3D&t=4d5b0474&ps=13740610&shp=30310797&shcp=ff37627b&idc=useast8"
"😔comida desperdiçada","2","0","2026-05-07T23:09:15.000Z","flokysxs18","https://www.tiktok.com/@user6611908121759/video/7612233575705955597","7532527325897901074","7637290794897900309","https://p16-common-sign.tiktokcdn-us.com/tos-maliva-avt-0068/f13020e9a6fdb05580c3cff47484d224~tplv-tiktokx-cropcenter:100:100.jpg?dr=9640&refresh_token=53c90db3&x-expires=1778400000&x-signature=WuwEe5MuJokmIrgnMS%2B2vIkflh8%3D&t=4d5b0474&ps=13740610&shp=30310797&shcp=ff37627b&idc=useast8"
"[Sticker] Please try this in Nigerian 😂","38","1","2026-03-02T07:36:35.000Z","young_boss070","https://www.tiktok.com/@user6611908121759/video/7612233575705955597","7061248873818506245","7612558889439314705","https://p16-common-sign.tiktokcdn.com/tos-alisg-avt-0068/51ffe01af3deb32a21f9cc21e78b6795~tplv-tiktokx-cropcenter:100:100.jpg?dr=14579&refresh_token=b8729f5e&x-expires=1778400000&x-signature=yXcOe2EO1AhNqFiVOFHGA8d6avg%3D&t=4d5b0474&ps=13740610&shp=30310797&shcp=ff37627b&idc=my2"
"Really","10","1","2026-03-02T06:18:51.000Z","ej11500","https://www.tiktok.com/@user6611908121759/video/7612233575705955597","7343922463187567658","7612538406812500749","https://p16-sign-va.tiktokcdn.com/tos-maliva-avt-0068/0c91e7fab001fb56857ae118164f6ebf~tplv-tiktokx-cropcenter:100:100.jpg?dr=14579&refresh_token=e25c2c95&x-expires=1778400000&x-signature=1Km%2FnpkNpx5VL7llNpW5piYEolw%3D&t=4d5b0474&ps=13740610&shp=30310797&shcp=ff37627b&idc=my2"
"I'm surprised you're still not getting caught with all of this","10","1","2026-03-02T05:25:30.000Z","dracomalfoypureblood37","https://www.tiktok.com/@user6611908121759/video/7612233575705955597","7499466854529057800","7612525108497908500","https://p16-common-sign.tiktokcdn.com/tos-alisg-avt-0068/da4a99bc58a4ee326af60a56d29280c4~tplv-tiktokx-cropcenter:100:100.jpg?dr=14579&refresh_token=8781d7e5&x-expires=1778400000&x-signature=6R1xPi7NOGOqqqJr71JXGWMMdZA%3D&t=4d5b0474&ps=13740610&shp=30310797&shcp=ff37627b&idc=my2"
"It’s patched now 😔✌️","9","1","2026-03-02T02:54:24.000Z","sakaree_","https://www.tiktok.com/@user6611908121759/video/7612233575705955597","7544451603639747639","7612486151818969869","https://p16-common-sign.tiktokcdn.com/tos-maliva-avt-0068/a9a3919027db2e9b047026e9b2268f70~tplv-tiktokx-cropcenter:100:100.jpg?dr=14579&refresh_token=2a5ffec9&x-expires=1778400000&x-signature=9jlMTj3VsMSrFJrYquTeXuCWnQ4%3D&t=4d5b0474&ps=13740610&shp=30310797&shcp=ff37627b&idc=my2"
"we need more of these","8","1","2026-03-02T02:08:37.000Z","roots8175","https://www.tiktok.com/@user6611908121759/video/7612233575705955597","7242011296895501354","7612474325334164254","https://p16-common-sign.tiktokcdn.com/tos-maliva-avt-0068/7242012131976511531~tplv-tiktokx-cropcenter:100:100.jpg?dr=14579&refresh_token=707f4f54&x-expires=1778400000&x-signature=Z4bNYLlx0sxBrdMA7zlYf5RNCg4%3D&t=4d5b0474&ps=13740610&shp=30310797&shcp=ff37627b&idc=my2"
"Am i too serious or is this not a good thing to really do?..","18","1","2026-03-02T04:06:23.000Z","13.10.20086","https://www.tiktok.com/@user6611908121759/video/7612233575705955597","7497295123777356816","7612504702463558401","https://p16-common-sign.tiktokcdn.com/tos-alisg-avt-0068/f216725e87a4f79e60ca6e531fb30f62~tplv-tiktokx-cropcenter:100:100.jpg?dr=14579&refresh_token=4f8fd791&x-expires=1778400000&x-signature=i0g4vZP5Syq3W5xGI6jPLwj2hkc%3D&t=4d5b0474&ps=13740610&shp=30310797&shcp=ff37627b&idc=my2"
"Yoooo if somebody walks into my McDonalds wit ts imma be ctfu😭😭😭","7","1","2026-03-02T02:16:38.000Z","ladyy.drenchh","https://www.tiktok.com/@user6611908121759/video/7612233575705955597","7006071049814459397","7612476386259370783","https://p77-sign-va.tiktokcdn.com/tos-maliva-avt-0068/8675d224b2e39b1602d1c09d16f15b63~tplv-tiktokx-cropcenter:100:100.jpg?dr=14579&refresh_token=4c2933c5&x-expires=1778400000&x-signature=vrLKeq1f83xrD6C%2BVYXqcD%2Bkl1A%3D&t=4d5b0474&ps=13740610&shp=30310797&shcp=ff37627b&idc=my2"
"Ya somos tres que hablamos español","6","1","2026-03-02T07:04:32.000Z","black_berry._2","https://www.tiktok.com/@user6611908121759/video/7612233575705955597","7506699994983105579","7612550455135290143","https://p19-common-sign.tiktokcdn.com/tos-maliva-avt-0068/1bb1cbc674fa5ce1c6c6ea2501700b0c~tplv-tiktokx-cropcenter:100:100.jpg?dr=14579&refresh_token=67a23917&x-expires=1778400000&x-signature=rbvrQzywwEnJKU11Bah7lJPjJJQ%3D&t=4d5b0474&ps=13740610&shp=30310797&shcp=ff37627b&idc=my2"
"what kinda joke is this?","16","1","2026-03-02T09:11:04.000Z","jujutsukaisan521","https://www.tiktok.com/@user6611908121759/video/7612233575705955597","7208747334578078726","7612583189371077377","https://p16-common-sign.tiktokcdn.com/tos-alisg-avt-0068/ecaf36fd6ad7fefc1b786ca36f618c99~tplv-tiktokx-cropcenter:100:100.jpg?dr=14579&refresh_token=1303f458&x-expires=1778400000&x-signature=rYev66NbInBvULIDti7JVqbIG0M%3D&t=4d5b0474&ps=13740610&shp=30310797&shcp=ff37627b&idc=my2"
"Bro stressing them out😭","14","1","2026-03-02T06:10:36.000Z","shequill","https://www.tiktok.com/@user6611908121759/video/7612233575705955597","7005682968842093574","7612536637445096225","https://p16-common-sign.tiktokcdn.com/tos-useast2a-avt-0068-euttp/2dcec695248f9ddf5af87897378bd69a~tplv-tiktokx-cropcenter:100:100.jpg?dr=14579&refresh_token=dab9a74b&x-expires=1778400000&x-signature=XXy6zvpCqnqjszZuph8H2tPXUk4%3D&t=4d5b0474&ps=13740610&shp=30310797&shcp=ff37627b&idc=my2"
"[Sticker] NOT MY NUGGIESSS","9","1","2026-03-02T01:13:56.000Z","its_not_ezekiell","https://www.tiktok.com/@user6611908121759/video/7612233575705955597","7601726803476775950","7612460225455473421","https://p77-sign-va.tiktokcdn.com/tos-maliva-avt-0068/df52e6e5137349002bb2f726a24876df~tplv-tiktokx-cropcenter:100:100.jpg?dr=14579&refresh_token=9a9aae5b&x-expires=1778400000&x-signature=JSkk2nRLrDBVu2YOmh9e8kaLGeU%3D&t=4d5b0474&ps=13740610&shp=30310797&shcp=ff37627b&idc=my2"
"Is that the fire alarm","6","1","2026-03-02T03:35:26.000Z","jonthefool","https://www.tiktok.com/@user6611908121759/video/7612233575705955597","6997495015015531525","7612496675933225758","https://p16-common-sign.tiktokcdn.com/tos-maliva-avt-0068/b976f5da8087122476a30371a2e471ad~tplv-tiktokx-cropcenter:100:100.jpg?dr=14579&refresh_token=8a018aee&x-expires=1778400000&x-signature=QnpwMLzUyNHv5kJ8qbhMWNp3hyY%3D&t=4d5b0474&ps=13740610&shp=30310797&shcp=ff37627b&idc=my2"
"Waste Food is sooo dump man","6","0","2026-04-26T04:21:06.000Z","motorfranz88","https://www.tiktok.com/@user6611908121759/video/7612233575705955597","7465729209093309472","7632917727682757408","https://p16-common-sign.tiktokcdn-eu.com/tos-no1a-avt-0068c001-no/a03c0285830996adcc16dc78ac065be7~tplv-tiktokx-cropcenter:100:100.jpg?dr=10399&refresh_token=3da1ec7d&x-expires=1778400000&x-signature=lynj4S72FEXKKh718bAjJpcttaU%3D&t=4d5b0474&ps=13740610&shp=30310797&shcp=ff37627b&idc=no1a"
"“Them on TikTok seeing this”👀","6","0","2026-04-25T22:26:04.000Z","moonl1ght0101","https://www.tiktok.com/@user6611908121759/video/7612233575705955597","7488857969992991787","7632826649536840462","https://p16-common-sign.tiktokcdn-eu.com/tos-maliva-avt-0068/5f0956fa06c4971bdb474160443a0ad2~tplv-tiktokx-cropcenter:100:100.jpg?dr=10399&refresh_token=d00b7839&x-expires=1778400000&x-signature=2E8EfuIm%2Bhs%2BvZ6RIeGbbxuquQg%3D&t=4d5b0474&ps=13740610&shp=30310797&shcp=ff37627b&idc=no1a"
"Ordered extra mayo…","30","0","2026-03-02T05:46:56.000Z","em.potatoes_","https://www.tiktok.com/@user6611908121759/video/7612233575705955597","6790568881842373638","7612530595462562568","https://p16-common-sign.tiktokcdn-eu.com/tos-alisg-avt-0068/7392067197960454162~tplv-tiktokx-cropcenter:100:100.jpg?dr=10399&refresh_token=fdbc5f37&x-expires=1778400000&x-signature=yjylghtPS2qsKpV9NEFfeMlnMuU%3D&t=4d5b0474&ps=13740610&shp=30310797&shcp=ff37627b&idc=no1a"
"Foodwaste so unnecessary","6","0","2026-04-25T14:39:48.000Z","manouk2105","https://www.tiktok.com/@user6611908121759/video/7612233575705955597","93587201027899392","7632706484992918305","https://p16-common-sign.tiktokcdn-eu.com/tos-no1a-avt-0068c001-no/bf4c12621e6e97b95c54ef949fd860cf~tplv-tiktokx-cropcenter:100:100.jpg?dr=10399&refresh_token=ad24f2e3&x-expires=1778400000&x-signature=5qVap%2BEYsSLvvYjGubHxK5M2%2Bfk%3D&t=4d5b0474&ps=13740610&shp=30310797&shcp=ff37627b&idc=no1a"
"u know someone is getting screamed at","29","0","2026-03-02T01:53:56.000Z","gr8tefulkiki420","https://www.tiktok.com/@user6611908121759/video/7612233575705955597","7225735259520893995","7612470480428548878","https://p16-common-sign.tiktokcdn-eu.com/tos-maliva-avt-0068/a6ab935ed1e69dadefeaafc1fa8a7a31~tplv-tiktokx-cropcenter:100:100.jpg?dr=10399&refresh_token=2108fc62&x-expires=1778400000&x-signature=5r0E1QUisAldS7K0fGdo9kTi%2Fms%3D&t=4d5b0474&ps=13740610&shp=30310797&shcp=ff37627b&idc=no1a"
"McDonald’s hate to see u coming","29","0","2026-03-01T23:41:51.000Z","its_averie21","https://www.tiktok.com/@user6611908121759/video/7612233575705955597","7462447871201428510","7612436454061474573","https://p19-common-sign.tiktokcdn-eu.com/tos-maliva-avt-0068/11154d2fe8ec2eae7ca0ed43b43cd882~tplv-tiktokx-cropcenter:100:100.jpg?dr=10399&refresh_token=f2296890&x-expires=1778400000&x-signature=k25DBqglxmkmsh1KZhNb%2B0Al7uw%3D&t=4d5b0474&ps=13740610&shp=30310797&shcp=ff37627b&idc=no1a"
"Don’t play with food bro","6","0","2026-04-24T21:56:19.000Z","fskeel","https://www.tiktok.com/@user6611908121759/video/7612233575705955597","7162322715172897798","7632447916795740961","https://p16-common-sign.tiktokcdn-eu.com/tos-maliva-avt-0068/7162323047050346502~tplv-tiktokx-cropcenter:100:100.jpg?dr=10399&refresh_token=9d9f6818&x-expires=1778400000&x-signature=TBsUIeUGfjwiS02nIwZcv8oyvzg%3D&t=4d5b0474&ps=13740610&shp=30310797&shcp=ff37627b&idc=no1a"
"Bro, doing anything to get $1 million","27","0","2026-03-01T21:07:23.000Z","jaysautorefinishing","https://www.tiktok.com/@user6611908121759/video/7612233575705955597","7560471152151102477","7612396692306248461","https://p16-common-sign.tiktokcdn-eu.com/tos-maliva-avt-0068/d21723a4c69496f24bb2fe64e10c5b94~tplv-tiktokx-cropcenter:100:100.jpg?dr=10399&refresh_token=563451b1&x-expires=1778400000&x-signature=rPaR99%2B%2BlYz3iDbVHXLzX0FZQ78%3D&t=4d5b0474&ps=13740610&shp=30310797&shcp=ff37627b&idc=no1a"
"it is slightly funny but you playing wit people jobs gang you gotta chill😭","26","0","2026-03-01T22:37:14.000Z","cartierframes6","https://www.tiktok.com/@user6611908121759/video/7612233575705955597","7487776540169995307","7612419847569408799","https://p16-common-sign.tiktokcdn-eu.com/tos-maliva-avt-0068/82e389c11ceaa94a4c85a3992c088de8~tplv-tiktokx-cropcenter:100:100.jpg?dr=10399&refresh_token=c3e4d13b&x-expires=1778400000&x-signature=1G8mHgpSaIokJw29RYnMq%2FAmMEU%3D&t=4d5b0474&ps=13740610&shp=30310797&shcp=ff37627b&idc=no1a"
"your making them fight","25","0","2026-03-02T06:53:55.000Z","001f17","https://www.tiktok.com/@user6611908121759/video/7612233575705955597","6934999945930015746","7612547877882069768","https://p16-common-sign.tiktokcdn-eu.com/tos-alisg-avt-0068/aa8e29b678f415ee4245e0a8733af7e6~tplv-tiktokx-cropcenter:100:100.jpg?dr=10399&refresh_token=61504f26&x-expires=1778400000&x-signature=bvq0CiqplgAj0NYNLdHMoHffIDU%3D&t=4d5b0474&ps=13740610&shp=30310797&shcp=ff37627b&idc=no1a"
"People losing their job over this? That ain't funny...AT ALL 😠","13","0","2026-03-02T08:18:55.000Z","mercur..y00","https://www.tiktok.com/@user6611908121759/video/7612233575705955597","6966854129725817861","7612569794709029652","https://p16-common-sign.tiktokcdn-us.com/tos-alisg-avt-0068/8f40ac48ff9f2308415ae24f51897864~tplv-tiktokx-cropcenter:100:100.jpg?dr=9640&refresh_token=90031a97&x-expires=1778400000&x-signature=PZgpGGJ9pRfQBS9ZU02jwGu9BSw%3D&t=4d5b0474&ps=13740610&shp=30310797&shcp=ff37627b&idc=useast8"
"He play too much 😂😂😂","18","0","2026-03-02T02:49:26.000Z","cozy_clouldz","https://www.tiktok.com/@user6611908121759/video/7612233575705955597","7532233596460647438","7612484798616126239","https://p16-common-sign.tiktokcdn-us.com/tos-useast8-avt-0068-tx2/5cade63246569d9bee2fd8c50ddc5b63~tplv-tiktokx-cropcenter:100:100.jpg?dr=9640&refresh_token=e40a1ee2&x-expires=1778400000&x-signature=ymPXurqB6xCIVQm5r8737%2F15A8A%3D&t=4d5b0474&ps=13740610&shp=30310797&shcp=ff37627b&idc=useast8"
"Yo, you going to get somebody fired.. lol","15","0","2026-03-02T01:23:24.000Z","kemiticbyz2099","https://www.tiktok.com/@user6611908121759/video/7612233575705955597","6887947022932067334","7612462700429574943","https://p19-common-sign.tiktokcdn-us.com/tos-useast8-avt-0068-tx2/59fe981975d628c7e0a3bea99511b2d3~tplv-tiktokx-cropcenter:100:100.jpg?dr=9640&refresh_token=841ed729&x-expires=1778400000&x-signature=ORB9UtzD0LwaA7kKnn7LFoM3%2B3E%3D&t=4d5b0474&ps=13740610&shp=30310797&shcp=ff37627b&idc=useast8"
"The extra cheese had me in stitches","5","0","2026-04-29T01:36:47.000Z","robynejamieson","https://www.tiktok.com/@user6611908121759/video/7612233575705955597","207006147139260416","7633988617929982742","https://p19-common-sign.tiktokcdn-us.com/tos-maliva-avt-0068/ccdacd9ef33622e1fe24a33860f00195~tplv-tiktokx-cropcenter:100:100.jpg?dr=9640&refresh_token=1b00e323&x-expires=1778400000&x-signature=0XM9hbKf4UyYFYW2M6BaKXecxxQ%3D&t=4d5b0474&ps=13740610&shp=30310797&shcp=ff37627b&idc=useast8"
"Dang some one gonna get fired 😭😭😭 noooo😭","16","0","2026-03-02T03:11:38.000Z","jessurawesome","https://www.tiktok.com/@user6611908121759/video/7612233575705955597","7127445020181955627","7612490548922975007","https://p19-common-sign.tiktokcdn-us.com/tos-useast8-avt-0068-tx2/62ba3ac1f25d73b89ea72ff75a8719e0~tplv-tiktokx-cropcenter:100:100.jpg?dr=9640&refresh_token=69466489&x-expires=1778400000&x-signature=%2BeQD3rZVK9YHzZxCDx0nlr16hBo%3D&t=4d5b0474&ps=13740610&shp=30310797&shcp=ff37627b&idc=useast8"
"People getting fired for this😭🥀","18","0","2026-03-02T02:55:39.000Z","wh_at001","https://www.tiktok.com/@user6611908121759/video/7612233575705955597","7531954906123518989","7612486452999799582","https://p19-common-sign.tiktokcdn-us.com/tos-useast8-avt-0068-tx2/3b96d32ecb456f8b7cab94d8476d5ab2~tplv-tiktokx-cropcenter:100:100.jpg?dr=9640&refresh_token=3eacb8cb&x-expires=1778400000&x-signature=N04lxZAvjMszsMXe%2F2LiWjrqkvs%3D&t=4d5b0474&ps=13740610&shp=30310797&shcp=ff37627b&idc=useast8"
"she was like","13","0","2026-03-02T01:19:03.000Z","sumsexc.brownskin1","https://www.tiktok.com/@user6611908121759/video/7612233575705955597","7548579252212417591","7612461540918444813","https://p19-common-sign.tiktokcdn-us.com/tos-useast5-avt-0068-tx/586cde215ab820a3b83b0d4597c5a5da~tplv-tiktokx-cropcenter:100:100.jpg?dr=9640&refresh_token=b50caae3&x-expires=1778400000&x-signature=2ejrSU9sL2myiFkZQ4G66O%2FeIJs%3D&t=4d5b0474&ps=13740610&shp=30310797&shcp=ff37627b&idc=useast8"
"“Whuuut duuuhhh fuhhhh” got me crying","20","0","2026-03-02T03:04:30.000Z","runitupron7","https://www.tiktok.com/@user6611908121759/video/7612233575705955597","6917120100093953029","7612488741869765406","https://p16-common-sign.tiktokcdn-us.com/tos-useast8-avt-0068-tx2/89e5dff81c33028885ac4311ac729f06~tplv-tiktokx-cropcenter:100:100.jpg?dr=9640&refresh_token=1a9637e5&x-expires=1778400000&x-signature=TE64wGEd62wQkg395pRN4rkgc3M%3D&t=4d5b0474&ps=13740610&shp=30310797&shcp=ff37627b&idc=useast8"
"dam u trying to get ppl fired from the McDonald's 😂😂😂😂i love it","21","0","2026-03-02T04:01:17.000Z","titfortat0413","https://www.tiktok.com/@user6611908121759/video/7612233575705955597","6551969122618446848","7612503318662185742","https://p16-common-sign.tiktokcdn-us.com/tos-useast5-avt-0068-tx/8fb579a2073b2d4f5ab5560014f1a94d~tplv-tiktokx-cropcenter:100:100.jpg?dr=9640&refresh_token=54518929&x-expires=1778400000&x-signature=WnqfdRxLsFZTnTTPo3g3RQPk9gk%3D&t=4d5b0474&ps=13740610&shp=30310797&shcp=ff37627b&idc=useast8"
"How do you have this much time on your hands bro. Hahaha","25","0","2026-03-02T04:08:54.000Z","flem4000","https://www.tiktok.com/@user6611908121759/video/7612233575705955597","6866046396899230725","7612505310586913567","https://p19-common-sign.tiktokcdn-us.com/tos-useast8-avt-0068-tx2/914aa60bf638be80e15667c536809016~tplv-tiktokx-cropcenter:100:100.jpg?dr=9640&refresh_token=0d010a4b&x-expires=1778400000&x-signature=z9kSlFVMvh8suAefBc%2FozK6WT2I%3D&t=4d5b0474&ps=13740610&shp=30310797&shcp=ff37627b&idc=useast8"
"why are getting ppl in trouble 🤨","25","0","2026-03-02T02:14:41.000Z","411janedoe411","https://www.tiktok.com/@user6611908121759/video/7612233575705955597","6952766059943658501","7612475902139663134","https://p16-common-sign.tiktokcdn-us.com/tos-useast5-avt-0068-tx/f1bfde147362ab7c76e8f100efc07cf7~tplv-tiktokx-cropcenter:100:100.jpg?dr=9640&refresh_token=a08fab19&x-expires=1778400000&x-signature=y9W5eCT7Qq4yTg%2FRLtzITbXWerE%3D&t=4d5b0474&ps=13740610&shp=30310797&shcp=ff37627b&idc=useast8"
"That’s not funny bro","5","0","2026-04-27T11:27:29.000Z","cookitalian3","https://www.tiktok.com/@user6611908121759/video/7612233575705955597","7592949205674935309","7633399027720192798","https://p16-common-sign.tiktokcdn-us.com/tos-useast8-avt-0068-tx2/188f9a4f5fbebf9ab70e28aa51d359d6~tplv-tiktokx-cropcenter:100:100.jpg?dr=9640&refresh_token=e2bc7b03&x-expires=1778400000&x-signature=OnQMky6u90adMSFeSNfbpsJFTi4%3D&t=4d5b0474&ps=13740610&shp=30310797&shcp=ff37627b&idc=useast8"
"I would be dying bro I swear 🥹✌️","21","0","2026-03-02T03:01:47.000Z","sugarflysnumberonefan","https://www.tiktok.com/@user6611908121759/video/7612233575705955597","7417666263554524202","7612487998215979807","https://p16-common-sign.tiktokcdn-us.com/tos-useast8-avt-0068-tx2/9f3f8b87dbcbbbc5dece614435ce1593~tplv-tiktokx-cropcenter:100:100.jpg?dr=9640&refresh_token=e910440c&x-expires=1778400000&x-signature=gdgtI2M814M%2FtoBV42pixVY3%2FBU%3D&t=4d5b0474&ps=13740610&shp=30310797&shcp=ff37627b&idc=useast8"
"Why are they so trusting","20","0","2026-03-02T05:55:13.000Z","racersname","https://www.tiktok.com/@user6611908121759/video/7612233575705955597","7186120767070225413","7612532766982357778","https://p19-common-sign.tiktokcdn-us.com/tos-alisg-avt-0068/3b418a8a8031bafe4cb38ef53297bc58~tplv-tiktokx-cropcenter:100:100.jpg?dr=9640&refresh_token=e56edffc&x-expires=1778400000&x-signature=%2BjVhBi165j53AGM%2FTuC82xDv748%3D&t=4d5b0474&ps=13740610&shp=30310797&shcp=ff37627b&idc=useast8"
"But why????","21","0","2026-03-02T08:21:55.000Z","hedil369","https://www.tiktok.com/@user6611908121759/video/7612233575705955597","7091591207747224581","7612570535625687828","https://p16-common-sign.tiktokcdn-us.com/tos-maliva-avt-0068/05052c17b07db12a20d139551634f446~tplv-tiktokx-cropcenter:100:100.jpg?dr=9640&refresh_token=8bcceb92&x-expires=1778400000&x-signature=RMXtOMdRPstD0KwwfQ8T%2Btm%2FyRs%3D&t=4d5b0474&ps=13740610&shp=30310797&shcp=ff37627b&idc=useast8"
"funny but not funny. might cause a innocent hard working employee fired for a minimum wage job","6","0","2026-04-26T03:44:18.000Z","manuelvillegas5647","https://www.tiktok.com/@user6611908121759/video/7612233575705955597","7155706600009925678","7632908643532981006","https://p16-common-sign.tiktokcdn-us.com/tos-useast5-avt-0068-tx/bc95097b39db21f2c4a989eeb0852ebf~tplv-tiktokx-cropcenter:100:100.jpg?dr=9640&refresh_token=c110d037&x-expires=1778400000&x-signature=hohL3GNs1ADS0y9BbZ7H0RGVBW8%3D&t=4d5b0474&ps=13740610&shp=30310797&shcp=ff37627b&idc=useast8"
"He's gonna get people fired for they lol","14","0","2026-03-02T04:29:44.000Z","209candyred","https://www.tiktok.com/@user6611908121759/video/7612233575705955597","6791709903913927686","7612510645188330253","https://p16-common-sign.tiktokcdn-us.com/tos-useast5-avt-0068-tx/7cfeb6c5117296158303494cc391ff10~tplv-tiktokx-cropcenter:100:100.jpg?dr=9640&refresh_token=9b9e35d3&x-expires=1778400000&x-signature=61tV2W6M4KQ30LY1GydLWWIZpy0%3D&t=4d5b0474&ps=13740610&shp=30310797&shcp=ff37627b&idc=useast8"
"That extra cheese took me out","43","0","2026-03-01T23:11:30.000Z","trenchbabyty2025","https://www.tiktok.com/@user6611908121759/video/7612233575705955597","7510385284298523694","7612428628487897869","https://p16-common-sign.tiktokcdn-us.com/tos-useast5-avt-0068-tx/3a6f226186a2aefe6a1dbd966ad8648f~tplv-tiktokx-cropcenter:100:100.jpg?dr=9640&refresh_token=59bd6fd5&x-expires=1778400000&x-signature=LVJV1gfYBaO2Pib%2FpEHqncmL0hs%3D&t=4d5b0474&ps=13740610&shp=30310797&shcp=ff37627b&idc=useast8"
"This is why they don’t take it seriously for us honest folks.","18","0","2026-03-02T01:56:32.000Z","scraper586","https://www.tiktok.com/@user6611908121759/video/7612233575705955597","7215365051007894570","7612471212220416782","https://p19-common-sign.tiktokcdn-us.com/tos-useast5-avt-0068-tx/c8fed61237d7b612b7d65022b21bc910~tplv-tiktokx-cropcenter:100:100.jpg?dr=9640&refresh_token=3edf422c&x-expires=1778400000&x-signature=SkkXXfS696aDN%2Fy%2B4FPEoPsqu8M%3D&t=4d5b0474&ps=13740610&shp=30310797&shcp=ff37627b&idc=useast8"
"Bro is getting people fired 🤣🤣","11","0","2026-03-02T04:22:00.000Z","projecttercel1980","https://www.tiktok.com/@user6611908121759/video/7612233575705955597","6937387864863130629","7612508717392593695","https://p16-common-sign.tiktokcdn-us.com/tos-useast8-avt-0068-tx2/61c99b1e37a237e28eaaa86b2f037e7b~tplv-tiktokx-cropcenter:100:100.jpg?dr=9640&refresh_token=cc47c250&x-expires=1778400000&x-signature=HPZBLJ%2FvWnk0avPCg8AHsZD6k7E%3D&t=4d5b0474&ps=13740610&shp=30310797&shcp=ff37627b&idc=useast8"
"ok i get it its prankless harms but it can eventually get staff fired bro.......","17","0","2026-03-02T07:51:59.000Z","galiphalilov","https://www.tiktok.com/@user6611908121759/video/7612233575705955597","6937230730116465669","7612562811809645344","https://p19-common-sign.tiktokcdn-us.com/tos-useast2a-avt-0068-euttp/3a0eed6b77b23a93749d774e8c36f341~tplv-tiktokx-cropcenter:100:100.jpg?dr=9640&refresh_token=514137e2&x-expires=1778400000&x-signature=SubiJPrN4KdfF9gt%2FyYKiRyOUY8%3D&t=4d5b0474&ps=13740610&shp=30310797&shcp=ff37627b&idc=useast8"
"not fun","7","0","2026-04-27T03:59:36.000Z","santo.domingo71","https://www.tiktok.com/@user6611908121759/video/7612233575705955597","7498846913135952918","7633283427870016278","https://p16-common-sign.tiktokcdn-us.com/tos-maliva-avt-0068/2624cf58a2e710871089deca078e542c~tplv-tiktokx-cropcenter:100:100.jpg?dr=9640&refresh_token=5994c655&x-expires=1778400000&x-signature=hdXTYcefYSMaSrO6ZJJvib4hjuA%3D&t=4d5b0474&ps=13740610&shp=30310797&shcp=ff37627b&idc=useast8"
"the workers","7","0","2026-03-02T04:02:09.000Z","crazyaries69snitch","https://www.tiktok.com/@user6611908121759/video/7612233575705955597","7448081993407644677","7612503603366609672","https://p19-common-sign.tiktokcdn-us.com/tos-alisg-avt-0068/e3a9be10d3d68fb981093fa7f8e6984b~tplv-tiktokx-cropcenter:100:100.jpg?dr=9640&refresh_token=838c1412&x-expires=1778400000&x-signature=0u%2FDzrfZXNnEunkVHe%2FOmpu9WnA%3D&t=4d5b0474&ps=13740610&shp=30310797&shcp=ff37627b&idc=useast8"
"WHO DID DIS","86","1","2026-03-01T17:02:37.000Z","notsocializ","https://www.tiktok.com/@user6611908121759/video/7612233575705955597","7121081591509615662","7612333601992459021","https://p19-common-sign.tiktokcdn-us.com/tos-useast5-avt-0068-tx/a2cd93491a0b0f5235e9c035b650be53~tplv-tiktokx-cropcenter:100:100.jpg?dr=9640&refresh_token=ad58983f&x-expires=1778400000&x-signature=OvEMclrciHE7u6OfSn6A7cewlN0%3D&t=4d5b0474&ps=13740610&shp=30310797&shcp=ff37627b&idc=useast8"
"he be having to much free time","17","0","2026-03-02T04:06:25.000Z","ashontex2","https://www.tiktok.com/@user6611908121759/video/7612233575705955597","6791628357497095174","7612504692517929759","https://p16-common-sign.tiktokcdn-us.com/tos-useast5-avt-0068-tx/7352387853915013166~tplv-tiktokx-cropcenter:100:100.jpg?dr=9640&refresh_token=a8d73cd1&x-expires=1778400000&x-signature=%2FtNPAgTpnSFVy0wdAF2h8Cvq2HU%3D&t=4d5b0474&ps=13740610&shp=30310797&shcp=ff37627b&idc=useast8"
"No way he believes this with the cheese? 😂 Who did this 😂","7","0","2026-03-02T09:34:54.000Z","sava.k92","https://www.tiktok.com/@user6611908121759/video/7612233575705955597","6690730327851615237","7612589306532119318","https://p16-common-sign.tiktokcdn-us.com/tos-maliva-avt-0068/7325181238598664197~tplv-tiktokx-cropcenter:100:100.jpg?dr=9640&refresh_token=35e13b30&x-expires=1778400000&x-signature=6mbiT9WCYuAFb8eWQBeQcrmgXA4%3D&t=4d5b0474&ps=13740610&shp=30310797&shcp=ff37627b&idc=useast8"
"I just kno u got sme ppl fired🙄😅","17","0","2026-03-02T01:43:17.000Z","krownme12","https://www.tiktok.com/@user6611908121759/video/7612233575705955597","6979312853401289733","7612467797494448909","https://p16-common-sign.tiktokcdn-us.com/tos-useast5-avt-0068-tx/e751852c982f7dd917da969a0ca3e1a2~tplv-tiktokx-cropcenter:100:100.jpg?dr=9640&refresh_token=7f5263e8&x-expires=1778400000&x-signature=Wk0GcDGYJZwWXkRTBm6nIHMDiAw%3D&t=4d5b0474&ps=13740610&shp=30310797&shcp=ff37627b&idc=useast8"
"Who did thissss✨✨✨✨✨","25","0","2026-03-01T23:49:55.000Z","justdoitnickyy","https://www.tiktok.com/@user6611908121759/video/7612233575705955597","6794077776729326597","7612438579465585439","https://p19-common-sign.tiktokcdn-us.com/tos-useast8-avt-0068-tx2/10c2d933f558d28b42dc8d9b175b1bc6~tplv-tiktokx-cropcenter:100:100.jpg?dr=9640&refresh_token=0ad1138f&x-expires=1778400000&x-signature=6oXs%2Blg%2Bb6ye7ALgMdXa9fsRtqk%3D&t=4d5b0474&ps=13740610&shp=30310797&shcp=ff37627b&idc=useast8"
"how can he be so serious I would start laughing as soon as I tell them","14","0","2026-03-02T05:08:18.000Z","unknown6289819","https://www.tiktok.com/@user6611908121759/video/7612233575705955597","7575413691433960461","7612520621901366029","https://p19-common-sign.tiktokcdn-us.com/tos-useast5-avt-0068-tx/c5f8cc07386b88e6dea965dbb0497363~tplv-tiktokx-cropcenter:100:100.jpg?dr=9640&refresh_token=e4165773&x-expires=1778400000&x-signature=PluGm%2BvN1F8CHJEjKmAtQmXQzfw%3D&t=4d5b0474&ps=13740610&shp=30310797&shcp=ff37627b&idc=useast8"
"usually I'm not ok with this but you know what? it's McDonald's, so I don't feel bad","13","0","2026-03-02T02:12:40.000Z","th0ughtcrimes","https://www.tiktok.com/@user6611908121759/video/7612233575705955597","7168939153043588142","7612475303202489101","https://p19-common-sign.tiktokcdn-us.com/tos-useast5-avt-0068-tx/7346917717112274990~tplv-tiktokx-cropcenter:100:100.jpg?dr=9640&refresh_token=77497760&x-expires=1778400000&x-signature=G4HmVA3lIBTGvqAjJC03KhlqisE%3D&t=4d5b0474&ps=13740610&shp=30310797&shcp=ff37627b&idc=useast8"
"getting sooo many people firedddd. 🤣🤣🤣","14","0","2026-03-02T04:59:58.000Z","meghanleigh92","https://www.tiktok.com/@user6611908121759/video/7612233575705955597","6819239291089732609","7612518499667182366","https://p16-common-sign.tiktokcdn-us.com/tos-useast8-avt-0068-tx2/781dff0e6551d648dac26f5afaae3cae~tplv-tiktokx-cropcenter:100:100.jpg?dr=9640&refresh_token=b9a2961d&x-expires=1778400000&x-signature=r66n7M68GuXjoMtjPazoemBd5LE%3D&t=4d5b0474&ps=13740610&shp=30310797&shcp=ff37627b&idc=useast8"
"this is so funny to me i don’t understand","16","0","2026-03-02T05:30:43.000Z","_viiixixmcmxcvii","https://www.tiktok.com/@user6611908121759/video/7612233575705955597","126953040229740544","7612526346938221326","https://p16-common-sign.tiktokcdn-us.com/tos-useast5-avt-0068-tx/c50f0d736f4d9387c5800cffdf4f9ed4~tplv-tiktokx-cropcenter:100:100.jpg?dr=9640&refresh_token=55f45462&x-expires=1778400000&x-signature=zfubCTei7HmbPzUDdrgPZ3yXCaQ%3D&t=4d5b0474&ps=13740610&shp=30310797&shcp=ff37627b&idc=useast8"
"I don’t get the joke. But Damn imagine getting fire over this then seeing the video.","39","0","2026-03-01T22:13:17.000Z","thatpersons16","https://www.tiktok.com/@user6611908121759/video/7612233575705955597","7468863756346606638","7612413642970104606","https://p16-common-sign.tiktokcdn-us.com/tos-useast5-avt-0068-tx/152c8bb277be2966daf8e36b8cf15d87~tplv-tiktokx-cropcenter:100:100.jpg?dr=9640&refresh_token=25c178ee&x-expires=1778400000&x-signature=jOeskxcYtrSKo4r49kuKROBzDxE%3D&t=4d5b0474&ps=13740610&shp=30310797&shcp=ff37627b&idc=useast8"
"Oh she knew what you was doing😂😂😭","22","0","2026-03-02T01:08:24.000Z","z71.his._.liltwin","https://www.tiktok.com/@user6611908121759/video/7612233575705955597","6987453525492433925","7612458760163033869","https://p19-common-sign.tiktokcdn-us.com/tos-useast5-avt-0068-tx/5d3c82ce52ba1d5ac963c534c6f2ae83~tplv-tiktokx-cropcenter:100:100.jpg?dr=9640&refresh_token=73e34717&x-expires=1778400000&x-signature=60cTHGOqaxXK%2F5UsnlHxnn3BA9M%3D&t=4d5b0474&ps=13740610&shp=30310797&shcp=ff37627b&idc=useast8"
"We're just ingnoring the customer spawning out of the kitchen? 🤣","55","0","2026-03-02T07:11:38.000Z","crisologo_ocean","https://www.tiktok.com/@user6611908121759/video/7612233575705955597","6980002066475336705","7612552416110478100","https://p16-common-sign.tiktokcdn-us.com/tos-maliva-avt-0068/2df8d12056f93225ea14cfd68a4752f1~tplv-tiktokx-cropcenter:100:100.jpg?dr=9640&refresh_token=40b8ae3e&x-expires=1778400000&x-signature=HkewXcE%2BYP2AKb%2BMV0xEH7BPSbY%3D&t=4d5b0474&ps=13740610&shp=30310797&shcp=ff37627b&idc=useast8"
"why yall put cheese on my cheese burger","15","0","2026-03-02T03:47:08.000Z","emilymendez425","https://www.tiktok.com/@user6611908121759/video/7612233575705955597","7530118707583534094","7612499660326093582","https://p19-common-sign.tiktokcdn-us.com/tos-useast5-avt-0068-tx/6a4e9e0076523b7ead861e0a6e7d14a0~tplv-tiktokx-cropcenter:100:100.jpg?dr=9640&refresh_token=b56af6f0&x-expires=1778400000&x-signature=Pq6g2%2FeFyIVa5iEDx08rkG%2F9K9U%3D&t=4d5b0474&ps=13740610&shp=30310797&shcp=ff37627b&idc=useast8"
"bruh aint no way you pull this off 😂🤣","18","0","2026-03-02T02:48:18.000Z","pewfessor.travels","https://www.tiktok.com/@user6611908121759/video/7612233575705955597","7569289717699986446","7612484494453834527","https://p16-common-sign.tiktokcdn-us.com/tos-useast5-avt-0068-tx/ff79c7c5d4a29498485f0d2bfe11d845~tplv-tiktokx-cropcenter:100:100.jpg?dr=9640&refresh_token=1c640ba9&x-expires=1778400000&x-signature=VNrK2ixsTmblqz81u6Q6BgdlLNQ%3D&t=4d5b0474&ps=13740610&shp=30310797&shcp=ff37627b&idc=useast8"
"The cheese dude went in 😂","18","0","2026-03-02T02:50:20.000Z","1rybibi","https://www.tiktok.com/@user6611908121759/video/7612233575705955597","7243677228520670250","7612485010465424141","https://p19-common-sign.tiktokcdn-us.com/tos-useast8-avt-0068-tx2/507849d46d0e8c2a775fbf2da790f1a2~tplv-tiktokx-cropcenter:100:100.jpg?dr=9640&refresh_token=951bbf3c&x-expires=1778400000&x-signature=Xv2uLIs1T0ulhhMUHFE%2Ficqal7s%3D&t=4d5b0474&ps=13740610&shp=30310797&shcp=ff37627b&idc=useast8"
"prolly got someone in trouble","18","0","2026-03-02T01:22:29.000Z","violexiatnt","https://www.tiktok.com/@user6611908121759/video/7612233575705955597","6641371822011613190","7612462438797361951","https://p19-common-sign.tiktokcdn-us.com/tos-useast8-avt-0068-tx2/25c25541e796f1e543f3a9216d5d1fa3~tplv-tiktokx-cropcenter:100:100.jpg?dr=9640&refresh_token=fefb27b0&x-expires=1778400000&x-signature=iqnV9XnpNZZnIKDCF08ShQ4e5VE%3D&t=4d5b0474&ps=13740610&shp=30310797&shcp=ff37627b&idc=useast8"
"do u think it's funny","44","2","2026-03-02T09:02:45.000Z","bannybacara","https://www.tiktok.com/@user6611908121759/video/7612233575705955597","6562574178154659841","7612581090133656328","https://p19-common-sign.tiktokcdn-us.com/tos-alisg-avt-0068/ef37546bfdb9b4bffa278bed1a6a1839~tplv-tiktokx-cropcenter:100:100.jpg?dr=9640&refresh_token=215a246e&x-expires=1778400000&x-signature=XmSfN1s8AH6YHhcvH%2BzBEgu7iAM%3D&t=4d5b0474&ps=13740610&shp=30310797&shcp=ff37627b&idc=useast8"
"He is just getting other ppl fired and u never know if that’s the only thing they have left","14","0","2026-03-02T01:29:48.000Z","yoboy_yz13","https://www.tiktok.com/@user6611908121759/video/7612233575705955597","7591020003172910094","7612464332638765855","https://p19-common-sign.tiktokcdn-us.com/tos-useast8-avt-0068-tx2/d06fce7db2631a8f62926c06dbaa4512~tplv-tiktokx-cropcenter:100:100.jpg?dr=9640&refresh_token=36653a56&x-expires=1778400000&x-signature=bbHyMDrLTmE2LXKb%2Bw5gTaZsFN4%3D&t=4d5b0474&ps=13740610&shp=30310797&shcp=ff37627b&idc=useast8"
"Bros going to get someone fired 🤣","51","0","2026-03-02T00:33:57.000Z","kamarofebres","https://www.tiktok.com/@user6611908121759/video/7612233575705955597","6996431675971716102","7612449957781488414","https://p19-common-sign.tiktokcdn-us.com/tos-useast8-avt-0068-tx2/24f40801055bc7568bd1763a15021f0b~tplv-tiktokx-cropcenter:100:100.jpg?dr=9640&refresh_token=bc58e10f&x-expires=1778400000&x-signature=eVyKhGzR2H2MjbobJQ29HGy8PGU%3D&t=4d5b0474&ps=13740610&shp=30310797&shcp=ff37627b&idc=useast8"
"i don't think that's safe to eat now","51","0","2026-03-02T07:16:00.000Z","wait_fvk","https://www.tiktok.com/@user6611908121759/video/7612233575705955597","7165112013818938370","7612553534845240084","https://p16-common-sign.tiktokcdn-us.com/tos-alisg-avt-0068/2dc868e47c3b3e34de6c5d54c6f87f75~tplv-tiktokx-cropcenter:100:100.jpg?dr=9640&refresh_token=b5a9e665&x-expires=1778400000&x-signature=ivXVaR8pCdhqutMSwQB%2FlQkq88E%3D&t=4d5b0474&ps=13740610&shp=30310797&shcp=ff37627b&idc=useast8"
"I did not think they was gonna fall for the cheese","21","0","2026-03-02T01:19:45.000Z","milo36273","https://www.tiktok.com/@user6611908121759/video/7612233575705955597","7593902515838731319","7612461720518968078","https://p19-common-sign.tiktokcdn-us.com/tos-useast5-avt-0068-tx/b10aab4883aba5c517fafb1c700bfe48~tplv-tiktokx-cropcenter:100:100.jpg?dr=9640&refresh_token=c8d769e6&x-expires=1778400000&x-signature=yhCdeOUMU62rNhTg4Q0lSs06Y4Y%3D&t=4d5b0474&ps=13740610&shp=30310797&shcp=ff37627b&idc=useast8"
"Proper use of free will 😂","8","0","2026-03-02T01:52:04.000Z","k_heartz93","https://www.tiktok.com/@user6611908121759/video/7612233575705955597","6783649119149179910","7612469983800820493","https://p16-common-sign.tiktokcdn-us.com/tos-useast5-avt-0068-tx/0a738b8fe2d5b4fc741335a1c7ab2195~tplv-tiktokx-cropcenter:100:100.jpg?dr=9640&refresh_token=bd6b1045&x-expires=1778400000&x-signature=rNgTuh4baLfN76xmwwzfgaSFzgU%3D&t=4d5b0474&ps=13740610&shp=30310797&shcp=ff37627b&idc=useast8"
"Now this is funny, because you're not mad!😂😂😂😂 if you were mad, that'll be messed up, but you chill!😂😂","16","0","2026-03-02T01:59:49.000Z","randomjunior2","https://www.tiktok.com/@user6611908121759/video/7612233575705955597","7203455252019872810","7612472005904450317","https://p19-common-sign.tiktokcdn-us.com/tos-useast5-avt-0068-tx/cd3ce0743bb78a9beb8d7a11a0cab4e1~tplv-tiktokx-cropcenter:100:100.jpg?dr=9640&refresh_token=e08953f2&x-expires=1778400000&x-signature=2M3en%2Bm0xEEwDuBe0%2FhQPmb8MFM%3D&t=4d5b0474&ps=13740610&shp=30310797&shcp=ff37627b&idc=useast8"
"God people working hard and some people do that and people losing job that’s sad to know like you r playing with somone job","13","0","2026-03-02T07:02:42.000Z","bts_army_ot087","https://www.tiktok.com/@user6611908121759/video/7612233575705955597","7165877026645558277","7612550141815390996","https://p16-common-sign.tiktokcdn-us.com/tos-alisg-avt-0068/8b37407995e641f83d7c48b81bcb55e3~tplv-tiktokx-cropcenter:100:100.jpg?dr=9640&refresh_token=38367d56&x-expires=1778400000&x-signature=T1sDfdu2JZDXa97%2BTD%2BleKFZWUE%3D&t=4d5b0474&ps=13740610&shp=30310797&shcp=ff37627b&idc=useast8"
"faaaaaahhhhhh","7","0","2026-04-25T20:36:19.000Z","masterkey.63","https://www.tiktok.com/@user6611908121759/video/7612233575705955597","6789013690583827462","7632798347732812575","https://p16-common-sign.tiktokcdn-us.com/tos-maliva-avt-0068/484355125eff639dd9a5738ce315b099~tplv-tiktokx-cropcenter:100:100.jpg?dr=9640&refresh_token=f93bde94&x-expires=1778400000&x-signature=tlB6%2FbffxYudmg1Wl1IzEzpPkss%3D&t=4d5b0474&ps=13740610&shp=30310797&shcp=ff37627b&idc=useast8"
"I want to know why. what's the reason 😂😂😂😂😂😂 the worst part is they all think the other person did it","13","0","2026-03-02T04:32:50.000Z","theazdeliverydriver","https://www.tiktok.com/@user6611908121759/video/7612233575705955597","7321067892279362606","7612511323109573390","https://p16-common-sign.tiktokcdn-us.com/tos-useast5-avt-0068-tx/2616b03b6976a03f477ac65438fa64c4~tplv-tiktokx-cropcenter:100:100.jpg?dr=9640&refresh_token=5a0c2b00&x-expires=1778400000&x-signature=Du7rmDHwtXXUz1ag6v9r6KVnz8g%3D&t=4d5b0474&ps=13740610&shp=30310797&shcp=ff37627b&idc=useast8"
"The cooks hate to see him coming","16","0","2026-03-02T01:24:21.000Z","1lilbrazyk23","https://www.tiktok.com/@user6611908121759/video/7612233575705955597","6953719082441196549","7612462894496875277","https://p19-common-sign.tiktokcdn-us.com/tos-useast5-avt-0068-tx/081468dd9514fe4c0467e8d37d64efc8~tplv-tiktokx-cropcenter:100:100.jpg?dr=9640&refresh_token=c9e6fae3&x-expires=1778400000&x-signature=Bb9NA06OrH9BAkSoerN4fF3piLA%3D&t=4d5b0474&ps=13740610&shp=30310797&shcp=ff37627b&idc=useast8"
"This boy getting people fired lowkey 😅","15","0","2026-03-02T00:59:31.000Z","jewls514","https://www.tiktok.com/@user6611908121759/video/7612233575705955597","7557050231641146381","7612456513546421006","https://p16-common-sign.tiktokcdn-us.com/tos-useast5-avt-0068-tx/5eb6ec6e97e1282618e62f91a086eb77~tplv-tiktokx-cropcenter:100:100.jpg?dr=9640&refresh_token=d94f35d9&x-expires=1778400000&x-signature=F0ObBjMdZC46ZxWPN%2FlMnCJVF2k%3D&t=4d5b0474&ps=13740610&shp=30310797&shcp=ff37627b&idc=useast8"
"But why are you doing this?","13","0","2026-03-02T08:57:34.000Z","darkheartt1","https://www.tiktok.com/@user6611908121759/video/7612233575705955597","7596744203363812407","7612579572571177759","https://p19-common-sign.tiktokcdn-us.com/tos-useast8-avt-0068-tx2/5767d2924f2e876468a1ea1a2e623adc~tplv-tiktokx-cropcenter:100:100.jpg?dr=9640&refresh_token=2644f7a0&x-expires=1778400000&x-signature=qQY%2FM2Yjl4WVtShH37qncUukATs%3D&t=4d5b0474&ps=13740610&shp=30310797&shcp=ff37627b&idc=useast8"
"How much McDonalds are around you bro 😂😂😂","11","0","2026-03-01T23:56:17.000Z","atrejo777","https://www.tiktok.com/@user6611908121759/video/7612233575705955597","7299990046074029102","7612440230322635551","https://p16-common-sign.tiktokcdn-us.com/tos-useast8-avt-0068-tx2/1bb443aaa3e56e19b59d45bde3550d20~tplv-tiktokx-cropcenter:100:100.jpg?dr=9640&refresh_token=2cade6b4&x-expires=1778400000&x-signature=YEX3YJqKNAV7dw9BnZEu9MLIheQ%3D&t=4d5b0474&ps=13740610&shp=30310797&shcp=ff37627b&idc=useast8"
"[Sticker] what if someone gets fired because of your TikTok videos","11","0","2026-03-02T06:57:49.000Z","piuswadandora5","https://www.tiktok.com/@user6611908121759/video/7612233575705955597","7330727135299552261","7612548895394398983","https://p16-common-sign.tiktokcdn-us.com/tos-alisg-avt-0068/0630f28becbe68fe2a8e20e0e7a5550e~tplv-tiktokx-cropcenter:100:100.jpg?dr=9640&refresh_token=0b8dd9fb&x-expires=1778400000&x-signature=XNAgCZUdATUtb5oH7ZNKWYO0KQI%3D&t=4d5b0474&ps=13740610&shp=30310797&shcp=ff37627b&idc=useast5"
"[Sticker] The second one","13","0","2026-03-02T03:57:21.000Z","harper.taylor286","https://www.tiktok.com/@user6611908121759/video/7612233575705955597","6813670560502957061","7612502329536201493","https://p19-common-sign.tiktokcdn-us.com/tos-alisg-avt-0068/8b6a963d9f05f28d9b5b9c1006f3f15b~tplv-tiktokx-cropcenter:100:100.jpg?dr=9640&refresh_token=4883e874&x-expires=1778400000&x-signature=QzW8Vxyrr6RzD8CAp2xQVbeXAzk%3D&t=4d5b0474&ps=13740610&shp=30310797&shcp=ff37627b&idc=useast5"
"Got these people rolling back their cameras for nothing 😅😂","12","0","2026-03-02T03:03:35.000Z","_lovecoco_","https://www.tiktok.com/@user6611908121759/video/7612233575705955597","6884259933849306118","7612488479138661151","https://p16-common-sign.tiktokcdn-us.com/tos-useast5-avt-0068-tx/1cd555e1df02b3c4e9ad0772b395d972~tplv-tiktokx-cropcenter:100:100.jpg?dr=9640&refresh_token=b83cb6cb&x-expires=1778400000&x-signature=7Z6SK3jG9fwd8gnVNRNmMJYRtvQ%3D&t=4d5b0474&ps=13740610&shp=30310797&shcp=ff37627b&idc=useast5"
"When I worked at Wendy’s, a person asked for extra pickled. My goofy ah was feeling goofy so I put a whole handful of them for the fcks of it. They later yelled at my manager otp and even sent pics in, I never got caught 😭😭😭","13","0","2026-03-02T07:18:04.000Z","dashliveshere","https://www.tiktok.com/@user6611908121759/video/7612233575705955597","7054973227714790405","7612554016706265886","https://p16-common-sign.tiktokcdn-us.com/tos-useast8-avt-0068-tx2/11b6f660ba71e1e9045ede6b285b0e77~tplv-tiktokx-cropcenter:100:100.jpg?dr=9640&refresh_token=3d42fb00&x-expires=1778400000&x-signature=K7CiNsEMl4gm7MtXvV2EKd29C1M%3D&t=4d5b0474&ps=13740610&shp=30310797&shcp=ff37627b&idc=useast5"
"the lettuce ones is accurate 💀","15","0","2026-03-02T03:49:58.000Z","ppcesar344","https://www.tiktok.com/@user6611908121759/video/7612233575705955597","6783404326301172742","7612500445001057037","https://p19-common-sign.tiktokcdn-us.com/tos-useast5-avt-0068-tx/3aad739862338d1ffa44acb64f11f6c2~tplv-tiktokx-cropcenter:100:100.jpg?dr=9640&refresh_token=31118d2d&x-expires=1778400000&x-signature=9ftWyJm9xggJ7gAbmbR5UUTRiPg%3D&t=4d5b0474&ps=13740610&shp=30310797&shcp=ff37627b&idc=useast5"
"Heavy on The Who did this","7","0","2026-03-02T03:17:35.000Z","lorlande","https://www.tiktok.com/@user6611908121759/video/7612233575705955597","6805356399510848517","7612492032574014238","https://p19-common-sign.tiktokcdn-us.com/tos-useast8-avt-0068-tx2/6c2e969f53648e640320b9f7692bcc06~tplv-tiktokx-cropcenter:100:100.jpg?dr=9640&refresh_token=d0c2ecba&x-expires=1778400000&x-signature=RuT5e1nagAVkzM7m2uozoTNErX0%3D&t=4d5b0474&ps=13740610&shp=30310797&shcp=ff37627b&idc=useast5"
"not 1 of them called him out","11","0","2026-03-02T03:32:52.000Z","mouth_of_the_south3","https://www.tiktok.com/@user6611908121759/video/7612233575705955597","7161094533613749253","7612496038537052948","https://p16-common-sign.tiktokcdn-us.com/tos-alisg-avt-0068/7327846382662844437~tplv-tiktokx-cropcenter:100:100.jpg?dr=9640&refresh_token=69461b4e&x-expires=1778400000&x-signature=3Xd1Csc%2BCodGutn4IEuuN9DnRmU%3D&t=4d5b0474&ps=13740610&shp=30310797&shcp=ff37627b&idc=useast5"
"“They added a whole salad on that thing”!","14","0","2026-03-02T03:37:51.000Z","_chess2024","https://www.tiktok.com/@user6611908121759/video/7612233575705955597","7277548707951068203","7612497300863451917","https://p16-common-sign.tiktokcdn-us.com/tos-useast5-avt-0068-tx/ae74aaed65746223e4a0500d970e1e45~tplv-tiktokx-cropcenter:100:100.jpg?dr=9640&refresh_token=99014284&x-expires=1778400000&x-signature=0fNunQjBpeHB5aV06PPeqLW4yWU%3D&t=4d5b0474&ps=13740610&shp=30310797&shcp=ff37627b&idc=useast5"
"Just enjoy ur food bro","42","0","2026-03-01T21:55:46.000Z","everyonehatesryan_","https://www.tiktok.com/@user6611908121759/video/7612233575705955597","6888287265420936198","7612409132955714334","https://p19-common-sign.tiktokcdn-us.com/tos-useast8-avt-0068-tx2/39ce5fa587ad2245b6619f81087e9ee5~tplv-tiktokx-cropcenter:100:100.jpg?dr=9640&refresh_token=ab17525a&x-expires=1778400000&x-signature=ZkfCvclkYNcL6%2FguFTWbDJdTLJM%3D&t=4d5b0474&ps=13740610&shp=30310797&shcp=ff37627b&idc=useast5"
"That’s messed up because now that messes up their shift","22","0","2026-03-02T00:22:58.000Z","liyahdesire","https://www.tiktok.com/@user6611908121759/video/7612233575705955597","6784695316110361605","7612447129625641759","https://p19-common-sign.tiktokcdn-us.com/tos-useast8-avt-0068-tx2/3fd9ceb71771617a4f2b49d7eda689c7~tplv-tiktokx-cropcenter:100:100.jpg?dr=9640&refresh_token=3fd798ef&x-expires=1778400000&x-signature=N2wldIfJI9iTA%2FyryzQ0IFjLUv0%3D&t=4d5b0474&ps=13740610&shp=30310797&shcp=ff37627b&idc=useast5"
"Wonder how many people u got fired?","264","4","2026-03-02T01:52:55.000Z","destinyhysell1996","https://www.tiktok.com/@user6611908121759/video/7612233575705955597","6594851736438538245","7612470317578994463","https://p16-common-sign.tiktokcdn-us.com/tos-useast5-avt-0068-tx/23fc0db11da60caff720887ce73924a8~tplv-tiktokx-cropcenter:100:100.jpg?dr=9640&refresh_token=89260214&x-expires=1778400000&x-signature=%2FAMht%2FgS1bizzs26SIE%2F%2FBMPX%2FE%3D&t=4d5b0474&ps=13740610&shp=30310797&shcp=ff37627b&idc=useast5"
"😳 I hope you didn’t get someone fired 😳","32","0","2026-03-01T23:30:09.000Z","lovinglunamoon","https://www.tiktok.com/@user6611908121759/video/7612233575705955597","7136441703804421166","7612433470488511246","https://p19-common-sign.tiktokcdn-us.com/tos-useast5-avt-0068-tx/65df9c1b04b741197beb02438e84170c~tplv-tiktokx-cropcenter:100:100.jpg?dr=9640&refresh_token=cb1d333e&x-expires=1778400000&x-signature=FtT%2FfPq6KGC6GHL7GhuG6RYV89o%3D&t=4d5b0474&ps=13740610&shp=30310797&shcp=ff37627b&idc=useast5"
"“They gave you a whole salad on that thing”😂😂😂","13","0","2026-03-02T05:12:23.000Z","dailypodcastcuts","https://www.tiktok.com/@user6611908121759/video/7612233575705955597","7602159613266658359","7612521552953246478","https://p16-common-sign.tiktokcdn-us.com/tos-useast5-avt-0068-tx/81995dd815bbeb23af431f5707510c64~tplv-tiktokx-cropcenter:100:100.jpg?dr=9640&refresh_token=fc084fa6&x-expires=1778400000&x-signature=KlFLIe6ErB19dAIgvuAnqODXA6E%3D&t=4d5b0474&ps=13740610&shp=30310797&shcp=ff37627b&idc=useast5"
"bro I ordered 1 extra salt for my fries and I done got this","16","0","2026-03-02T09:22:29.000Z","the_versace_python","https://www.tiktok.com/@user6611908121759/video/7612233575705955597","6620328747927142406","7612586152386577173","https://p19-common-sign.tiktokcdn-us.com/tos-alisg-avt-0068/a05bc7d845984ab15316dd1e1267f30f~tplv-tiktokx-cropcenter:100:100.jpg?dr=9640&refresh_token=2c69fd85&x-expires=1778400000&x-signature=edoXkxMFXRUTaeHe9Rk%2BN41JhZ8%3D&t=4d5b0474&ps=13740610&shp=30310797&shcp=ff37627b&idc=useast5"
"Chaos just causing chaos","17","0","2026-03-02T06:24:51.000Z","elibobelly2","https://www.tiktok.com/@user6611908121759/video/7612233575705955597","6619410842390544390","7612540253480436510","https://p16-common-sign.tiktokcdn-us.com/tos-useast8-avt-0068-tx2/17df10f7e784f3dbd17ab6e350bf928b~tplv-tiktokx-cropcenter:100:100.jpg?dr=9640&refresh_token=382a330b&x-expires=1778400000&x-signature=SFK%2FwTAZpB7w4LRxmyR2OsprB6k%3D&t=4d5b0474&ps=13740610&shp=30310797&shcp=ff37627b&idc=useast5"
"Extra extra extras","16","0","2026-03-02T02:56:46.000Z","omigady","https://www.tiktok.com/@user6611908121759/video/7612233575705955597","6632818347350425606","7612486675629851406","https://p16-common-sign.tiktokcdn-us.com/tos-useast5-avt-0068-tx/8a1e2e411477ced479842a7150137645~tplv-tiktokx-cropcenter:100:100.jpg?dr=9640&refresh_token=a64fd35d&x-expires=1778400000&x-signature=6JTaksBMvT6KVWS4R2aGAN2Vkpk%3D&t=4d5b0474&ps=13740610&shp=30310797&shcp=ff37627b&idc=useast5"
"its the possibility the workers actually did it in the managers minds for me 😂😂😂","20","0","2026-03-02T03:01:00.000Z","micahfrazier1","https://www.tiktok.com/@user6611908121759/video/7612233575705955597","6637553945865469957","7612487841499317022","https://p19-common-sign.tiktokcdn-us.com/tos-useast8-avt-0068-tx2/794ce77392a8f2dd9f5bed9444e103cf~tplv-tiktokx-cropcenter:100:100.jpg?dr=9640&refresh_token=10082dde&x-expires=1778400000&x-signature=Bmr9dg819Z8fsNhyM4QvbSKzJmg%3D&t=4d5b0474&ps=13740610&shp=30310797&shcp=ff37627b&idc=useast5"
"Getting ppl yelled at and possibly fired is not cool ngl","94","2","2026-03-01T22:21:51.000Z","smilez4358","https://www.tiktok.com/@user6611908121759/video/7612233575705955597","7362849724989621290","7612415892727153439","https://p16-common-sign.tiktokcdn-us.com/tos-useast8-avt-0068-tx2/22e9ee93139441e98fb54227ca783ff5~tplv-tiktokx-cropcenter:100:100.jpg?dr=9640&refresh_token=4d642c69&x-expires=1778400000&x-signature=XzGWcBKH1EPuHq37AcqAlDoou4I%3D&t=4d5b0474&ps=13740610&shp=30310797&shcp=ff37627b&idc=useast5"
"Bro why i mean they can get fired because of that","67","3","2026-03-02T07:45:38.000Z",".hannah_reve","https://www.tiktok.com/@user6611908121759/video/7612233575705955597","6783710910461871110","7612561192431862548","https://p16-common-sign.tiktokcdn-us.com/tos-alisg-avt-0068/f7e93efdd77b9ecee3401cf6160eba82~tplv-tiktokx-cropcenter:100:100.jpg?dr=9640&refresh_token=031f2d5f&x-expires=1778400000&x-signature=%2F2T4MukcF%2F6zBzjmO%2F3IR4cLFWw%3D&t=4d5b0474&ps=13740610&shp=30310797&shcp=ff37627b&idc=useast5"
"SO MANY THING THAT AS A MANAGER WE HAVE TO DEAL WITH AND ALSO WITH CUSTOMERS LIKE THIS AND THEY GET MAD BECAUSE WE HAVE A ATTITUDE!!!","16","0","2026-03-02T04:45:27.000Z","la.pinche.cindy.mendoza","https://www.tiktok.com/@user6611908121759/video/7612233575705955597","7321641848396235822","7612514695342310175","https://p16-common-sign.tiktokcdn-us.com/tos-useast8-avt-0068-tx2/f56c93a4a768f486e3f3961596ca75ff~tplv-tiktokx-cropcenter:100:100.jpg?dr=9640&refresh_token=6e13fae2&x-expires=1778400000&x-signature=Gu1fzhdfsuWdGtJWSMWzhTHZpaw%3D&t=4d5b0474&ps=13740610&shp=30310797&shcp=ff37627b&idc=useast5"
"How does he get away with it?","12","0","2026-03-02T06:06:05.000Z","fmb7198272","https://www.tiktok.com/@user6611908121759/video/7612233575705955597","7288459661790036997","7612535510121349895","https://p16-common-sign.tiktokcdn-us.com/tos-alisg-avt-0068/b6e1ac308aa66c0a0d65ccce77b43c66~tplv-tiktokx-cropcenter:100:100.jpg?dr=9640&refresh_token=1e5720c4&x-expires=1778400000&x-signature=5EROAxeaUBT2nD1NQiyuuGuvtys%3D&t=4d5b0474&ps=13740610&shp=30310797&shcp=ff37627b&idc=useast5"
"same guy reaction 😂","9","0","2026-03-02T06:16:16.000Z","9uqupj2j","https://www.tiktok.com/@user6611908121759/video/7612233575705955597","7310550848797426721","7612538137474122518","https://p16-common-sign.tiktokcdn-us.com/tos-maliva-avt-0068/5e7037888c3ee5a6678536abd0541373~tplv-tiktokx-cropcenter:100:100.jpg?dr=9640&refresh_token=7109119b&x-expires=1778400000&x-signature=Ae2VTosNRzK62oL38PvKeuw5ubs%3D&t=4d5b0474&ps=13740610&shp=30310797&shcp=ff37627b&idc=useast5"
"But like people is working, why would you do that 🤣","12","0","2026-03-02T05:52:19.000Z","wiggrrari","https://www.tiktok.com/@user6611908121759/video/7612233575705955597","6797279712688227334","7612531680004686605","https://p16-common-sign.tiktokcdn-us.com/tos-useast5-avt-0068-tx/59abba79b8df485cec54a883ea3122ef~tplv-tiktokx-cropcenter:100:100.jpg?dr=9640&refresh_token=eb4f75e3&x-expires=1778400000&x-signature=J7Ww8WBXdbOQymaXrycdgd2KoGo%3D&t=4d5b0474&ps=13740610&shp=30310797&shcp=ff37627b&idc=useast5"
"It’s not funny 😡 respect the food 😡","6","0","2026-04-21T03:10:16.000Z","jorgitodelmazo2","https://www.tiktok.com/@user6611908121759/video/7612233575705955597","7442163075380986926","7631044420603511566","https://p19-common-sign.tiktokcdn-us.com/tos-useast5-avt-0068-tx/a727f81ccd626e417133eddee3b21874~tplv-tiktokx-cropcenter:100:100.jpg?dr=9640&refresh_token=24d88634&x-expires=1778400000&x-signature=n5zYrZmSviwmNTztdaJX3rPggIE%3D&t=4d5b0474&ps=13740610&shp=30310797&shcp=ff37627b&idc=useast5"
"isso não prejudica os funcionários?","6","0","2026-03-02T07:35:14.000Z","eemilyxz_","https://www.tiktok.com/@user6611908121759/video/7612233575705955597","6843752331989746693","7612558476301337345","https://p16-common-sign.tiktokcdn-us.com/tos-alisg-avt-0068/b9452a994daf6a7c6e4aab88c8caa71f~tplv-tiktokx-cropcenter:100:100.jpg?dr=9640&refresh_token=6dcbc6cf&x-expires=1778400000&x-signature=%2BlWjjSQeH20%2FcFzRrrm%2B8txOAhA%3D&t=4d5b0474&ps=13740610&shp=30310797&shcp=ff37627b&idc=useast5"
"""what are you getting outa this"" bro gots millions of views 💰","16","0","2026-03-02T04:36:45.000Z","jacobmaldonado498","https://www.tiktok.com/@user6611908121759/video/7612233575705955597","7116664581112677419","7612512431675835149","https://p16-common-sign.tiktokcdn-us.com/tos-useast5-avt-0068-tx/1e3750921bad74d675145d04324cac0e~tplv-tiktokx-cropcenter:100:100.jpg?dr=9640&refresh_token=bb9a5962&x-expires=1778400000&x-signature=ds5M1IV4nFv92TXwfLo%2B5LxfUkU%3D&t=4d5b0474&ps=13740610&shp=30310797&shcp=ff37627b&idc=useast5"
"Bruh so basically someone killed a chicken and he’s just wasting it? So a chicken died for no reason!!","27","5","2026-03-02T02:42:21.000Z","journeyslocum0","https://www.tiktok.com/@user6611908121759/video/7612233575705955597","7428792668425110571","7612483005739352845","https://p16-common-sign.tiktokcdn-us.com/tos-useast5-avt-0068-tx/d0869a993c5958fadf4cea985e213643~tplv-tiktokx-cropcenter:100:100.jpg?dr=9640&refresh_token=a54b1719&x-expires=1778400000&x-signature=oDAiN5p4Js3XVjQozjdzcVlutqI%3D&t=4d5b0474&ps=13740610&shp=30310797&shcp=ff37627b&idc=useast5"
"Who did this 🤣😭💀","6","0","2026-03-02T01:43:24.000Z","spamfaded","https://www.tiktok.com/@user6611908121759/video/7612233575705955597","7090029306365838378","7612467762246746893","https://p19-common-sign.tiktokcdn-us.com/tos-useast5-avt-0068-tx/9ba7fc9a71783fda4b2158383db806c6~tplv-tiktokx-cropcenter:100:100.jpg?dr=9640&refresh_token=b70d08ab&x-expires=1778400000&x-signature=UK5l4S7LBFMP%2BixB8QMMkDuJ9ys%3D&t=4d5b0474&ps=13740610&shp=30310797&shcp=ff37627b&idc=useast5"
"Managers prob double check the inventory after lol","8","0","2026-03-02T03:05:35.000Z","eastsidechuck","https://www.tiktok.com/@user6611908121759/video/7612233575705955597","6710990277194646533","7612488989451797261","https://p19-common-sign.tiktokcdn-us.com/tos-useast5-avt-0068-tx/9e39b33d8c1cf0ccc05d289a3a18cc14~tplv-tiktokx-cropcenter:100:100.jpg?dr=9640&refresh_token=e58c5500&x-expires=1778400000&x-signature=M0%2Bzq%2BbIXYxSLGwdqIfzKoXuKd0%3D&t=4d5b0474&ps=13740610&shp=30310797&shcp=ff37627b&idc=useast5"
"it just kept going 😂😂😂","20","0","2026-03-02T04:38:50.000Z","jdisoskenisosnsjsieiws","https://www.tiktok.com/@user6611908121759/video/7612233575705955597","6976021076385285125","7612512999501366030","https://p16-common-sign.tiktokcdn-us.com/tos-useast5-avt-0068-tx/146d6525477aa337b0bb919680a3d7c6~tplv-tiktokx-cropcenter:100:100.jpg?dr=9640&refresh_token=0ca61b56&x-expires=1778400000&x-signature=FrzouDUFxGX1j2MgPT30YNdL3fI%3D&t=4d5b0474&ps=13740610&shp=30310797&shcp=ff37627b&idc=useast5"
"why are we wasting food?","69","8","2026-03-02T02:41:35.000Z","ffsethan","https://www.tiktok.com/@user6611908121759/video/7612233575705955597","6778192090431685638","7612482364917711638","https://p16-common-sign.tiktokcdn-us.com/tos-useast2a-avt-0068-euttp/91e76bdd7886816fd41d727660d7967a~tplv-tiktokx-cropcenter:100:100.jpg?dr=9640&refresh_token=160ec8c9&x-expires=1778400000&x-signature=9iuzjlgQ%2FReucbxW4ohruoKvpCQ%3D&t=4d5b0474&ps=13740610&shp=30310797&shcp=ff37627b&idc=useast5"
"I love harmless pranks 😭","114","2","2026-03-02T03:32:16.000Z","theboydannyx","https://www.tiktok.com/@user6611908121759/video/7612233575705955597","6623139001254952965","7612495865819202335","https://p16-common-sign.tiktokcdn.com/tos-maliva-avt-0068/42509139b3e434b5e1f86856628f85df~tplv-tiktokx-cropcenter:100:100.jpg?dr=14579&refresh_token=1d09ba0a&x-expires=1778400000&x-signature=V2o29357meC6WGOTWEz71ED246Q%3D&t=4d5b0474&ps=13740610&shp=30310797&shcp=ff37627b&idc=my"
"what if the staff gets scolded because of this ?","167","2","2026-03-02T07:18:47.000Z","cloudyrachel._","https://www.tiktok.com/@user6611908121759/video/7612233575705955597","7447004095338234887","7612554285091914516","https://p16-sign-sg.tiktokcdn.com/tos-alisg-avt-0068/dae8b0330cb73b17e9777436e0f4165c~tplv-tiktokx-cropcenter:100:100.jpg?dr=14579&refresh_token=64d4f330&x-expires=1778400000&x-signature=eIzfBlr%2BVNf2t1EyYbNFwcgQoPQ%3D&t=4d5b0474&ps=13740610&shp=30310797&shcp=ff37627b&idc=my"
"Gang my laptop has Netflix","10","3","2026-03-01T22:15:15.000Z","dinonugget2415","https://www.tiktok.com/@user6611908121759/video/7612233575705955597","7254734923507565611","7612414182939722509","https://p16-common-sign.tiktokcdn.com/tos-maliva-avt-0068/9ad8a26e994c849c90e1ac211336b1b0~tplv-tiktokx-cropcenter:100:100.jpg?dr=14579&refresh_token=19a7b84e&x-expires=1778400000&x-signature=mbV8pO90Y2rIOnodxkWc5RhMp0I%3D&t=4d5b0474&ps=13740610&shp=30310797&shcp=ff37627b&idc=my"
"this prank is not harmless","77","3","2026-03-02T08:49:35.000Z","happibun29","https://www.tiktok.com/@user6611908121759/video/7612233575705955597","7595893382012290055","7612577699697722130","https://p16-common-sign.tiktokcdn.com/tos-alisg-avt-0068/19f408cc7fe915f693aa71eac50f27cd~tplv-tiktokx-cropcenter:100:100.jpg?dr=14579&refresh_token=4a4a846d&x-expires=1778400000&x-signature=I4ImkKAv09F7PRym2cy7zx7nviM%3D&t=4d5b0474&ps=13740610&shp=30310797&shcp=ff37627b&idc=my"
"I wish you’re gonna tell them that it was just a prank.","20","3","2026-03-02T09:39:48.000Z","j.ann770","https://www.tiktok.com/@user6611908121759/video/7612233575705955597","7465255038988321793","7612590623837602567","https://p16-common-sign.tiktokcdn.com/tos-alisg-avt-0068/723d2e33d6ed719bfb17fb17e92c7053~tplv-tiktokx-cropcenter:100:100.jpg?dr=14579&refresh_token=f37411c2&x-expires=1778400000&x-signature=%2Fnfg6GrgSYb7LDukpTq9O5ZSeAM%3D&t=4d5b0474&ps=13740610&shp=30310797&shcp=ff37627b&idc=my"
"so buying food messing it up to get another of the same thing? 😒","32","2","2026-03-01T20:43:55.000Z","domorazzy","https://www.tiktok.com/@user6611908121759/video/7612233575705955597","2261475","7612390642232623903","https://p16-common-sign.tiktokcdn.com/tos-maliva-avt-0068/489db068809f55464fe3239625031444~tplv-tiktokx-cropcenter:100:100.jpg?dr=14579&refresh_token=05485b46&x-expires=1778400000&x-signature=FSg%2BJRXKKyE%2BtEkscDZopAtA%2FPU%3D&t=4d5b0474&ps=13740610&shp=30310797&shcp=ff37627b&idc=my"
"Totally legal btw","58","3","2026-03-02T07:38:48.000Z","hgc2601","https://www.tiktok.com/@user6611908121759/video/7612233575705955597","6807634215191462917","7612559430023381778","https://p16-common-sign.tiktokcdn.com/tos-alisg-avt-0068/795bfcb4da4bbda5126f52bcf9fe63ec~tplv-tiktokx-cropcenter:100:100.jpg?dr=14579&refresh_token=6e0e47f7&x-expires=1778400000&x-signature=y94VdMZ9MbI29HIdXMuAd6wy9t4%3D&t=4d5b0474&ps=13740610&shp=30310797&shcp=ff37627b&idc=my"
"Wasted food 😬","50","1","2026-03-01T20:14:34.000Z","love_life_forever6","https://www.tiktok.com/@user6611908121759/video/7612233575705955597","7355290667176330286","7612383077981373198","https://p19-common-sign.tiktokcdn.com/tos-maliva-avt-0068/dfa4f2965a9ecf9012e59846adcc4d5a~tplv-tiktokx-cropcenter:100:100.jpg?dr=14579&refresh_token=5476670a&x-expires=1778400000&x-signature=N3FOtKsnkKsTTUj0fyIhDdz4cko%3D&t=4d5b0474&ps=13740610&shp=30310797&shcp=ff37627b&idc=my"
"McDonald's chicken nuggets are so gross 😭","10","2","2026-03-02T02:02:16.000Z","asmrjamesy","https://www.tiktok.com/@user6611908121759/video/7612233575705955597","7181293163813258282","7612472680353612575","https://p16-common-sign.tiktokcdn.com/tos-maliva-avt-0068/97b1fb4f67772f5e89f3f5cd9f1413ec~tplv-tiktokx-cropcenter:100:100.jpg?dr=14579&refresh_token=0392ce8a&x-expires=1778400000&x-signature=%2BWkWVTJiK2wkaC6JzF40SBunnY8%3D&t=4d5b0474&ps=13740610&shp=30310797&shcp=ff37627b&idc=my"
"but like why tho","24","3","2026-03-02T03:31:42.000Z","5ballem","https://www.tiktok.com/@user6611908121759/video/7612233575705955597","6880617609986540550","7612495710378115854","https://p16-common-sign.tiktokcdn.com/tos-maliva-avt-0068/f327c695f9cfc015ed4f2360a6a37aab~tplv-tiktokx-cropcenter:100:100.jpg?dr=14579&refresh_token=36b9b5b4&x-expires=1778400000&x-signature=33novGWJR9%2Ff4VaxpISLztOrrD0%3D&t=4d5b0474&ps=13740610&shp=30310797&shcp=ff37627b&idc=my"
"bros getting free lunch","113","3","2026-03-01T18:51:06.000Z","isaiah12449","https://www.tiktok.com/@user6611908121759/video/7612233575705955597","7602362394325746701","7612361545071657759","https://p16-common-sign.tiktokcdn.com/tos-maliva-avt-0068/02cf0ea27aa22e7618fb9731cd9cfef8~tplv-tiktokx-cropcenter:100:100.jpg?dr=14579&refresh_token=c890d018&x-expires=1778400000&x-signature=XspuLFqQH2b1%2BW7z%2FRJ9WP%2FMDyw%3D&t=4d5b0474&ps=13740610&shp=30310797&shcp=ff37627b&idc=my"
"actually, he's admitting that this is a prank, he paid all that guys, don't worry.","32","0","2026-03-02T07:22:41.000Z","ch_bon_10","https://www.tiktok.com/@user6611908121759/video/7612233575705955597","7301596212795966470","7612555298682848020","https://p19-common-sign.tiktokcdn-us.com/tos-maliva-avt-0068/8bc766a04523ca0405615a3a1bdd7e91~tplv-tiktokx-cropcenter:100:100.jpg?dr=9640&refresh_token=0869e3f9&x-expires=1778400000&x-signature=VWc1m64DRHH9bH9l%2B%2BJMSk47GrU%3D&t=4d5b0474&ps=13740610&shp=30310797&shcp=ff37627b&idc=useast8"
"hope he's not making anyone lose his job","21","0","2026-03-02T08:48:44.000Z","floridalove272","https://www.tiktok.com/@user6611908121759/video/7612233575705955597","7118413479329498118","7612577479647314696","https://p19-common-sign.tiktokcdn-us.com/tos-maliva-avt-0068/21aea44e892e61fef91c979474f0d94c~tplv-tiktokx-cropcenter:100:100.jpg?dr=9640&refresh_token=75d9243a&x-expires=1778400000&x-signature=a%2B3bcSkwXEQ4MgCZTHFN%2B5QnrD0%3D&t=4d5b0474&ps=13740610&shp=30310797&shcp=ff37627b&idc=useast8"
"This is my kinda pranks 😆","13","0","2026-03-01T19:40:51.000Z","mcnastey33","https://www.tiktok.com/@user6611908121759/video/7612233575705955597","6641304336507961350","7612374399363040031","https://p16-common-sign.tiktokcdn-us.com/tos-maliva-avt-0068/91a1566a26dbb65ccbbb92cac54278ce~tplv-tiktokx-cropcenter:100:100.jpg?dr=9640&refresh_token=33314341&x-expires=1778400000&x-signature=RhHU9Lu5uydXDszjU0Z%2FDXP1xz4%3D&t=4d5b0474&ps=13740610&shp=30310797&shcp=ff37627b&idc=useast8"
"Bro got too much times on his hands😭😭😭","9","0","2026-03-01T23:14:48.000Z","wh0jit","https://www.tiktok.com/@user6611908121759/video/7612233575705955597","6809085179895841798","7612429517034652429","https://p16-common-sign.tiktokcdn-us.com/tos-useast5-avt-0068-tx/01f1a1b0fd33f7d456e5a2f4b4e1a4e3~tplv-tiktokx-cropcenter:100:100.jpg?dr=9640&refresh_token=cfbd5160&x-expires=1778400000&x-signature=Uj%2FnjcPNqd59loEuGBMgVDUKQ%2FE%3D&t=4d5b0474&ps=13740610&shp=30310797&shcp=ff37627b&idc=useast8"
"This guy has too much time on his hands & I love it 😂","20","0","2026-03-02T05:14:37.000Z","shellsbythesea_","https://www.tiktok.com/@user6611908121759/video/7612233575705955597","148773","7612522197462663949","https://p16-common-sign.tiktokcdn-us.com/tos-useast5-avt-0068-tx/e8d407098081bb044fa3ac856ef420c8~tplv-tiktokx-cropcenter:100:100.jpg?dr=9640&refresh_token=a3d2083c&x-expires=1778400000&x-signature=%2BkPxigepMDEM34RDboZ83mYqNC8%3D&t=4d5b0474&ps=13740610&shp=30310797&shcp=ff37627b&idc=useast8"
"She the only one that knew he was playing🤣🤣","15","0","2026-03-02T00:37:49.000Z","dr__gene","https://www.tiktok.com/@user6611908121759/video/7612233575705955597","6633715411555549190","7612450846262133517","https://p16-common-sign.tiktokcdn-us.com/tos-useast5-avt-0068-tx/703532e36dd60396d7eb6d79ac8d7adc~tplv-tiktokx-cropcenter:100:100.jpg?dr=9640&refresh_token=533eebb1&x-expires=1778400000&x-signature=CbsVG3OAK5oi37tA5VMtXG0ZOLc%3D&t=4d5b0474&ps=13740610&shp=30310797&shcp=ff37627b&idc=useast8"
"everybody saying he wasting food.. yall haven't seen these corporation's dumpsters.. now thats food wasting..dont get me started on grocery stores oooweeee","15","0","2026-03-02T02:44:48.000Z","casamigoh","https://www.tiktok.com/@user6611908121759/video/7612233575705955597","6867304481265468422","7612483608197432078","https://p19-common-sign.tiktokcdn-us.com/tos-useast5-avt-0068-tx/6ed1b56486430598c6b97f8dd9072557~tplv-tiktokx-cropcenter:100:100.jpg?dr=9640&refresh_token=45d13f86&x-expires=1778400000&x-signature=NCgpjeKmtKhZTdmoCw4X8a6IWUE%3D&t=4d5b0474&ps=13740610&shp=30310797&shcp=ff37627b&idc=useast8"
"bro enoughhh i can’t i’m dead😭😭😂","15","0","2026-03-02T05:03:13.000Z","aiden._y","https://www.tiktok.com/@user6611908121759/video/7612233575705955597","7596164195264562231","7612519321885065997","https://p16-common-sign.tiktokcdn-us.com/tos-useast5-avt-0068-tx/3bdd861dab2337ad2d7fd7efda02cf81~tplv-tiktokx-cropcenter:100:100.jpg?dr=9640&refresh_token=1f23d2a4&x-expires=1778400000&x-signature=H7zEEUrbILZjqtC%2FLE%2BECg4dh3E%3D&t=4d5b0474&ps=13740610&shp=30310797&shcp=ff37627b&idc=useast8"
"Bro the cheese had me fully howling 😂","12","0","2026-03-02T07:02:45.000Z","reubensusigan","https://www.tiktok.com/@user6611908121759/video/7612233575705955597","6787458070177072133","7612550135465247504","https://p16-common-sign.tiktokcdn-us.com/tos-alisg-avt-0068/2e110bb7a31c841c422acca30912ad96~tplv-tiktokx-cropcenter:100:100.jpg?dr=9640&refresh_token=11a2b5d8&x-expires=1778400000&x-signature=yShLhYdqg9nsMUJrEoWiH9nBSys%3D&t=4d5b0474&ps=13740610&shp=30310797&shcp=ff37627b&idc=useast8"
"“They put a whole salad on that thing”","10","0","2026-03-02T05:30:23.000Z","natalieleez1","https://www.tiktok.com/@user6611908121759/video/7612233575705955597","6713542912745227269","7612526299306951455","https://p19-common-sign.tiktokcdn-us.com/tos-useast5-avt-0068-tx/6d703de138f896b6133e2403d467c3ae~tplv-tiktokx-cropcenter:100:100.jpg?dr=9640&refresh_token=fa8cdcb8&x-expires=1778400000&x-signature=2L78YcC19%2Bio%2BszBcrPAmjDd53w%3D&t=4d5b0474&ps=13740610&shp=30310797&shcp=ff37627b&idc=useast8"
"Imagine one of the people in the video saw this","16","0","2026-03-02T01:02:12.000Z","pretzellord5","https://www.tiktok.com/@user6611908121759/video/7612233575705955597","7611291468313871373","7612457174036808479","https://p19-common-sign.tiktokcdn-us.com/tos-useast8-avt-0068-tx2/7cc8f503f4d73cbe6707d43f8a9c2b21~tplv-tiktokx-cropcenter:100:100.jpg?dr=9640&refresh_token=6ed5e584&x-expires=1778400000&x-signature=2KIUpNdhzOANeVdg5x2hwmeo5YI%3D&t=4d5b0474&ps=13740610&shp=30310797&shcp=ff37627b&idc=useast8"
"“Na who did dat” 😭😭😭😭😭😭","16","0","2026-03-02T00:52:09.000Z",".iannnnnnnnnnnnnnnnnnnnn","https://www.tiktok.com/@user6611908121759/video/7612233575705955597","7585417934450443319","7612454531096380173","https://p16-common-sign.tiktokcdn-us.com/tos-useast5-avt-0068-tx/f69a15dd63a6cd89c9846f71c1a7d2a7~tplv-tiktokx-cropcenter:100:100.jpg?dr=9640&refresh_token=9b20777e&x-expires=1778400000&x-signature=KIYwnmwnu%2BDrOfJ4rAE%2FmNcO63E%3D&t=4d5b0474&ps=13740610&shp=30310797&shcp=ff37627b&idc=useast8"
"I don't even cook nuggets.","12","0","2026-03-02T04:22:15.000Z","colt4566","https://www.tiktok.com/@user6611908121759/video/7612233575705955597","7430238288726443054","7612508728760402719","https://p19-common-sign.tiktokcdn-us.com/tos-useast8-avt-0068-tx2/d695a37262b4a56e14d318dc298694a1~tplv-tiktokx-cropcenter:100:100.jpg?dr=9640&refresh_token=d1dd5bba&x-expires=1778400000&x-signature=%2FVOw3S96dBD%2FgDyranRyVa1ESgM%3D&t=4d5b0474&ps=13740610&shp=30310797&shcp=ff37627b&idc=useast8"
"waste of food.","7","0","2026-03-01T23:14:06.000Z","phoenixnova_","https://www.tiktok.com/@user6611908121759/video/7612233575705955597","6968565326863811589","7612429345588331295","https://p16-common-sign.tiktokcdn-us.com/tos-maliva-avt-0068/7322204426465345542~tplv-tiktokx-cropcenter:100:100.jpg?dr=9640&refresh_token=b79f4b7e&x-expires=1778400000&x-signature=tyh7aTGWm7IVyamaL2FulfALz4s%3D&t=4d5b0474&ps=13740610&shp=30310797&shcp=ff37627b&idc=useast5"
"😂😂 he said Who ever did it need to be fired","11","0","2026-03-02T03:36:23.000Z","dreamgial45","https://www.tiktok.com/@user6611908121759/video/7612233575705955597","6762172622429275141","7612496962633630495","https://p16-common-sign.tiktokcdn-us.com/tos-useast8-avt-0068-tx2/4a1343d1e933ce8fa880bee887161083~tplv-tiktokx-cropcenter:100:100.jpg?dr=9640&refresh_token=93f4b60a&x-expires=1778400000&x-signature=%2FKjmWxVmGxPMXj4HZY2uDrrjGTE%3D&t=4d5b0474&ps=13740610&shp=30310797&shcp=ff37627b&idc=useast5"
"They used that cheese and lettuce made it inventory 😂😂😂","15","0","2026-03-02T01:39:12.000Z","tae_raw","https://www.tiktok.com/@user6611908121759/video/7612233575705955597","7292065711710422058","7612466774722413342","https://p19-common-sign.tiktokcdn-us.com/tos-useast5-avt-0068-tx/b0aabe7806c0ec93f7a16fb2e5082e47~tplv-tiktokx-cropcenter:100:100.jpg?dr=9640&refresh_token=dad5ba4d&x-expires=1778400000&x-signature=Sgnph1pog0sRK%2Fa4QzUsC9LQRTg%3D&t=4d5b0474&ps=13740610&shp=30310797&shcp=ff37627b&idc=useast5"
"just playing in those people’s stores","18","0","2026-03-02T01:46:28.000Z","katierodgers12th","https://www.tiktok.com/@user6611908121759/video/7612233575705955597","6772914605495010309","7612468602004144927","https://p16-common-sign.tiktokcdn-us.com/tos-useast5-avt-0068-tx/1783ee15d2617bf666fdfc46c0776a07~tplv-tiktokx-cropcenter:100:100.jpg?dr=9640&refresh_token=bcfb2ee2&x-expires=1778400000&x-signature=2lH4XxCeucKj9DL10h38jhFExJ0%3D&t=4d5b0474&ps=13740610&shp=30310797&shcp=ff37627b&idc=useast5"
"Completely legal","14","0","2026-03-02T03:38:24.000Z","tismallajrr","https://www.tiktok.com/@user6611908121759/video/7612233575705955597","7494670356357530679","7612497495436100359","https://p16-common-sign.tiktokcdn-us.com/tos-alisg-avt-0068/a198e10c79f61d4168440cde580f6d0f~tplv-tiktokx-cropcenter:100:100.jpg?dr=9640&refresh_token=476d10fa&x-expires=1778400000&x-signature=FhmHYlD1U11kt0mMbV03k4LXYtI%3D&t=4d5b0474&ps=13740610&shp=30310797&shcp=ff37627b&idc=useast5"
"Young kids this is for fun and entertainment do not do this at home","14","0","2026-03-01T23:30:33.000Z","l.y.e._41","https://www.tiktok.com/@user6611908121759/video/7612233575705955597","7491098345071920171","7612433598385603342","https://p16-common-sign.tiktokcdn-us.com/tos-useast5-avt-0068-tx/2c6081596e334d801c78704f88f164ec~tplv-tiktokx-cropcenter:100:100.jpg?dr=9640&refresh_token=af6301e7&x-expires=1778400000&x-signature=XxoP4%2FajRN2c3inpLy4az7u6ENo%3D&t=4d5b0474&ps=13740610&shp=30310797&shcp=ff37627b&idc=useast5"
"“They burnt my shake“","16","0","2026-03-02T01:36:15.000Z","louuie3","https://www.tiktok.com/@user6611908121759/video/7612233575705955597","6814172117366768645","7612465986553971470","https://p19-common-sign.tiktokcdn-us.com/tos-maliva-avt-0068/294d11efb8b50e608610ec60df67d650~tplv-tiktokx-cropcenter:100:100.jpg?dr=9640&refresh_token=a171049c&x-expires=1778400000&x-signature=CSbObQ6LQxZgMum1giN5M7fS%2Bic%3D&t=4d5b0474&ps=13740610&shp=30310797&shcp=ff37627b&idc=useast5"
"Bro is playing with peoples lives 😂😂😂","9","0","2026-03-01T23:48:19.000Z","user44177060175787","https://www.tiktok.com/@user6611908121759/video/7612233575705955597","7510078921259992110","7612438179391652622","https://p19-common-sign.tiktokcdn-us.com/tos-useast5-avt-0068-tx/1982993eb1e4963cf2f69317bd79fb21~tplv-tiktokx-cropcenter:100:100.jpg?dr=9640&refresh_token=799a7ae5&x-expires=1778400000&x-signature=FSUWtfmx5nSyTA0tYJuVojVoC0k%3D&t=4d5b0474&ps=13740610&shp=30310797&shcp=ff37627b&idc=useast5"
"They gave you a whole salad on that things tho","9","0","2026-03-02T04:16:12.000Z","real_sonn__","https://www.tiktok.com/@user6611908121759/video/7612233575705955597","7137507166152606726","7612507187587973919","https://p16-common-sign.tiktokcdn-us.com/tos-useast8-avt-0068-tx2/a6f27f93d4c3021d413821ee7b24cd87~tplv-tiktokx-cropcenter:100:100.jpg?dr=9640&refresh_token=b11ef17e&x-expires=1778400000&x-signature=IVvUwB1ZPTYVTOLUI90JX%2FTj5%2FM%3D&t=4d5b0474&ps=13740610&shp=30310797&shcp=ff37627b&idc=useast5"
""" WHO DID DET ! "" 🤣🤣","9","0","2026-03-02T07:33:47.000Z","mr_bigg05","https://www.tiktok.com/@user6611908121759/video/7612233575705955597","7163841644214289454","7612557928088306446","https://p16-common-sign.tiktokcdn-us.com/tos-useast5-avt-0068-tx/c0787cf312e35ec2a8fd1a2eee44a70b~tplv-tiktokx-cropcenter:100:100.jpg?dr=9640&refresh_token=45d85cce&x-expires=1778400000&x-signature=Q6wyY5xqsQBfzdv8V5wpf8bMWFM%3D&t=4d5b0474&ps=13740610&shp=30310797&shcp=ff37627b&idc=useast5"
"So what did you gain","9","0","2026-03-02T02:53:38.000Z","nelly_seb","https://www.tiktok.com/@user6611908121759/video/7612233575705955597","7547501658993869879","7612485899348247310","https://p19-common-sign.tiktokcdn-us.com/tos-useast5-avt-0068-tx/6e8cc48655d834b6861bbd4bee35ae82~tplv-tiktokx-cropcenter:100:100.jpg?dr=9640&refresh_token=c4d01131&x-expires=1778400000&x-signature=okrVS6TrgHUVKCEHv8P7FxpO3Lk%3D&t=4d5b0474&ps=13740610&shp=30310797&shcp=ff37627b&idc=useast5"
"I feel bad for the employees that their management actually thought their employees would do that. 💀","14","0","2026-03-02T08:19:38.000Z","pandag_26","https://www.tiktok.com/@user6611908121759/video/7612233575705955597","6809811952250291206","7612569683631588110","https://p19-common-sign.tiktokcdn-us.com/tos-maliva-avt-0068/7329859808172408838~tplv-tiktokx-cropcenter:100:100.jpg?dr=9640&refresh_token=914aa1ec&x-expires=1778400000&x-signature=ln52GveZpZb3QAZ3%2BNnNGD9MXqY%3D&t=4d5b0474&ps=13740610&shp=30310797&shcp=ff37627b&idc=useast5"
"Someone actually did this to my mom with mayo 👀, she was PISSSSSED!!!!!","11","0","2026-03-02T06:59:44.000Z","dezi_babe","https://www.tiktok.com/@user6611908121759/video/7612233575705955597","6726608857655444485","7612549224748090142","https://p19-common-sign.tiktokcdn-us.com/tos-useast5-avt-0068-tx/26b4902f15b54969fe7ed1609ab9ea8c~tplv-tiktokx-cropcenter:100:100.jpg?dr=9640&refresh_token=c6a092c3&x-expires=1778400000&x-signature=Ffios87Qa053WEIDSHljZeqL1BE%3D&t=4d5b0474&ps=13740610&shp=30310797&shcp=ff37627b&idc=useast5"
"imma just say this but this IS hilarious. their reactions are priceless.","14","0","2026-03-02T03:08:22.000Z","gabygirlg","https://www.tiktok.com/@user6611908121759/video/7612233575705955597","6837805549095732229","7612489725647225614","https://p19-common-sign.tiktokcdn-us.com/tos-useast5-avt-0068-tx/f84df463fa0aec2aea82915c24a9417f~tplv-tiktokx-cropcenter:100:100.jpg?dr=9640&refresh_token=7f88fc9b&x-expires=1778400000&x-signature=3WJdH20fX1%2FNA2uYdztdfOpkHZE%3D&t=4d5b0474&ps=13740610&shp=30310797&shcp=ff37627b&idc=useast5"
"""thank you so much SIR"" to a female worker","16","0","2026-03-02T08:55:38.000Z","i.like.noodles93","https://www.tiktok.com/@user6611908121759/video/7612233575705955597","7349142695229424645","7612579236083827477","https://p16-common-sign.tiktokcdn-us.com/tos-alisg-avt-0068/c6c669857ace289efb0bfc82aa5e5b38~tplv-tiktokx-cropcenter:100:100.jpg?dr=9640&refresh_token=c4935774&x-expires=1778400000&x-signature=wOknRO2%2FKFt4f9YROxNRWt5Md8g%3D&t=4d5b0474&ps=13740610&shp=30310797&shcp=ff37627b&idc=useast5"
"This would send me into psychosis as a manager 😭","19","0","2026-03-02T08:38:57.000Z","emmy311721","https://www.tiktok.com/@user6611908121759/video/7612233575705955597","7405896397368853509","7612574950083773191","https://p19-common-sign.tiktokcdn-us.com/tos-alisg-avt-0068/f8ce5f1df701b7c31871bb5bf3eb75c9~tplv-tiktokx-cropcenter:100:100.jpg?dr=9640&refresh_token=b2988178&x-expires=1778400000&x-signature=5kgQVP38yuAVJtJA94lQUpVz6JE%3D&t=4d5b0474&ps=13740610&shp=30310797&shcp=ff37627b&idc=useast5"
"Dude just did this for the love of the game 😭😭","10","0","2026-03-02T05:38:36.000Z","p_oberg757","https://www.tiktok.com/@user6611908121759/video/7612233575705955597","6705471611267449861","7612528391703085837","https://p19-common-sign.tiktokcdn-us.com/tos-useast5-avt-0068-tx/5142abd34c39739591b57e53dfd5fff9~tplv-tiktokx-cropcenter:100:100.jpg?dr=9640&refresh_token=396ec5cb&x-expires=1778400000&x-signature=H6Kd8l8N%2BB18jLrAwLhhA8gstWI%3D&t=4d5b0474&ps=13740610&shp=30310797&shcp=ff37627b&idc=useast5"
"McDonald's would never give away that much cheese for free 😅","12","0","2026-03-02T05:13:53.000Z","saydeeeeebaby","https://www.tiktok.com/@user6611908121759/video/7612233575705955597","7597783254070281229","7612521977643057934","https://p16-common-sign.tiktokcdn-us.com/tos-useast5-avt-0068-tx/e5b97c6d100518b77140cd1d091466aa~tplv-tiktokx-cropcenter:100:100.jpg?dr=9640&refresh_token=5b80dbdd&x-expires=1778400000&x-signature=xrQNqiY%2B5H6pemIQW%2FoPimCmSQQ%3D&t=4d5b0474&ps=13740610&shp=30310797&shcp=ff37627b&idc=useast5"
"My mom is tight and somthing about a phone I think","13","0","2026-03-02T03:25:46.000Z","deltoidx","https://www.tiktok.com/@user6611908121759/video/7612233575705955597","7535816938573677623","7612494198000878367","https://p19-common-sign.tiktokcdn-us.com/musically-maliva-obj/1594805258216454~tplv-tiktokx-cropcenter:100:100.jpg?dr=9640&refresh_token=51e560f8&x-expires=1778400000&x-signature=tJGsdUWlA4X1LwIuLKg2wzgEJLg%3D&t=4d5b0474&ps=13740610&shp=30310797&shcp=ff37627b&idc=useast5"
"WHO DID THIS","11","0","2026-03-02T07:04:10.000Z","anamariaaa.x1","https://www.tiktok.com/@user6611908121759/video/7612233575705955597","7103578180271391749","7612550454375514902","https://p16-common-sign.tiktokcdn-us.com/tos-maliva-avt-0068/42ce845dc7ddeb653596b11f2e4632e2~tplv-tiktokx-cropcenter:100:100.jpg?dr=9640&refresh_token=215b24d5&x-expires=1778400000&x-signature=pSvArd7ylQcs8PaRcPniTUNfKyc%3D&t=4d5b0474&ps=13740610&shp=30310797&shcp=ff37627b&idc=useast5"
"Bro must be stopped 💔","15","0","2026-03-02T03:01:58.000Z","lachopppafrm036","https://www.tiktok.com/@user6611908121759/video/7612233575705955597","6994961593750914054","7612488047310324493","https://p16-common-sign.tiktokcdn-us.com/tos-useast8-avt-0068-tx2/a095910eeefa8e6c7a79d138bcef162a~tplv-tiktokx-cropcenter:100:100.jpg?dr=9640&refresh_token=d3db8b75&x-expires=1778400000&x-signature=BwU%2BIrzPB%2FdC7N7pJWBywumXtls%3D&t=4d5b0474&ps=13740610&shp=30310797&shcp=ff37627b&idc=useast5"
"why are they all cursing like be fr","15","0","2026-03-02T00:27:53.000Z","malaroni14","https://www.tiktok.com/@user6611908121759/video/7612233575705955597","7182015080191575083","7612448373950399262","https://p19-common-sign.tiktokcdn-us.com/tos-useast8-avt-0068-tx2/1597fdc9ae648d41cd5a4d71e7cb8685~tplv-tiktokx-cropcenter:100:100.jpg?dr=9640&refresh_token=d4686eb2&x-expires=1778400000&x-signature=25Pc1P4JBKNqS1%2FJx2HKD4l1gIg%3D&t=4d5b0474&ps=13740610&shp=30310797&shcp=ff37627b&idc=useast5"
"I'm eating rn","7","0","2026-03-02T01:07:15.000Z","velouraoffical1","https://www.tiktok.com/@user6611908121759/video/7612233575705955597","7599775367076070413","7612458486605660941","https://p16-common-sign.tiktokcdn-us.com/tos-useast8-avt-0068-tx2/f7d652ee4f3f877c072716f8901881d2~tplv-tiktokx-cropcenter:100:100.jpg?dr=9640&refresh_token=fe20c85b&x-expires=1778400000&x-signature=dAhl9C%2Fr8NJgU5UbBoD0RPF%2F840%3D&t=4d5b0474&ps=13740610&shp=30310797&shcp=ff37627b&idc=useast5"
"It’s so ridiculous but that doesn’t mean I’m not crying with laughter","7","0","2026-03-02T04:30:29.000Z","fresno9229","https://www.tiktok.com/@user6611908121759/video/7612233575705955597","7166631670610428929","7612510696588837654","https://p16-common-sign.tiktokcdn-us.com/musically-maliva-obj/1594805258216454~tplv-tiktokx-cropcenter:100:100.jpg?dr=9640&refresh_token=9d879f78&x-expires=1778400000&x-signature=TPSeNdAH%2FurHgCyQTrlPVP%2BZMd4%3D&t=4d5b0474&ps=13740610&shp=30310797&shcp=ff37627b&idc=useast5"
"مريومتي ب اهم يوم","7","0","2026-03-02T08:06:36.000Z","dl_101i","https://www.tiktok.com/@user6611908121759/video/7612233575705955597","7585701294737114119","7612566593756168968","https://p16-common-sign.tiktokcdn-us.com/tos-alisg-avt-0068/cc884e8800ffcd525910e22b59dcf9ae~tplv-tiktokx-cropcenter:100:100.jpg?dr=9640&refresh_token=f51ece8f&x-expires=1778400000&x-signature=NIpyeWrNUsZbjJLdQZZfL7s6cgg%3D&t=4d5b0474&ps=13740610&shp=30310797&shcp=ff37627b&idc=useast5"
"[Sticker] ""whoever did this need to be fired immediately""
the cook :","17","0","2026-03-02T01:13:40.000Z","thisuserisnotalive51","https://www.tiktok.com/@user6611908121759/video/7612233575705955597","7529602724242293790","7612460185235833631","https://p16-common-sign.tiktokcdn-us.com/tos-useast8-avt-0068-tx2/5c577dfb85b837477e2a24c4233a296c~tplv-tiktokx-cropcenter:100:100.jpg?dr=9640&refresh_token=f602e983&x-expires=1778400000&x-signature=NUGVVTzehC0HOQMhQtutLDnbrC8%3D&t=4d5b0474&ps=13740610&shp=30310797&shcp=ff37627b&idc=useast5"
"Do the fries 🍟 with extra salt 😂","12","0","2026-03-02T04:45:20.000Z","rikisonya","https://www.tiktok.com/@user6611908121759/video/7612233575705955597","6888469001254700037","7612514688962806558","https://p19-common-sign.tiktokcdn-us.com/tos-maliva-avt-0068/ad2edaf5d4e9442403696727a86d00d8~tplv-tiktokx-cropcenter:100:100.jpg?dr=9640&refresh_token=73c9fd0d&x-expires=1778400000&x-signature=Gd49TYVlxVWvDJOCMS7fEsrsklE%3D&t=4d5b0474&ps=13740610&shp=30310797&shcp=ff37627b&idc=useast5"
"bros getting someone fired","7","0","2026-03-02T07:06:59.000Z","that_kzn165","https://www.tiktok.com/@user6611908121759/video/7612233575705955597","7037790653548708870","7612551265133789960","https://p16-common-sign.tiktokcdn-us.com/tos-alisg-avt-0068/a263c0744b87782bb5015b5d67805017~tplv-tiktokx-cropcenter:100:100.jpg?dr=9640&refresh_token=29b3815d&x-expires=1778400000&x-signature=jvWY9e8098lqHMhBPu1j5q7CfLQ%3D&t=4d5b0474&ps=13740610&shp=30310797&shcp=ff37627b&idc=useast5"
"You made all their day 10x better 😂","11","0","2026-03-02T03:45:44.000Z","sw.cclipss","https://www.tiktok.com/@user6611908121759/video/7612233575705955597","7200571157240890410","7612499291249034015","https://p16-common-sign.tiktokcdn-us.com/tos-useast8-avt-0068-tx2/5beed04d269f485b2421ebe48d4e28cb~tplv-tiktokx-cropcenter:100:100.jpg?dr=9640&refresh_token=270ab868&x-expires=1778400000&x-signature=6TV5UtmaH9ho68oMKZBGDZcOBk4%3D&t=4d5b0474&ps=13740610&shp=30310797&shcp=ff37627b&idc=useast8"
"What’s the point doe my boy 😂😂😂","10","0","2026-03-02T03:11:50.000Z","qskitchenwithchefredd","https://www.tiktok.com/@user6611908121759/video/7612233575705955597","7245387612063843370","7612490594937979661","https://p19-common-sign.tiktokcdn-us.com/tos-useast5-avt-0068-tx/b49807f915af0ebecd9974923848b9f3~tplv-tiktokx-cropcenter:100:100.jpg?dr=9640&refresh_token=2c8fe7b3&x-expires=1778400000&x-signature=xUIFcYDRHRMySZgudf3NJpNe9cc%3D&t=4d5b0474&ps=13740610&shp=30310797&shcp=ff37627b&idc=useast8"
"The energy I need when I ask for extra pickles!","7","0","2026-03-02T05:05:04.000Z","lizorozzzco","https://www.tiktok.com/@user6611908121759/video/7612233575705955597","3965329","7612519785746039582","https://p19-common-sign.tiktokcdn-us.com/tos-useast8-avt-0068-tx2/8f089c2e5f9687109fd9ff4c510e764c~tplv-tiktokx-cropcenter:100:100.jpg?dr=9640&refresh_token=87964065&x-expires=1778400000&x-signature=PB0TQboMaV0K%2BwHMYxF0xUZ36bk%3D&t=4d5b0474&ps=13740610&shp=30310797&shcp=ff37627b&idc=useast8"
"The question is why is he doing this? What is going on with people?","8","0","2026-03-01T22:47:52.000Z","gigiyouknow","https://www.tiktok.com/@user6611908121759/video/7612233575705955597","7349799814803407915","7612422484508246798","https://p16-common-sign.tiktokcdn-us.com/tos-useast5-avt-0068-tx/6b2521d31ba8af7bb0bfec6cae4b56ee~tplv-tiktokx-cropcenter:100:100.jpg?dr=9640&refresh_token=ad50b593&x-expires=1778400000&x-signature=2%2FLRgvB0yrbCVbaYrruCnZqLYwY%3D&t=4d5b0474&ps=13740610&shp=30310797&shcp=ff37627b&idc=useast8"
"Definitely got someone fired 🤣","25","0","2026-03-01T23:23:02.000Z","anarchyarches11","https://www.tiktok.com/@user6611908121759/video/7612233575705955597","7303958280681358379","7612431600169779982","https://p16-common-sign.tiktokcdn-us.com/tos-useast5-avt-0068-tx/eb7fa621ffd7e24b5811720294c1520f~tplv-tiktokx-cropcenter:100:100.jpg?dr=9640&refresh_token=64b0c493&x-expires=1778400000&x-signature=Wgf4KIsr%2FsS%2B2szHoEseE0siThE%3D&t=4d5b0474&ps=13740610&shp=30310797&shcp=ff37627b&idc=useast8"
"Working in fast food is hard enough","10","0","2026-03-02T00:24:59.000Z","bruv13721","https://www.tiktok.com/@user6611908121759/video/7612233575705955597","7524411885250184206","7612447627464737567","https://p16-common-sign.tiktokcdn-us.com/tos-useast8-avt-0068-tx2/7c75c3c659ef5b98f118fa88d7924160~tplv-tiktokx-cropcenter:100:100.jpg?dr=9640&refresh_token=a973b7cf&x-expires=1778400000&x-signature=9cpiVy6wpUkYchnyUq4w1fHQRDM%3D&t=4d5b0474&ps=13740610&shp=30310797&shcp=ff37627b&idc=useast8"
"Unemployment at it’s peak","11","0","2026-03-02T01:06:49.000Z","cee53057","https://www.tiktok.com/@user6611908121759/video/7612233575705955597","7482383425212433451","7612458401364984590","https://p16-common-sign.tiktokcdn-us.com/tos-useast5-avt-0068-tx/ed0613878cc33434086526c74d758f11~tplv-tiktokx-cropcenter:100:100.jpg?dr=9640&refresh_token=ec0f0212&x-expires=1778400000&x-signature=ZVjejfAPX%2FvGNPzYWgEGpbLVqhQ%3D&t=4d5b0474&ps=13740610&shp=30310797&shcp=ff37627b&idc=useast8"
"No apology, even if he did do this she doesn't know that.","10","0","2026-03-02T00:41:04.000Z","puddy375","https://www.tiktok.com/@user6611908121759/video/7612233575705955597","6855901929864692742","7612451752575910687","https://p16-common-sign.tiktokcdn-us.com/tos-useast8-avt-0068-tx2/907f99a381f2e539bdfe15a44fddad44~tplv-tiktokx-cropcenter:100:100.jpg?dr=9640&refresh_token=c53f40f1&x-expires=1778400000&x-signature=A%2FogvwxbxM1aBS%2BS7FAku8rxHM8%3D&t=4d5b0474&ps=13740610&shp=30310797&shcp=ff37627b&idc=useast8"
"When they find ts video","14","0","2026-03-02T01:29:20.000Z","bros39","https://www.tiktok.com/@user6611908121759/video/7612233575705955597","6646114434962702342","7612464165459084045","https://p19-common-sign.tiktokcdn-us.com/tos-maliva-avt-0068/7331397635764584453~tplv-tiktokx-cropcenter:100:100.jpg?dr=9640&refresh_token=2165284d&x-expires=1778400000&x-signature=PsMaH0j7LzU8T9WoidP16lvQ3eA%3D&t=4d5b0474&ps=13740610&shp=30310797&shcp=ff37627b&idc=useast8"
"Why waste all that food","8","0","2026-03-02T07:04:52.000Z","witknechelle","https://www.tiktok.com/@user6611908121759/video/7612233575705955597","7603043826937234446","7612550483497485086","https://p16-common-sign.tiktokcdn-us.com/tos-useast5-avt-0068-tx/60198c7a26a6b21889cefddd03648ac8~tplv-tiktokx-cropcenter:100:100.jpg?dr=9640&refresh_token=177079d4&x-expires=1778400000&x-signature=sZAYAxYcJnrfA8w3OcD%2BcavcPL8%3D&t=4d5b0474&ps=13740610&shp=30310797&shcp=ff37627b&idc=useast8"
"You’re going to fired someone","9","0","2026-03-02T05:30:50.000Z","terry.cjwrld","https://www.tiktok.com/@user6611908121759/video/7612233575705955597","7504383885427360773","7612526454564225810","https://p16-common-sign.tiktokcdn-us.com/tos-alisg-avt-0068/4edf7f495e44d113a8d3711fe8d6e2e4~tplv-tiktokx-cropcenter:100:100.jpg?dr=9640&refresh_token=bd32f6ea&x-expires=1778400000&x-signature=S2lTvcD%2FT4vmn55i%2FfvQG8zNHo0%3D&t=4d5b0474&ps=13740610&shp=30310797&shcp=ff37627b&idc=useast8"
"nah would have gotten caught with the cheese cause they only use half slices","10","0","2026-03-02T03:21:25.000Z","littlepyonpyon","https://www.tiktok.com/@user6611908121759/video/7612233575705955597","7341453291360584750","7612493103332934414","https://p19-common-sign.tiktokcdn-us.com/tos-useast5-avt-0068-tx/7367421640570847278~tplv-tiktokx-cropcenter:100:100.jpg?dr=9640&refresh_token=7ad512a7&x-expires=1778400000&x-signature=lemePFa46th8GjMkK29W46XGHNU%3D&t=4d5b0474&ps=13740610&shp=30310797&shcp=ff37627b&idc=useast8"
"AHAJAHHAHAHAHHAHAHAHAHHAHAHA ANG LAUF KO","7","0","2026-03-02T06:52:03.000Z","vabocado04","https://www.tiktok.com/@user6611908121759/video/7612233575705955597","7351241771097359366","7612547369415033621","https://p19-common-sign.tiktokcdn-us.com/tos-alisg-avt-0068/08c7a1fbf341e87baf853f0e4e63cf9b~tplv-tiktokx-cropcenter:100:100.jpg?dr=9640&refresh_token=4bf6f031&x-expires=1778400000&x-signature=zc62O5stLIiLJwAugBsVUsT8PXA%3D&t=4d5b0474&ps=13740610&shp=30310797&shcp=ff37627b&idc=useast8"
"Like bro what’s the point 😂😂","8","0","2026-03-02T05:14:11.000Z","joshonthegeaux","https://www.tiktok.com/@user6611908121759/video/7612233575705955597","6932218377244083206","7612522092323439374","https://p19-common-sign.tiktokcdn-us.com/tos-useast5-avt-0068-tx/3587a9096f087e8357f0fb2630e2c601~tplv-tiktokx-cropcenter:100:100.jpg?dr=9640&refresh_token=30f72d41&x-expires=1778400000&x-signature=L1dYm6DTER%2Be2fQfNOU3bnGUb%2FU%3D&t=4d5b0474&ps=13740610&shp=30310797&shcp=ff37627b&idc=useast8"
"the 🥬 TOOK ME OUT","13","0","2026-03-02T01:04:01.000Z","bigsleeds","https://www.tiktok.com/@user6611908121759/video/7612233575705955597","6795919614045930502","7612457666514912013","https://p16-common-sign.tiktokcdn-us.com/tos-useast5-avt-0068-tx/a1f7f40ee788ada5c82e789707b720c8~tplv-tiktokx-cropcenter:100:100.jpg?dr=9640&refresh_token=06761074&x-expires=1778400000&x-signature=qdUovVunU2eccLd9%2BmqL%2FTG1wk8%3D&t=4d5b0474&ps=13740610&shp=30310797&shcp=ff37627b&idc=useast8"
"Literally, what’s the point with the Nuggets? Besides wasting time.","15","0","2026-03-02T06:59:37.000Z","jarell.allen","https://www.tiktok.com/@user6611908121759/video/7612233575705955597","7306706688987268139","7612549049044976397","https://p19-common-sign.tiktokcdn-us.com/musically-maliva-obj/1594805258216454~tplv-tiktokx-cropcenter:100:100.jpg?dr=9640&refresh_token=51e560f8&x-expires=1778400000&x-signature=tJGsdUWlA4X1LwIuLKg2wzgEJLg%3D&t=4d5b0474&ps=13740610&shp=30310797&shcp=ff37627b&idc=useast8"
"Dude playing with the food not good bro god bless you","14","0","2026-03-02T02:56:42.000Z","roberto.lucio1","https://www.tiktok.com/@user6611908121759/video/7612233575705955597","7298890443638752299","7612486722794783502","https://p16-common-sign.tiktokcdn-us.com/tos-useast5-avt-0068-tx/cab818a439b50f7f2690c6787b05fe2f~tplv-tiktokx-cropcenter:100:100.jpg?dr=9640&refresh_token=7c63511e&x-expires=1778400000&x-signature=njl3vYtjR4raCG1ae1AJ7IdmiPU%3D&t=4d5b0474&ps=13740610&shp=30310797&shcp=ff37627b&idc=useast5"
"Who is this guy?? 😂","10","0","2026-03-02T05:11:20.000Z","jl2595","https://www.tiktok.com/@user6611908121759/video/7612233575705955597","6679865928496333830","7612521370832585503","https://p16-common-sign.tiktokcdn-us.com/tos-useast8-avt-0068-tx2/46c155302efe18fda77aedc830ca894d~tplv-tiktokx-cropcenter:100:100.jpg?dr=9640&refresh_token=1a88bff4&x-expires=1778400000&x-signature=%2BBD3bm2vphTQhK7d9dv8CEOUMfQ%3D&t=4d5b0474&ps=13740610&shp=30310797&shcp=ff37627b&idc=useast5"
"Where’s is he getting with this","21","0","2026-03-02T02:49:12.000Z","aaliyah_sharkiin","https://www.tiktok.com/@user6611908121759/video/7612233575705955597","7452987228431254574","7612484676650124046","https://p16-common-sign.tiktokcdn-us.com/tos-useast5-avt-0068-tx/e2b0b34f67e2796df9ada166b7e6f0b0~tplv-tiktokx-cropcenter:100:100.jpg?dr=9640&refresh_token=09c86be2&x-expires=1778400000&x-signature=zqDbenlyHp93kBt7jRYjRotm9EQ%3D&t=4d5b0474&ps=13740610&shp=30310797&shcp=ff37627b&idc=useast5"
"so if they get fired n then pull up days later with this video n lawyer can they sue for wrongfull termination?","11","0","2026-03-02T00:00:05.000Z","phillter","https://www.tiktok.com/@user6611908121759/video/7612233575705955597","6860232046956233734","7612441225546990366","https://p16-common-sign.tiktokcdn-us.com/tos-maliva-avt-0068/7321977558009348101~tplv-tiktokx-cropcenter:100:100.jpg?dr=9640&refresh_token=672b3070&x-expires=1778400000&x-signature=2IYUYE9ewh%2FzQ31Hbte%2BPm0W%2FeU%3D&t=4d5b0474&ps=13740610&shp=30310797&shcp=ff37627b&idc=useast5"
"Why does he do that?","9","0","2026-03-02T03:53:11.000Z","lovexsweet1","https://www.tiktok.com/@user6611908121759/video/7612233575705955597","7399147936321717291","7612501244858647309","https://p19-common-sign.tiktokcdn-us.com/tos-useast5-avt-0068-tx/ffbbbcc1065c54ef95da10fef2c0d4e4~tplv-tiktokx-cropcenter:100:100.jpg?dr=9640&refresh_token=805a25eb&x-expires=1778400000&x-signature=CJsT7AMkR%2B38%2Fr8hbOzSjWPlw8c%3D&t=4d5b0474&ps=13740610&shp=30310797&shcp=ff37627b&idc=useast5"
"them seeing this","13","0","2026-03-02T01:36:56.000Z","ayeo_43","https://www.tiktok.com/@user6611908121759/video/7612233575705955597","7516418781390029870","7612466146235089677","https://p19-common-sign.tiktokcdn-us.com/tos-useast5-avt-0068-tx/7db88269c2a2327d4e03bb52321ed90a~tplv-tiktokx-cropcenter:100:100.jpg?dr=9640&refresh_token=64c7146e&x-expires=1778400000&x-signature=HRkrFO1VD9Dti7y0JDxHEbKRxZ0%3D&t=4d5b0474&ps=13740610&shp=30310797&shcp=ff37627b&idc=useast5"
"Tell me you got money to waste without telling me you got money to waste","11","0","2026-03-02T02:47:24.000Z","dynasty_345","https://www.tiktok.com/@user6611908121759/video/7612233575705955597","6839253224170537989","7612484320201507615","https://p19-common-sign.tiktokcdn-us.com/tos-useast8-avt-0068-tx2/f6caadab9cdd123f0df58b0e62187d79~tplv-tiktokx-cropcenter:100:100.jpg?dr=9640&refresh_token=83da8524&x-expires=1778400000&x-signature=tOMlHjZaVwXlMTOhK872XQCsxcU%3D&t=4d5b0474&ps=13740610&shp=30310797&shcp=ff37627b&idc=useast5"
"I think these two people hate each other","14","0","2026-03-02T03:00:11.000Z","cm4life6","https://www.tiktok.com/@user6611908121759/video/7612233575705955597","7606494926189331470","7612487556474733326","https://p19-common-sign.tiktokcdn-us.com/tos-useast5-avt-0068-tx/0aeaeab182bc34a7449dab296ec1bac9~tplv-tiktokx-cropcenter:100:100.jpg?dr=9640&refresh_token=af4d6f13&x-expires=1778400000&x-signature=DKVuWsEO43RbqaYiD7w36aXMkbs%3D&t=4d5b0474&ps=13740610&shp=30310797&shcp=ff37627b&idc=useast5"
"Who did diss 🤣🤣🤣","8","0","2026-03-02T01:19:12.000Z","7ony8lue","https://www.tiktok.com/@user6611908121759/video/7612233575705955597","57953822483955712","7612461592843862797","https://p16-common-sign.tiktokcdn-us.com/tos-useast5-avt-0068-tx/cb8a4b910b9e0265339ac2d419d1216b~tplv-tiktokx-cropcenter:100:100.jpg?dr=9640&refresh_token=5b454369&x-expires=1778400000&x-signature=vt4Ab7IHjFpmjfi%2BgtOJPsqpzv8%3D&t=4d5b0474&ps=13740610&shp=30310797&shcp=ff37627b&idc=useast5"
"I love these videosssss 🤣🤣🤣😭😭😭","10","0","2026-03-02T04:41:01.000Z","medinaaaaa3232","https://www.tiktok.com/@user6611908121759/video/7612233575705955597","6910317708596790278","7612513509327176462","https://p16-common-sign.tiktokcdn-us.com/tos-useast5-avt-0068-tx/d4284f8d547b0163e49e5eb2aaee7345~tplv-tiktokx-cropcenter:100:100.jpg?dr=9640&refresh_token=606e5f7b&x-expires=1778400000&x-signature=AdAMH5WBG9ALTWFzNkzEJ8QPjn8%3D&t=4d5b0474&ps=13740610&shp=30310797&shcp=ff37627b&idc=useast5"
"this is so hilarious","11","0","2026-03-02T06:18:49.000Z","itsevavergara","https://www.tiktok.com/@user6611908121759/video/7612233575705955597","6798274552143250437","7612538748379005727","https://p16-common-sign.tiktokcdn-us.com/tos-useast8-avt-0068-tx2/94ad8e35e05300bdf76277481cc52611~tplv-tiktokx-cropcenter:100:100.jpg?dr=9640&refresh_token=bad657e6&x-expires=1778400000&x-signature=XF7jaGUTfFxuxSu1YmHwOwMCcnQ%3D&t=4d5b0474&ps=13740610&shp=30310797&shcp=ff37627b&idc=useast5"
"it just keeps going 😂😂😂😂","8","0","2026-03-02T03:28:39.000Z","tokocloudnunair213141","https://www.tiktok.com/@user6611908121759/video/7612233575705955597","7319702645554283525","7612494950719030036","https://p16-common-sign.tiktokcdn-us.com/tos-alisg-avt-0068/9377caa36c6ac23ac200d743af1f90ce~tplv-tiktokx-cropcenter:100:100.jpg?dr=9640&refresh_token=ce8d913c&x-expires=1778400000&x-signature=rJ8OjHsej10%2FTWuk68d5QpanR24%3D&t=4d5b0474&ps=13740610&shp=30310797&shcp=ff37627b&idc=useast5"
"She said they give you a whole salad in the thing lol","14","0","2026-03-01T23:44:08.000Z","mo4lopez19","https://www.tiktok.com/@user6611908121759/video/7612233575705955597","7010353995323737093","7612436993088422669","https://p16-common-sign.tiktokcdn-us.com/tos-useast5-avt-0068-tx/516a5164568a8612955a0f8eff3927aa~tplv-tiktokx-cropcenter:100:100.jpg?dr=9640&refresh_token=24f87251&x-expires=1778400000&x-signature=DpKpYbjsGWo7kgVk0yynXLCh%2F5g%3D&t=4d5b0474&ps=13740610&shp=30310797&shcp=ff37627b&idc=useast5"
"Off topic but the second girl’s hair is so cute!","17","0","2026-03-02T00:43:20.000Z","simpystarrr","https://www.tiktok.com/@user6611908121759/video/7612233575705955597","6954437534542464005","7612452387885908767","https://p16-common-sign.tiktokcdn-us.com/tos-useast8-avt-0068-tx2/3af9909e757fa03df8e98b800f06ce17~tplv-tiktokx-cropcenter:100:100.jpg?dr=9640&refresh_token=f447c8e3&x-expires=1778400000&x-signature=HIlH8HqgOE%2BvHXxqCb3lNtznrA0%3D&t=4d5b0474&ps=13740610&shp=30310797&shcp=ff37627b&idc=useast5"
"That’s kind of funny, but you can get somebody booked and people need their jobs but what a prank lol","8","0","2026-03-02T05:09:47.000Z","martinalvarado910","https://www.tiktok.com/@user6611908121759/video/7612233575705955597","7033494898679759877","7612520983069115167","https://p19-common-sign.tiktokcdn-us.com/tos-maliva-avt-0068/7323728274993971206~tplv-tiktokx-cropcenter:100:100.jpg?dr=9640&refresh_token=b09f1a75&x-expires=1778400000&x-signature=Yf%2F3vEnGtNfGhGbY5lObzGFDxxE%3D&t=4d5b0474&ps=13740610&shp=30310797&shcp=ff37627b&idc=useast5"
"Bro how do yall b coming up with this 😂😂","12","0","2026-03-02T00:16:29.000Z","user1288004237765","https://www.tiktok.com/@user6611908121759/video/7612233575705955597","6692114635887330309","7612445423747875597","https://p16-common-sign.tiktokcdn-us.com/tos-useast5-avt-0068-tx/de9d2021e3a4bc8012d586ee14450e06~tplv-tiktokx-cropcenter:100:100.jpg?dr=9640&refresh_token=0e14b767&x-expires=1778400000&x-signature=Yd1u5x%2BvKzXJnmIc2v%2FVqiwBwx8%3D&t=4d5b0474&ps=13740610&shp=30310797&shcp=ff37627b&idc=useast5"
"actually I always ask to add mayo and they literally put that much.. it's so messy and makes me so mad","12","0","2026-03-02T04:18:16.000Z","craftyhands3","https://www.tiktok.com/@user6611908121759/video/7612233575705955597","6718203012803101702","7612507707991884575","https://p19-common-sign.tiktokcdn-us.com/tos-maliva-avt-0068/7329759968189595653~tplv-tiktokx-cropcenter:100:100.jpg?dr=9640&refresh_token=334099f4&x-expires=1778400000&x-signature=LJogoUzKHKRp206K0Mhm881FUZ0%3D&t=4d5b0474&ps=13740610&shp=30310797&shcp=ff37627b&idc=useast5"
"This is DIABOLICAL !!!😩😩 I will never trust again 😂","8","0","2026-03-02T04:58:27.000Z","pookiemoon","https://www.tiktok.com/@user6611908121759/video/7612233575705955597","6890234842152403973","7612518091205002015","https://p19-common-sign.tiktokcdn-us.com/tos-useast5-avt-0068-tx/7347130629672140846~tplv-tiktokx-cropcenter:100:100.jpg?dr=9640&refresh_token=2ad2f0a1&x-expires=1778400000&x-signature=khTmXRJoeOKDDrbG2W7rTJKwrtA%3D&t=4d5b0474&ps=13740610&shp=30310797&shcp=ff37627b&idc=useast5"
"Bro playing with lives","9","0","2026-03-02T05:21:30.000Z","judakayah","https://www.tiktok.com/@user6611908121759/video/7612233575705955597","6791258854409896965","7612523968285377311","https://p16-common-sign.tiktokcdn-us.com/tos-useast8-avt-0068-tx2/31067e0476737572a47dba4b8163e312~tplv-tiktokx-cropcenter:100:100.jpg?dr=9640&refresh_token=d60b24b2&x-expires=1778400000&x-signature=5ldEICjNEn3Y4S2iaZw2lGt8AH4%3D&t=4d5b0474&ps=13740610&shp=30310797&shcp=ff37627b&idc=useast5"
"Nga wasting food :/","136","8","2026-03-01T20:00:03.000Z","antagonist.ow","https://www.tiktok.com/@user6611908121759/video/7612233575705955597","6745278480731096069","7612379306903782174","https://p16-common-sign.tiktokcdn-us.com/tos-useast8-avt-0068-tx2/a3cb2d20fa682e13a6ddf40bc20d0c63~tplv-tiktokx-cropcenter:100:100.jpg?dr=9640&refresh_token=60ee6e0d&x-expires=1778400000&x-signature=VEfyba9f5KNqQh7zW4wzDAC3diI%3D&t=4d5b0474&ps=13740610&shp=30310797&shcp=ff37627b&idc=useast5"
"Bro jus out here getting everyone fired 😂😂😂","12","0","2026-03-02T00:54:27.000Z","fidelsotelo10","https://www.tiktok.com/@user6611908121759/video/7612233575705955597","6836479773544645637","7612455212184601375","https://p19-common-sign.tiktokcdn-us.com/tos-useast8-avt-0068-tx2/13c941354cd16876d79505052fd94cad~tplv-tiktokx-cropcenter:100:100.jpg?dr=9640&refresh_token=abf30219&x-expires=1778400000&x-signature=5xP9RERwbvXRjbjPMh8gfzfOD74%3D&t=4d5b0474&ps=13740610&shp=30310797&shcp=ff37627b&idc=useast5"
"how many mcdonald’s you got 😭😭","11","0","2026-03-02T04:58:08.000Z","dillnnn","https://www.tiktok.com/@user6611908121759/video/7612233575705955597","6806847076473275397","7612518007356556046","https://p16-common-sign.tiktokcdn-us.com/tos-useast5-avt-0068-tx/b12499e499e31ea7ca98cde72ec60f46~tplv-tiktokx-cropcenter:100:100.jpg?dr=9640&refresh_token=b24a87b1&x-expires=1778400000&x-signature=R5vQRtEm345YnB0mDeE52O4z0OY%3D&t=4d5b0474&ps=13740610&shp=30310797&shcp=ff37627b&idc=useast5"
"now i want chicken nuggets","9","0","2026-03-02T03:53:58.000Z","chillymillie.14.spammmm","https://www.tiktok.com/@user6611908121759/video/7612233575705955597","7484487849778873361","7612501473297941269","https://p19-common-sign.tiktokcdn-us.com/tos-alisg-avt-0068/1acae693683c5a216d76109d7ac7b88e~tplv-tiktokx-cropcenter:100:100.jpg?dr=9640&refresh_token=c15b0a31&x-expires=1778400000&x-signature=yyRXIqhiMg44LgPFdAme3PDyKcc%3D&t=4d5b0474&ps=13740610&shp=30310797&shcp=ff37627b&idc=useast5"
"bro is taking his time on it","9","0","2026-03-02T00:25:37.000Z","meeee5150","https://www.tiktok.com/@user6611908121759/video/7612233575705955597","7453743274676552746","7612447789957546783","https://p16-common-sign.tiktokcdn-us.com/tos-useast8-avt-0068-tx2/dc04c42bb551ce65629455b1af52bf07~tplv-tiktokx-cropcenter:100:100.jpg?dr=9640&refresh_token=ada591b1&x-expires=1778400000&x-signature=r3DcYU92BIkUTrMDcS6wZhN6Yrg%3D&t=4d5b0474&ps=13740610&shp=30310797&shcp=ff37627b&idc=useast5"
"I hope you gave them huge bonus!","9","0","2026-03-02T07:28:44.000Z","spamclam","https://www.tiktok.com/@user6611908121759/video/7612233575705955597","6725905954800681990","7612556837959172885","https://p19-common-sign.tiktokcdn-us.com/tos-alisg-avt-0068/8610cf077930d2bfd04f7befa2e1fedb~tplv-tiktokx-cropcenter:100:100.jpg?dr=9640&refresh_token=6049536e&x-expires=1778400000&x-signature=KczNsjFvLgZKd24LVRbEdDlbBVc%3D&t=4d5b0474&ps=13740610&shp=30310797&shcp=ff37627b&idc=useast5"
"You got time on your hands","13","0","2026-03-01T19:37:04.000Z","prettidigitalstrategy","https://www.tiktok.com/@user6611908121759/video/7612233575705955597","6811172540539536390","7612373436820456223","https://p19-common-sign.tiktokcdn.com/tos-maliva-avt-0068/38f24db17c28633037c905cba6f9f33a~tplv-tiktokx-cropcenter:100:100.jpg?dr=14579&refresh_token=624f1002&x-expires=1778400000&x-signature=8i7MPCNuipk%2BfN2dJdBrVQbI%2BcA%3D&t=4d5b0474&ps=13740610&shp=30310797&shcp=ff37627b&idc=my2"
"She said the gave you like a whole salad on that thing😂😂😂😂","12","0","2026-03-01T21:22:01.000Z","melo89407","https://www.tiktok.com/@user6611908121759/video/7612233575705955597","7461042395912782890","7612400455428326175","https://p16-common-sign.tiktokcdn.com/tos-maliva-avt-0068/bae5a35138537e9e5cbe15aad56817d4~tplv-tiktokx-cropcenter:100:100.jpg?dr=14579&refresh_token=567bf77a&x-expires=1778400000&x-signature=Ur66%2BVIrdds5XthrRYkLN9RkrCw%3D&t=4d5b0474&ps=13740610&shp=30310797&shcp=ff37627b&idc=my2"
"[Sticker] Don’t try it in Nigeria oo","11","0","2026-03-02T07:10:04.000Z","harickgold1","https://www.tiktok.com/@user6611908121759/video/7612233575705955597","6976971977065530373","7612552037477335826","https://p16-common-sign.tiktokcdn.com/tos-alisg-avt-0068/17c4d88813b147cb41aa96cb4ba01046~tplv-tiktokx-cropcenter:100:100.jpg?dr=14579&refresh_token=6e2aae4b&x-expires=1778400000&x-signature=zO1s4uoX1dTU7qLQdwH1pdDPf9E%3D&t=4d5b0474&ps=13740610&shp=30310797&shcp=ff37627b&idc=my2"
"Don’t do this it might or will affect staff and people will point fingers and eventually someone might get fired","11","0","2026-03-02T05:27:03.000Z","jams1175","https://www.tiktok.com/@user6611908121759/video/7612233575705955597","7411772736399852545","7612525492670956308","https://p16-common-sign.tiktokcdn.com/tos-alisg-avt-0068/c3b0a24af2f13497370ce0ca460d0abc~tplv-tiktokx-cropcenter:100:100.jpg?dr=14579&refresh_token=27d434e3&x-expires=1778400000&x-signature=jaKw1v3cJ0supLb3jWNWjVZtiqs%3D&t=4d5b0474&ps=13740610&shp=30310797&shcp=ff37627b&idc=my2"
"Why would he get sick eating the burnt nuggets?","11","0","2026-03-02T01:16:48.000Z","just1justine","https://www.tiktok.com/@user6611908121759/video/7612233575705955597","7185386174088135726","7612460934019973902","https://p16-common-sign.tiktokcdn.com/tos-maliva-avt-0068/807cc5a1046007d5cab5522393d69084~tplv-tiktokx-cropcenter:100:100.jpg?dr=14579&refresh_token=058024f9&x-expires=1778400000&x-signature=nxy%2BlMq7ksNt48Y2qnqy9EJSWnI%3D&t=4d5b0474&ps=13740610&shp=30310797&shcp=ff37627b&idc=my2"
"This is too funny the cheese and the mayonnaise Isa had me dying","8","0","2026-03-02T01:26:00.000Z","funhairgirl","https://www.tiktok.com/@user6611908121759/video/7612233575705955597","6820139561001534470","7612463236966155022","https://p16-common-sign.tiktokcdn-us.com/tos-useast5-avt-0068-tx/9ac4f50bbada043f3054c163ec4ff826~tplv-tiktokx-cropcenter:100:100.jpg?dr=9640&refresh_token=92fd07d8&x-expires=1778400000&x-signature=oGcUxyDJkNlp8l5LBjQoa1jJtwQ%3D&t=4d5b0474&ps=13740610&shp=30310797&shcp=ff37627b&idc=useast5"
"Ok a few was funny because they should have known it was a joke but it is basically the same thing as stealing.","14","0","2026-03-02T08:32:56.000Z","beckb3","https://www.tiktok.com/@user6611908121759/video/7612233575705955597","7047211664794240005","7612573144872223502","https://p16-common-sign.tiktokcdn-us.com/tos-useast5-avt-0068-tx/08462f47a2e434d9f3a74da585ee7511~tplv-tiktokx-cropcenter:100:100.jpg?dr=9640&refresh_token=d297b9ab&x-expires=1778400000&x-signature=4yRv9r%2FmuP7yBxnG2Vb%2BMBvP5q4%3D&t=4d5b0474&ps=13740610&shp=30310797&shcp=ff37627b&idc=useast5"
"Why bro add only a bit of mayo on mc chicken without lettuce?","10","0","2026-03-02T03:40:39.000Z","dudeimsoscared","https://www.tiktok.com/@user6611908121759/video/7612233575705955597","7073954620590195755","7612498033746772767","https://p16-common-sign.tiktokcdn-us.com/tos-useast8-avt-0068-tx2/3d146c7537a42af5e25f515149098b33~tplv-tiktokx-cropcenter:100:100.jpg?dr=9640&refresh_token=b7efce58&x-expires=1778400000&x-signature=FgZ%2BgYNi%2BfE836uHSxrelN1S1XA%3D&t=4d5b0474&ps=13740610&shp=30310797&shcp=ff37627b&idc=useast5"
"Yall get 4 nuggets in a kids meal?! We only get 3","15","0","2026-03-02T08:28:41.000Z","trex3834","https://www.tiktok.com/@user6611908121759/video/7612233575705955597","7428582231360193537","7612572273904255745","https://p16-common-sign.tiktokcdn-us.com/musically-maliva-obj/1594805258216454~tplv-tiktokx-cropcenter:100:100.jpg?dr=9640&refresh_token=9d879f78&x-expires=1778400000&x-signature=TPSeNdAH%2FurHgCyQTrlPVP%2BZMd4%3D&t=4d5b0474&ps=13740610&shp=30310797&shcp=ff37627b&idc=useast5"
"This guy is like “I prep that and I know I didn’t do it” 🥺😂😂😂","10","0","2026-03-02T01:42:41.000Z","biby10482","https://www.tiktok.com/@user6611908121759/video/7612233575705955597","7545899171129197582","7612467577462539022","https://p19-common-sign.tiktokcdn-us.com/tos-useast5-avt-0068-tx/9baea25066d72ef13a34334b6c0b7f9e~tplv-tiktokx-cropcenter:100:100.jpg?dr=9640&refresh_token=93c5793a&x-expires=1778400000&x-signature=4qNDikwq2U5CIoSmc4RqDz2nImQ%3D&t=4d5b0474&ps=13740610&shp=30310797&shcp=ff37627b&idc=useast5"
"I would say your wasting food but its McDonald's. 😂😂😂😂","10","0","2026-03-02T00:25:58.000Z","dicedlemmons","https://www.tiktok.com/@user6611908121759/video/7612233575705955597","6804425178715145221","7612447808004621069","https://p19-common-sign.tiktokcdn-us.com/tos-useast5-avt-0068-tx/a67a8b2bc11d970e3dd2c8cbae285a51~tplv-tiktokx-cropcenter:100:100.jpg?dr=9640&refresh_token=71475c10&x-expires=1778400000&x-signature=MpBk16tssXt7TU0v348tjV8VYuU%3D&t=4d5b0474&ps=13740610&shp=30310797&shcp=ff37627b&idc=useast5"
"Someone could lose their job because of those jokes, and we don't even know their situation.","9","0","2026-03-02T03:23:31.000Z","user3829640962104","https://www.tiktok.com/@user6611908121759/video/7612233575705955597","7100535641334613038","7612493574861865758","https://p16-common-sign.tiktokcdn-us.com/tos-useast8-avt-0068-tx2/c6f8505ad5c36d57d9f423ef810e17b7~tplv-tiktokx-cropcenter:100:100.jpg?dr=9640&refresh_token=978421e4&x-expires=1778400000&x-signature=MdQcIbdQipFiNjJDdNjv9RGDxQc%3D&t=4d5b0474&ps=13740610&shp=30310797&shcp=ff37627b&idc=useast5"
"Is the goal to get the cooks in trouble ?","11","0","2026-03-02T00:40:28.000Z","nakjoizt","https://www.tiktok.com/@user6611908121759/video/7612233575705955597","7515642180352230442","7612451634219926302","https://p16-common-sign.tiktokcdn-us.com/tos-useast8-avt-0068-tx2/84342e86add8e1456a9f34b85b28d6cf~tplv-tiktokx-cropcenter:100:100.jpg?dr=9640&refresh_token=e0b957bc&x-expires=1778400000&x-signature=uJ%2Bsd9B8IvnKexA8MY2z6c8a1wg%3D&t=4d5b0474&ps=13740610&shp=30310797&shcp=ff37627b&idc=useast5"
"It’s all funny and I’ll tell a working mama two kids gets fired for nothing✌🏾","10","0","2026-03-02T01:21:04.000Z","secretunicorn366","https://www.tiktok.com/@user6611908121759/video/7612233575705955597","7389392044252759082","7612462022240748319","https://p16-common-sign.tiktokcdn-us.com/tos-useast5-avt-0068-tx/ff76defc4267bdf7a76a1000ae347b1f~tplv-tiktokx-cropcenter:100:100.jpg?dr=9640&refresh_token=71ddf80a&x-expires=1778400000&x-signature=DmKIqTfs6QChfu90Flh36UjJJWQ%3D&t=4d5b0474&ps=13740610&shp=30310797&shcp=ff37627b&idc=useast5"
"bro that's a really bad thing to do","6","1","2026-03-02T06:43:34.000Z","user_six_sevennn","https://www.tiktok.com/@user6611908121759/video/7612233575705955597","7093515586646967323","7612545216327566087","https://p16-common-sign.tiktokcdn.com/tos-alisg-avt-0068/f180188b5c9083e9483097b095152ebd~tplv-tiktokx-cropcenter:100:100.jpg?dr=14579&refresh_token=e61aa6ca&x-expires=1778400000&x-signature=24k%2FeMKuBWqalCwkjjQo6gfE13Q%3D&t=4d5b0474&ps=13740610&shp=30310797&shcp=ff37627b&idc=my2"
"This is why they not gonna believe us when our order actually messed up0😂😂😂","10","0","2026-03-02T04:05:13.000Z","617smokey","https://www.tiktok.com/@user6611908121759/video/7612233575705955597","7524850603445879821","7612504371217285902","https://p19-common-sign.tiktokcdn-eu.com/tos-maliva-avt-0068/777d5cd945ee44b955900b1595de1623~tplv-tiktokx-cropcenter:100:100.jpg?dr=10399&refresh_token=f4c5a026&x-expires=1778400000&x-signature=DhMLQnuB%2FXh%2BA%2BSXnP5vP%2FlJW%2Bk%3D&t=4d5b0474&ps=13740610&shp=30310797&shcp=ff37627b&idc=no1a"
"dude shocked 😮😂","9","0","2026-03-02T09:15:26.000Z","pr0sprr","https://www.tiktok.com/@user6611908121759/video/7612233575705955597","7461182321431315462","7612584310357918472","https://p16-common-sign.tiktokcdn-eu.com/tos-alisg-avt-0068/5893a54a368f7ff43d11c97fb80480b1~tplv-tiktokx-cropcenter:100:100.jpg?dr=10399&refresh_token=79981189&x-expires=1778400000&x-signature=Ox1ZNt9y3otDewg329t0ciqCRDM%3D&t=4d5b0474&ps=13740610&shp=30310797&shcp=ff37627b&idc=no1a"
"You got a lot of time on your hands 😂😂😂","9","0","2026-03-02T08:45:13.000Z","26_karlos","https://www.tiktok.com/@user6611908121759/video/7612233575705955597","6853658804539769861","7612575721543123725","https://p16-common-sign.tiktokcdn-eu.com/tos-maliva-avt-0068/9c5c9320c8c9ddbeb07c16b508c8b56e~tplv-tiktokx-cropcenter:100:100.jpg?dr=10399&refresh_token=e1d3fa9e&x-expires=1778400000&x-signature=NjOGRJtMA4RkW1b6Mw9GsTps%2FVk%3D&t=4d5b0474&ps=13740610&shp=30310797&shcp=ff37627b&idc=no1a"
"If you think about it he really didn't have to do that and he lowk just wasted his time with the chicken nuggets🧐","9","0","2026-03-02T08:12:58.000Z","pauloregnier21","https://www.tiktok.com/@user6611908121759/video/7612233575705955597","7146088359319569413","7612568220881732373","https://p16-common-sign.tiktokcdn-eu.com/tos-alisg-avt-0068/26e44a4aabdcfa0a622eb254373fcb62~tplv-tiktokx-cropcenter:100:100.jpg?dr=10399&refresh_token=e242f48a&x-expires=1778400000&x-signature=YVTPFCzYawA3ow7NTJJ3zzwlX6U%3D&t=4d5b0474&ps=13740610&shp=30310797&shcp=ff37627b&idc=no1a"
"now randomly a mcdonalds worker getting fired off him doing that extra extra cheeseburger 😂😂😂😂😂😂😂","9","0","2026-03-02T07:40:13.000Z","lilchieftoiletpaper","https://www.tiktok.com/@user6611908121759/video/7612233575705955597","6958692692977468422","7612559574856680223","https://p16-common-sign.tiktokcdn-eu.com/tos-maliva-avt-0068/ed1f8b96342be402b657774326817285~tplv-tiktokx-cropcenter:100:100.jpg?dr=10399&refresh_token=d3d47508&x-expires=1778400000&x-signature=7bEqsMh6aAWe4DkvIpF%2BlqTlUPc%3D&t=4d5b0474&ps=13740610&shp=30310797&shcp=ff37627b&idc=no1a"
"Eso no se hace con la comida , los empleados pueden perder su trabajo 😡😡😡","9","0","2026-03-02T05:40:50.000Z","caborca258","https://www.tiktok.com/@user6611908121759/video/7612233575705955597","7550147151339815991","7612528971037016845","https://p16-common-sign.tiktokcdn-eu.com/musically-maliva-obj/1594805258216454~tplv-tiktokx-cropcenter:100:100.jpg?dr=10399&refresh_token=2db80442&x-expires=1778400000&x-signature=%2FszLXY3LNzbc1pS1R7a5jdcoKxk%3D&t=4d5b0474&ps=13740610&shp=30310797&shcp=ff37627b&idc=no1a"
"i work here and i find this hilarious","10","0","2026-03-02T02:06:49.000Z",".sophiareinisch","https://www.tiktok.com/@user6611908121759/video/7612233575705955597","7083287174427395115","7612473783635313421","https://p16-common-sign.tiktokcdn-eu.com/tos-maliva-avt-0068/4fc85c7bee83f275ada24b129231411a~tplv-tiktokx-cropcenter:100:100.jpg?dr=10399&refresh_token=ed2ca484&x-expires=1778400000&x-signature=wPCLSPmE28hwPDhrWP5%2FoJMBVOw%3D&t=4d5b0474&ps=13740610&shp=30310797&shcp=ff37627b&idc=no1a"
"bg lu udah nya minta maaf gaa?😓","0","0","2026-05-07T17:42:02.000Z","mpruyy414","https://www.tiktok.com/@user6611908121759/video/7612233575705955597","7621406895106966549","7637206516433961746","https://p16-common-sign.tiktokcdn-eu.com/tos-alisg-avt-0068/b7193e367d65ed40b015e44506930994~tplv-tiktokx-cropcenter:100:100.jpg?dr=10399&refresh_token=a678138d&x-expires=1778400000&x-signature=%2BSTpQjc4BEdjBaIU%2BUALEAhWalo%3D&t=4d5b0474&ps=13740610&shp=30310797&shcp=ff37627b&idc=no1a"
"This is not okay","8","0","2026-03-02T04:28:09.000Z","sisam130","https://www.tiktok.com/@user6611908121759/video/7612233575705955597","7445333463764567086","7612510264537875214","https://p16-common-sign.tiktokcdn-us.com/tos-useast5-avt-0068-tx/b68f35ae99857eb8aeee75907c4cc778~tplv-tiktokx-cropcenter:100:100.jpg?dr=9640&refresh_token=28eaf8f1&x-expires=1778400000&x-signature=hdAv0SzBtCHOP3lxhrmQf8LdDLw%3D&t=4d5b0474&ps=13740610&shp=30310797&shcp=ff37627b&idc=useast8"
"And then they believe it😹😹😹😹😹","8","0","2026-03-02T01:38:24.000Z","r3sident3vill","https://www.tiktok.com/@user6611908121759/video/7612233575705955597","6793670810856358918","7612466540982534942","https://p16-common-sign.tiktokcdn-us.com/tos-useast8-avt-0068-tx2/6fa90d0f3c4ce0d87b5abcfb877ec160~tplv-tiktokx-cropcenter:100:100.jpg?dr=9640&refresh_token=eaf0a945&x-expires=1778400000&x-signature=oH48L3j2GuhX6Myeq%2BvzJr1tLKg%3D&t=4d5b0474&ps=13740610&shp=30310797&shcp=ff37627b&idc=useast8"
"This is low-key funny. I fell off from bed.","6","0","2026-03-01T23:14:07.000Z","hk4y3","https://www.tiktok.com/@user6611908121759/video/7612233575705955597","7284019193048319019","7612429389283754783","https://p16-common-sign.tiktokcdn-us.com/tos-useast8-avt-0068-tx2/f7ae32d895a1d3f98280494461982379~tplv-tiktokx-cropcenter:100:100.jpg?dr=9640&refresh_token=02510a97&x-expires=1778400000&x-signature=2jMipevpxfcUzMdtclnAbDB9NRY%3D&t=4d5b0474&ps=13740610&shp=30310797&shcp=ff37627b&idc=useast8"
"y do u do these things lol","7","0","2026-03-01T23:46:55.000Z","runtz_134_chiraq","https://www.tiktok.com/@user6611908121759/video/7612233575705955597","7330487539859768362","7612437814160327455","https://p19-common-sign.tiktokcdn-us.com/tos-useast8-avt-0068-tx2/85e510351f65c27e5011b5bd92a81af2~tplv-tiktokx-cropcenter:100:100.jpg?dr=9640&refresh_token=db9db77b&x-expires=1778400000&x-signature=fGdes7uAF3kpfSdheylJAY9Saus%3D&t=4d5b0474&ps=13740610&shp=30310797&shcp=ff37627b&idc=useast8"
"😂 why did this make me laugh so bad 😂😂😂😂😂😂","7","0","2026-03-02T03:27:36.000Z","only_1_bonita_b","https://www.tiktok.com/@user6611908121759/video/7612233575705955597","7175428310028715050","7612494574561739533","https://p19-common-sign.tiktokcdn-us.com/tos-useast5-avt-0068-tx/7341403058439454763~tplv-tiktokx-cropcenter:100:100.jpg?dr=9640&refresh_token=5b3b8374&x-expires=1778400000&x-signature=pOh3nCeHDalHFdrrpT6rvixfI1s%3D&t=4d5b0474&ps=13740610&shp=30310797&shcp=ff37627b&idc=useast8"
"yea people doing this is why the service is so bad anymore","14","0","2026-03-02T01:14:38.000Z","edwardwalter3030","https://www.tiktok.com/@user6611908121759/video/7612233575705955597","7002236781623378950","7612460396200936222","https://p16-common-sign.tiktokcdn-us.com/tos-maliva-avt-0068/7326124329450766342~tplv-tiktokx-cropcenter:100:100.jpg?dr=9640&refresh_token=8e7b54b8&x-expires=1778400000&x-signature=qMld6Jp5DxrV3WpMUmVi1SH5CyE%3D&t=4d5b0474&ps=13740610&shp=30310797&shcp=ff37627b&idc=useast8"
"the only way this is acceptable is if there’s this amount of pickles.","7","0","2026-03-02T04:02:41.000Z","abby_dragonfly","https://www.tiktok.com/@user6611908121759/video/7612233575705955597","7148485442068726790","7612503769326289665","https://p19-common-sign.tiktokcdn-us.com/tos-maliva-avt-0068/cb212f6ee3ac573f74e806d8ea9d16ea~tplv-tiktokx-cropcenter:100:100.jpg?dr=9640&refresh_token=e5ead320&x-expires=1778400000&x-signature=QKVp7cceSvtK%2BkULbkmnpy82RO8%3D&t=4d5b0474&ps=13740610&shp=30310797&shcp=ff37627b&idc=useast8"
"fun n games but hes getting ppl fired","11","0","2026-03-01T23:15:54.000Z","rutas_0ffroad","https://www.tiktok.com/@user6611908121759/video/7612233575705955597","7062443348699972655","7612429803706139406","https://p19-common-sign.tiktokcdn-us.com/tos-useast5-avt-0068-tx/ac5df552bff8417c2dbff17a2b4f2b60~tplv-tiktokx-cropcenter:100:100.jpg?dr=9640&refresh_token=de40eb81&x-expires=1778400000&x-signature=jbuhXH4xyUJXJvYWRSmp%2Fqj0fHU%3D&t=4d5b0474&ps=13740610&shp=30310797&shcp=ff37627b&idc=useast8"
"and your doing at the same place..","8","0","2026-03-02T00:19:21.000Z","nadalie43","https://www.tiktok.com/@user6611908121759/video/7612233575705955597","7587258675300942862","7612446090127065886","https://p16-common-sign.tiktokcdn-us.com/tos-useast8-avt-0068-tx2/2ed82da8b90c9300ff8f123955eccec4~tplv-tiktokx-cropcenter:100:100.jpg?dr=9640&refresh_token=f0efa6f5&x-expires=1778400000&x-signature=aK52oxTovaKUzgpwgquItw2IP%2Bo%3D&t=4d5b0474&ps=13740610&shp=30310797&shcp=ff37627b&idc=useast8"
"Like 5 people were fired to make this video 😂","8","0","2026-03-01T23:26:07.000Z","live_laugh_and_goviral","https://www.tiktok.com/@user6611908121759/video/7612233575705955597","7183182874735658027","7612432398575698702","https://p16-common-sign.tiktokcdn-us.com/tos-useast5-avt-0068-tx/11044a74abaf48771f4df586e36d12b7~tplv-tiktokx-cropcenter:100:100.jpg?dr=9640&refresh_token=bad83635&x-expires=1778400000&x-signature=Y5U3XFZBaXbqC%2FUvY7DA2%2BNHPRk%3D&t=4d5b0474&ps=13740610&shp=30310797&shcp=ff37627b&idc=useast8"
"He tryn get sb fired 😭😭😭","8","0","2026-03-02T06:06:41.000Z","saycheesemike","https://www.tiktok.com/@user6611908121759/video/7612233575705955597","6552277100447137798","7612535545306825486","https://p19-common-sign.tiktokcdn-us.com/tos-useast5-avt-0068-tx/261a198c8ca6306e5d085a2af1eb8cbd~tplv-tiktokx-cropcenter:100:100.jpg?dr=9640&refresh_token=741261c8&x-expires=1778400000&x-signature=U6CZbSlOhzQ5GOZpUZp%2BYyQcp4A%3D&t=4d5b0474&ps=13740610&shp=30310797&shcp=ff37627b&idc=useast8"
"r u seriousss huhhhh😡😡people losing their jobssssssssss..","8","0","2026-03-02T09:51:24.000Z","rashmikaaa33","https://www.tiktok.com/@user6611908121759/video/7612233575705955597","7083350788571317275","7612593555187745552","https://p16-common-sign.tiktokcdn-us.com/tos-alisg-avt-0068/81be707b6d802116dd79043eb91bfebf~tplv-tiktokx-cropcenter:100:100.jpg?dr=9640&refresh_token=6185f6b0&x-expires=1778400000&x-signature=Lj8VoiNM7%2FwX2%2B6Xf4wu4byBXe4%3D&t=4d5b0474&ps=13740610&shp=30310797&shcp=ff37627b&idc=useast8"
"Hahahahhahahaha who did dissssssss","9","0","2026-03-01T22:50:21.000Z","iwon12345678910","https://www.tiktok.com/@user6611908121759/video/7612233575705955597","7222556847786148910","7612423194481935118","https://p19-common-sign.tiktokcdn-us.com/tos-useast5-avt-0068-tx/d92a844e156270e5309961c606152446~tplv-tiktokx-cropcenter:100:100.jpg?dr=9640&refresh_token=f373b87a&x-expires=1778400000&x-signature=RwbLPqU7xrWpucVKMArQjVBxuLg%3D&t=4d5b0474&ps=13740610&shp=30310797&shcp=ff37627b&idc=useast8"
"gonna get people fired 😂👏💀","7","0","2026-03-02T07:33:08.000Z","jessica_erin29","https://www.tiktok.com/@user6611908121759/video/7612233575705955597","6817696367193392134","7612557697595360031","https://p19-common-sign.tiktokcdn-us.com/tos-useast8-avt-0068-tx2/3b2989908de9a2ca6fd803722249c5ae~tplv-tiktokx-cropcenter:100:100.jpg?dr=9640&refresh_token=d0eadc4c&x-expires=1778400000&x-signature=KGoKdeQei0mKlRZh7U885lqHPDE%3D&t=4d5b0474&ps=13740610&shp=30310797&shcp=ff37627b&idc=useast8"
"Who ever did thissssss needs to be FIRED immediately 🤣😂😅 that guy deserves a raise or something for over dramatic and CARING behavior 🤣😂😅","7","0","2026-03-02T08:49:52.000Z","thuytienlytran88","https://www.tiktok.com/@user6611908121759/video/7612233575705955597","115881760088858624","7612577754316374792","https://p16-common-sign.tiktokcdn-us.com/tos-alisg-avt-0068/bf55bcaa7f96a2333d6c840d933dcd8e~tplv-tiktokx-cropcenter:100:100.jpg?dr=9640&refresh_token=40407a28&x-expires=1778400000&x-signature=EiygLmVzPjg%2BCRQjbFI4x6vZTLI%3D&t=4d5b0474&ps=13740610&shp=30310797&shcp=ff37627b&idc=useast8"
"i actually did the mayo thing but with pickles one time😂","8","0","2026-03-02T04:04:30.000Z","wuanetv","https://www.tiktok.com/@user6611908121759/video/7612233575705955597","6922112355225617414","7612504129882014478","https://p19-common-sign.tiktokcdn-us.com/tos-useast5-avt-0068-tx/4980e19680ef32bdecf58d3ef63e6ab8~tplv-tiktokx-cropcenter:100:100.jpg?dr=9640&refresh_token=bbc9fa65&x-expires=1778400000&x-signature=boMJQA6mGR2XVn7ydbPS5Razp30%3D&t=4d5b0474&ps=13740610&shp=30310797&shcp=ff37627b&idc=useast8"
"I would actually be SHOCKED as a worker","9","0","2026-03-02T08:56:53.000Z","aleena.aleena850","https://www.tiktok.com/@user6611908121759/video/7612233575705955597","7598479861149271058","7612579588098671367","https://p19-common-sign.tiktokcdn-us.com/tos-alisg-avt-0068/dce195a5616c14b57c6bf1885eaa03ab~tplv-tiktokx-cropcenter:100:100.jpg?dr=9640&refresh_token=c22926c5&x-expires=1778400000&x-signature=TCfJnSmPcshOsS0qcVvnXHKJjHA%3D&t=4d5b0474&ps=13740610&shp=30310797&shcp=ff37627b&idc=useast8"
"Bro this was funny 😂","7","0","2026-03-02T05:49:03.000Z","pete.castellon.re","https://www.tiktok.com/@user6611908121759/video/7612233575705955597","6671531830606495750","7612531084873630495","https://p19-common-sign.tiktokcdn-us.com/tos-useast8-avt-0068-tx2/d432b632909422143bfa2006fcbe2678~tplv-tiktokx-cropcenter:100:100.jpg?dr=9640&refresh_token=121a2cfd&x-expires=1778400000&x-signature=wLwThH2O7bUsF3I5%2FZUWXuk7CQQ%3D&t=4d5b0474&ps=13740610&shp=30310797&shcp=ff37627b&idc=useast8"
"I don’t think that doing this can cost the cooks the work, it’s a game","7","0","2026-03-02T04:59:06.000Z","gabriela.suarez22","https://www.tiktok.com/@user6611908121759/video/7612233575705955597","6882436942056178693","7612518100089733919","https://p16-common-sign.tiktokcdn-us.com/tos-useast8-avt-0068-tx2/0b505c4ba6a0e3c76e67fb7e718ea30a~tplv-tiktokx-cropcenter:100:100.jpg?dr=9640&refresh_token=3ed71f03&x-expires=1778400000&x-signature=kZdkSrQkEOeEhE34yVSNahaBPDs%3D&t=4d5b0474&ps=13740610&shp=30310797&shcp=ff37627b&idc=useast8"
"Bra this is soooooo hilarious 😂😭😂😭","7","0","2026-03-02T05:25:28.000Z","alyssakrazigirl","https://www.tiktok.com/@user6611908121759/video/7612233575705955597","7205961678981940267","7612524999631176462","https://p16-common-sign.tiktokcdn-us.com/tos-useast5-avt-0068-tx/7b16b2b9e22879f66eb3817f054a6bef~tplv-tiktokx-cropcenter:100:100.jpg?dr=9640&refresh_token=33b573c3&x-expires=1778400000&x-signature=Qcj57BfX09saehdJJK0Xo0A1upA%3D&t=4d5b0474&ps=13740610&shp=30310797&shcp=ff37627b&idc=useast8"
"they are so funny 🤣🤣🤣🤣 their facial expression","6","0","2026-03-02T06:50:42.000Z","burgeronduhbeattt","https://www.tiktok.com/@user6611908121759/video/7612233575705955597","6996166223286092801","7612547052626658069","https://p19-common-sign.tiktokcdn-us.com/tos-alisg-avt-0068/68d65ddea972f42c7c4a4bc7eac14dff~tplv-tiktokx-cropcenter:100:100.jpg?dr=9640&refresh_token=1c2125bb&x-expires=1778400000&x-signature=Gfi5Fw0lws39Yn5d%2B2nCwdM6tiI%3D&t=4d5b0474&ps=13740610&shp=30310797&shcp=ff37627b&idc=useast8"
"So this is why the drive thru is always backed up.","7","0","2026-03-02T04:53:13.000Z","thecobble","https://www.tiktok.com/@user6611908121759/video/7612233575705955597","6747471327559926789","7612516635471659789","https://p16-common-sign.tiktokcdn-us.com/tos-useast5-avt-0068-tx/a6b9e9bfd056a21775274f36f46dbb70~tplv-tiktokx-cropcenter:100:100.jpg?dr=9640&refresh_token=aa71ee2b&x-expires=1778400000&x-signature=ODwikKxKiG0Vp1XHaLKK9W0JAxY%3D&t=4d5b0474&ps=13740610&shp=30310797&shcp=ff37627b&idc=useast5"
"Bro lowkey sound like Karl Anthony Towns","8","0","2026-03-01T23:58:48.000Z","theadamsplanet","https://www.tiktok.com/@user6611908121759/video/7612233575705955597","7302649408026051630","7612440870663930655","https://p19-common-sign.tiktokcdn-us.com/tos-useast8-avt-0068-tx2/2093bc146a3bfd775452dd503687668c~tplv-tiktokx-cropcenter:100:100.jpg?dr=9640&refresh_token=7c6a0dce&x-expires=1778400000&x-signature=RH7QGfsYAqvectTmYSve9ilQCik%3D&t=4d5b0474&ps=13740610&shp=30310797&shcp=ff37627b&idc=useast5"
"See now I wonder if people that come into my work complaing about stuff like this do they just do it themselves to get a free meal 😭","6","0","2026-03-02T05:25:12.000Z","austinswife63","https://www.tiktok.com/@user6611908121759/video/7612233575705955597","7163437266141316142","7612524939820319502","https://p19-common-sign.tiktokcdn-us.com/tos-useast5-avt-0068-tx/b958b2ce907737444d96524ecd195905~tplv-tiktokx-cropcenter:100:100.jpg?dr=9640&refresh_token=d973f6d2&x-expires=1778400000&x-signature=OslZ6I7H8XZ1gElCn3Vk8HSvBkg%3D&t=4d5b0474&ps=13740610&shp=30310797&shcp=ff37627b&idc=useast5"
"it's funny till someone's losses their job.. min wage & stress is exhausting as it is.","10","0","2026-03-02T07:27:56.000Z","karlamoonx","https://www.tiktok.com/@user6611908121759/video/7612233575705955597","6544163111481180165","7612556624155493138","https://p16-common-sign.tiktokcdn-us.com/tos-alisg-avt-0068/555f8698015abed43b721994bd304a8a~tplv-tiktokx-cropcenter:100:100.jpg?dr=9640&refresh_token=15b659a0&x-expires=1778400000&x-signature=6SuTshBUvqFnwZcmrQNxmp732Ts%3D&t=4d5b0474&ps=13740610&shp=30310797&shcp=ff37627b&idc=useast5"
"HAHAHAHAHAHAH 😭😭😭","6","0","2026-03-02T09:34:30.000Z","kasihroslii","https://www.tiktok.com/@user6611908121759/video/7612233575705955597","6538380713141682178","7612589237025030920","https://p16-common-sign.tiktokcdn-us.com/tos-alisg-avt-0068/d7598d37831e830ae0358a661fd2a7a0~tplv-tiktokx-cropcenter:100:100.jpg?dr=9640&refresh_token=da154d1c&x-expires=1778400000&x-signature=0vNXoU7bG7GHXc53P0DtaVI4og0%3D&t=4d5b0474&ps=13740610&shp=30310797&shcp=ff37627b&idc=useast5"
"O ntja abuti 😒","6","0","2026-03-02T06:55:31.000Z","karabohlahane","https://www.tiktok.com/@user6611908121759/video/7612233575705955597","7217482752588661766","7612548278212133640","https://p19-common-sign.tiktokcdn-us.com/tos-alisg-avt-0068/2f1cec60ac1e3a6308d6f90613e92a64~tplv-tiktokx-cropcenter:100:100.jpg?dr=9640&refresh_token=da6bc89d&x-expires=1778400000&x-signature=YTK6rNMusnzhFgZ0bPXOrm%2BKxSg%3D&t=4d5b0474&ps=13740610&shp=30310797&shcp=ff37627b&idc=useast5"
"I could never do this with a straight face 😭","8","0","2026-03-02T02:58:06.000Z","monkeykid_vr","https://www.tiktok.com/@user6611908121759/video/7612233575705955597","7269028151572120581","7612487107331982100","https://p19-common-sign.tiktokcdn-us.com/tos-alisg-avt-0068/bd6b3ebd08f0bd6938f2dbaa2c72ed23~tplv-tiktokx-cropcenter:100:100.jpg?dr=9640&refresh_token=c7824928&x-expires=1778400000&x-signature=kYIm7olLUx2G7pfbPzQ%2F%2B1IGjT0%3D&t=4d5b0474&ps=13740610&shp=30310797&shcp=ff37627b&idc=useast5"
"I actually LOL 😆","7","0","2026-03-02T00:11:12.000Z","_annadamian_","https://www.tiktok.com/@user6611908121759/video/7612233575705955597","6550728038764838913","7612444054353363743","https://p19-common-sign.tiktokcdn-us.com/tos-useast5-avt-0068-tx/ec06276819da77f74bcda4a002ff58db~tplv-tiktokx-cropcenter:100:100.jpg?dr=9640&refresh_token=c2720dba&x-expires=1778400000&x-signature=2rb8vZ%2BztRWuS2BuUJJt750PRNs%3D&t=4d5b0474&ps=13740610&shp=30310797&shcp=ff37627b&idc=useast5"
"The point was?","7","0","2026-03-02T01:28:52.000Z","nicholasabartole","https://www.tiktok.com/@user6611908121759/video/7612233575705955597","7583433057697711117","7612464024559829791","https://p16-common-sign.tiktokcdn-us.com/tos-useast5-avt-0068-tx/4a22a104a61f5214cdb4b5d4ad332056~tplv-tiktokx-cropcenter:100:100.jpg?dr=9640&refresh_token=cd716615&x-expires=1778400000&x-signature=NB11Dz25cHMJ5VkX%2FPzLRs4prfU%3D&t=4d5b0474&ps=13740610&shp=30310797&shcp=ff37627b&idc=useast5"
"I would’ve said you went to the other one","7","0","2026-03-02T04:31:55.000Z","kuulilly","https://www.tiktok.com/@user6611908121759/video/7612233575705955597","6545226037684305926","7612511143266157342","https://p19-common-sign.tiktokcdn-us.com/tos-useast5-avt-0068-tx/b14d731aa440aedbaeec2a5b2bcdaaf7~tplv-tiktokx-cropcenter:100:100.jpg?dr=9640&refresh_token=e19f3fec&x-expires=1778400000&x-signature=8g5%2F4vqbOlBI0TpXQWHeeoJYVQ8%3D&t=4d5b0474&ps=13740610&shp=30310797&shcp=ff37627b&idc=useast5"
"Waittt till u stroll upon one where there is only 2 employees working or 1,,,, the outcome im waiting 2 see","6","0","2026-03-02T03:46:01.000Z","memebby40","https://www.tiktok.com/@user6611908121759/video/7612233575705955597","6807551380129481734","7612499419875246862","https://p19-common-sign.tiktokcdn-us.com/tos-useast5-avt-0068-tx/89cbb21f7cce2a2a64cb0aab7cacc7fd~tplv-tiktokx-cropcenter:100:100.jpg?dr=9640&refresh_token=f130508f&x-expires=1778400000&x-signature=dMsHrfGk7O7%2Bmyeqyec3vCkGk3Q%3D&t=4d5b0474&ps=13740610&shp=30310797&shcp=ff37627b&idc=useast5"
"the salary of the person who prepped those are gonna get deducted btw","7","0","2026-03-02T07:12:11.000Z","cj.gsf6","https://www.tiktok.com/@user6611908121759/video/7612233575705955597","7242979383399760902","7612552586286007047","https://p16-common-sign.tiktokcdn-eu.com/tos-alisg-avt-0068/bf49c36c16d517ed572a3e83a7f3e8a4~tplv-tiktokx-cropcenter:100:100.jpg?dr=10399&refresh_token=d6ef091a&x-expires=1778400000&x-signature=pyUkKnPlOoJRyoMAyBCmLBvky5Y%3D&t=4d5b0474&ps=13740610&shp=30310797&shcp=ff37627b&idc=no1a"
"They have cameras in and out of every McDonald’s so nobody getting fired","7","0","2026-03-02T04:52:08.000Z","ty4j_","https://www.tiktok.com/@user6611908121759/video/7612233575705955597","6733044430964917254","7612516509021225746","https://p16-common-sign.tiktokcdn-eu.com/tos-alisg-avt-0068/99d7f279caf7cc120c9e52c6995404e7~tplv-tiktokx-cropcenter:100:100.jpg?dr=10399&refresh_token=637a3249&x-expires=1778400000&x-signature=43d3srThQXi3GvySgrQNhRqov0Q%3D&t=4d5b0474&ps=13740610&shp=30310797&shcp=ff37627b&idc=no1a"
"😂😂😂😂😂😂😂😂😂 second was flabbergasted","8","0","2026-03-02T04:42:01.000Z","star05433","https://www.tiktok.com/@user6611908121759/video/7612233575705955597","6938635637872477190","7612513816421499678","https://p16-common-sign.tiktokcdn-eu.com/tos-maliva-avt-0068/4ad7182de8e6cc67e5ffba31bf9c2385~tplv-tiktokx-cropcenter:100:100.jpg?dr=10399&refresh_token=7dcfeadd&x-expires=1778400000&x-signature=I3vKAy7ilRCgY7eBji9tu25YLPM%3D&t=4d5b0474&ps=13740610&shp=30310797&shcp=ff37627b&idc=no1a"
"😂😂😂😂😂😂😂 Yooooo I’m doing this","7","0","2026-03-02T04:26:31.000Z","brysabishop01","https://www.tiktok.com/@user6611908121759/video/7612233575705955597","7163328797226632235","7612509837692732191","https://p16-common-sign.tiktokcdn-eu.com/tos-maliva-avt-0068/36aa4665d675aa8798ae9755c5c09c4d~tplv-tiktokx-cropcenter:100:100.jpg?dr=10399&refresh_token=d8b5cf9e&x-expires=1778400000&x-signature=0cFSQYmpPQqcR2O5bDWJLTCTo%2Fg%3D&t=4d5b0474&ps=13740610&shp=30310797&shcp=ff37627b&idc=no1a"
"They have cameras where the orator the food people calm down lol","6","0","2026-03-02T04:15:16.000Z","lul14626","https://www.tiktok.com/@user6611908121759/video/7612233575705955597","7461965795947955233","7612506675015582486","https://p16-common-sign.tiktokcdn-eu.com/musically-maliva-obj/1594805258216454~tplv-tiktokx-cropcenter:100:100.jpg?dr=10399&refresh_token=2db80442&x-expires=1778400000&x-signature=%2FszLXY3LNzbc1pS1R7a5jdcoKxk%3D&t=4d5b0474&ps=13740610&shp=30310797&shcp=ff37627b&idc=no1a"
"I was waiting for someone to ask “who did this”🤣","8","0","2026-03-02T03:44:44.000Z","skylalylah","https://www.tiktok.com/@user6611908121759/video/7612233575705955597","7313000743010468906","7612499080065893151","https://p16-common-sign.tiktokcdn-eu.com/tos-maliva-avt-0068/3e3049cef3bb3ccb1eb3f8e3a0046007~tplv-tiktokx-cropcenter:100:100.jpg?dr=10399&refresh_token=58f280fe&x-expires=1778400000&x-signature=xGNYX6DO8tpdstT1if%2BfLag7G%2BA%3D&t=4d5b0474&ps=13740610&shp=30310797&shcp=ff37627b&idc=no1a"
"Was the first one Freddy Sanchez","7","0","2026-03-02T02:09:18.000Z","splitmyself","https://www.tiktok.com/@user6611908121759/video/7612233575705955597","7238796885394048046","7612474496091521822","https://p19-common-sign.tiktokcdn-eu.com/tos-maliva-avt-0068/89b1b4c14217f29ef012f49eda1b6f8d~tplv-tiktokx-cropcenter:100:100.jpg?dr=10399&refresh_token=8fc6bef3&x-expires=1778400000&x-signature=0FEZmUY%2FobP1DnmWAN%2B8xIvDrD8%3D&t=4d5b0474&ps=13740610&shp=30310797&shcp=ff37627b&idc=no1a"
"Ur my hero now 😂, try Taco Bell","7","0","2026-03-01T22:29:16.000Z","jorgezamora5315","https://www.tiktok.com/@user6611908121759/video/7612233575705955597","7079287164555002923","7612417721704088333","https://p16-common-sign.tiktokcdn-eu.com/tos-maliva-avt-0068/2acecd49c4c90ab885dd273e05d4a604~tplv-tiktokx-cropcenter:100:100.jpg?dr=10399&refresh_token=6ea52c98&x-expires=1778400000&x-signature=f8orw17PvalKRLXbU2QfxiSSEhU%3D&t=4d5b0474&ps=13740610&shp=30310797&shcp=ff37627b&idc=no1a"
"Good. McDonalds shouldn’t be that expensive anyways","7","0","2026-03-01T20:27:17.000Z","projectinkdesignco","https://www.tiktok.com/@user6611908121759/video/7612233575705955597","120507673095163904","7612386377737175839","https://p16-common-sign.tiktokcdn-eu.com/tos-maliva-avt-0068/9a4a776fe07031aeb2b57e46101f2f3e~tplv-tiktokx-cropcenter:100:100.jpg?dr=10399&refresh_token=50a5f1f8&x-expires=1778400000&x-signature=xRLo8PGf%2BbVDFCTJdCb07qY7h1A%3D&t=4d5b0474&ps=13740610&shp=30310797&shcp=ff37627b&idc=no1a"
"I love the way they show their responsibility no much asking and concern u","7","0","2026-03-02T08:45:00.000Z","iamxiumei","https://www.tiktok.com/@user6611908121759/video/7612233575705955597","6596531693959790594","7612576502186754836","https://p16-common-sign.tiktokcdn-eu.com/tos-alisg-avt-0068/aa8224ce52333dfebb988eb49928125f~tplv-tiktokx-cropcenter:100:100.jpg?dr=10399&refresh_token=ee957c0d&x-expires=1778400000&x-signature=kuUU8D6k2x%2Fgeao8VECGPtzAE%2B8%3D&t=4d5b0474&ps=13740610&shp=30310797&shcp=ff37627b&idc=no1a"
"yo the last one is the mcds at 92 😭🙏🏽","6","0","2026-03-02T04:23:58.000Z","gerarsinho","https://www.tiktok.com/@user6611908121759/video/7612233575705955597","7147509341510976554","7612509089298416398","https://p16-common-sign.tiktokcdn-us.com/tos-useast5-avt-0068-tx/e9f0befdce7c727dc79c9148fbee5801~tplv-tiktokx-cropcenter:100:100.jpg?dr=9640&refresh_token=35c1d419&x-expires=1778400000&x-signature=HEShYQfHhT8lK8hYZdd4UEpQaEw%3D&t=4d5b0474&ps=13740610&shp=30310797&shcp=ff37627b&idc=useast5"
"So complaining is a prank now?","12","0","2026-03-02T08:32:59.000Z","grayy9000","https://www.tiktok.com/@user6611908121759/video/7612233575705955597","7150306312994554886","7612572944560046868","https://p16-common-sign.tiktokcdn-us.com/tos-alisg-avt-0068/6a5b32b11978347ffc9f394cb1c733bb~tplv-tiktokx-cropcenter:100:100.jpg?dr=9640&refresh_token=ee4c7763&x-expires=1778400000&x-signature=%2F1FQQMVjYyeBEJEdouCn1aWb9FU%3D&t=4d5b0474&ps=13740610&shp=30310797&shcp=ff37627b&idc=useast5"
"they don't recognize this same person over and over again who's complaining?!","15","0","2026-03-02T07:29:38.000Z","chua_matt_e05","https://www.tiktok.com/@user6611908121759/video/7612233575705955597","7068614301313811457","7612557070566933268","https://p16-common-sign.tiktokcdn-us.com/tos-alisg-avt-0068/05474c4853e6e4187be3d786ce2db572~tplv-tiktokx-cropcenter:100:100.jpg?dr=9640&refresh_token=5f320a45&x-expires=1778400000&x-signature=nShfMIY3uIxlO3Vr7FNC%2FEfY0%2Fg%3D&t=4d5b0474&ps=13740610&shp=30310797&shcp=ff37627b&idc=useast5"
"bro's doing it for the love of the game 😭","8","0","2026-03-02T06:15:29.000Z","uglywoodenpotato","https://www.tiktok.com/@user6611908121759/video/7612233575705955597","6806104002137801729","7612537973376418580","https://p19-common-sign.tiktokcdn-us.com/tos-alisg-avt-0068/7328223376621699073~tplv-tiktokx-cropcenter:100:100.jpg?dr=9640&refresh_token=be58453a&x-expires=1778400000&x-signature=8m5xof1j%2F7Ix2Ve0TAUDoELzyP0%3D&t=4d5b0474&ps=13740610&shp=30310797&shcp=ff37627b&idc=useast5"
"wasting fooood","9","0","2026-03-02T00:19:45.000Z","itricksta","https://www.tiktok.com/@user6611908121759/video/7612233575705955597","6805249392346694661","7612446260327465759","https://p16-common-sign.tiktokcdn-us.com/tos-maliva-avt-0068/7331951564867895302~tplv-tiktokx-cropcenter:100:100.jpg?dr=9640&refresh_token=6a4cdc71&x-expires=1778400000&x-signature=5Z79uxlWVqMvyXAS%2BYzdoMgP2TM%3D&t=4d5b0474&ps=13740610&shp=30310797&shcp=ff37627b&idc=useast5"
"this guy","8","0","2026-03-02T00:41:01.000Z","ernestmungia","https://www.tiktok.com/@user6611908121759/video/7612233575705955597","7192544417023673390","7612451769205293855","https://p19-common-sign.tiktokcdn-us.com/tos-useast8-avt-0068-tx2/a7d7e21f62de452bace77e88e2455ef8~tplv-tiktokx-cropcenter:100:100.jpg?dr=9640&refresh_token=fdb97199&x-expires=1778400000&x-signature=eARA%2BR0vuQ35vXycPa%2BKWqiATc8%3D&t=4d5b0474&ps=13740610&shp=30310797&shcp=ff37627b&idc=useast5"
"bro, that’s not a good you know if you make this they’re gonna fire the who the cooking dip chicken sandwich they’re gonna fire him","23","3","2026-03-01T21:28:36.000Z","_cls_63_1","https://www.tiktok.com/@user6611908121759/video/7612233575705955597","7450029691945632811","7612402156558041886","https://p16-common-sign.tiktokcdn-us.com/tos-useast8-avt-0068-tx2/791d9abe51cd5e9318cc55d1b7dc7637~tplv-tiktokx-cropcenter:100:100.jpg?dr=9640&refresh_token=125a5148&x-expires=1778400000&x-signature=r%2BzZXAkcJ5cBy4IxCtHtS92PHGc%3D&t=4d5b0474&ps=13740610&shp=30310797&shcp=ff37627b&idc=useast5"
"i ordered hungry jacks on the app. i pressed one extra pickle. I couldn’t eat my burger because it was all pickles. I didn’t go back i tried to eat it","37","4","2026-03-02T05:17:28.000Z","alyssak_1","https://www.tiktok.com/@user6611908121759/video/7612233575705955597","6587955838039146501","7612522995405341461","https://p16-common-sign.tiktokcdn-us.com/tos-alisg-avt-0068/cb8a841ff39a205e1d4e787870631f09~tplv-tiktokx-cropcenter:100:100.jpg?dr=9640&refresh_token=8968cd4e&x-expires=1778400000&x-signature=w4uEfjhXK1AWISq3K%2FpB85RBGj4%3D&t=4d5b0474&ps=13740610&shp=30310797&shcp=ff37627b&idc=useast8"
"Yooo I just got free McDonald for one month wwwww","43","0","2026-03-01T11:43:49.000Z","ahmaad67824","https://www.tiktok.com/@user6611908121759/video/7612233575705955597","7601754082621588494","7612251066348241694","https://p16-common-sign.tiktokcdn-us.com/tos-useast8-avt-0068-tx2/07eb9e6cce42811a67598c222bf1bceb~tplv-tiktokx-cropcenter:100:100.jpg?dr=9640&refresh_token=d1970a67&x-expires=1778400000&x-signature=4XItZdlDBE5P4DWZlwnY3PhQgnc%3D&t=4d5b0474&ps=13740610&shp=30310797&shcp=ff37627b&idc=useast8"
"Me watching this a day after my cousin showed me what he does and it’s crazy 😭😅","7","0","2026-03-02T01:06:25.000Z","mari_bel.q","https://www.tiktok.com/@user6611908121759/video/7612233575705955597","6763917681592353798","7612458295765418782","https://p19-common-sign.tiktokcdn-us.com/tos-useast8-avt-0068-tx2/2af5168453d5d335e2fa8477f0d180e5~tplv-tiktokx-cropcenter:100:100.jpg?dr=9640&refresh_token=04661f9d&x-expires=1778400000&x-signature=5%2BfVtB30L3aUKO%2FevVu9amFWAD4%3D&t=4d5b0474&ps=13740610&shp=30310797&shcp=ff37627b&idc=useast8"
"What is the point","15","1","2026-03-02T00:14:37.000Z","james.fleischmann4","https://www.tiktok.com/@user6611908121759/video/7612233575705955597","7537474398401643534","7612444925817209630","https://p19-common-sign.tiktokcdn-us.com/tos-useast5-avt-0068-tx/215bd2049489a65237e1eb4bcadd3550~tplv-tiktokx-cropcenter:100:100.jpg?dr=9640&refresh_token=1bfa61f0&x-expires=1778400000&x-signature=SQtsJ%2BZZniIR%2Bb5QZiRhmxB5eag%3D&t=4d5b0474&ps=13740610&shp=30310797&shcp=ff37627b&idc=useast8"
"Ommg in the mcchicken one that used to be my manager!!!","6","0","2026-03-02T00:03:08.000Z","alejakei3","https://www.tiktok.com/@user6611908121759/video/7612233575705955597","7002715586103493637","7612441922120696589","https://p19-common-sign.tiktokcdn-us.com/tos-useast5-avt-0068-tx/654bf5d6b833d523766239178958632f~tplv-tiktokx-cropcenter:100:100.jpg?dr=9640&refresh_token=3aea0c19&x-expires=1778400000&x-signature=wNgpUgw2Ut8XtHzI5fD5wT1u8uo%3D&t=4d5b0474&ps=13740610&shp=30310797&shcp=ff37627b&idc=useast8"
"Are we not talking about the lady that don’t even work there and just walked out with a container of nuggets at the end","33","2","2026-03-02T01:59:05.000Z","jakaylahbrooks","https://www.tiktok.com/@user6611908121759/video/7612233575705955597","7612265339666465806","7612471840111575839","https://p16-common-sign.tiktokcdn-us.com/tos-useast5-avt-0068-tx/b4dba82136c32050c6d38d3187880c4e~tplv-tiktokx-cropcenter:100:100.jpg?dr=9640&refresh_token=56306dde&x-expires=1778400000&x-signature=K1ORZvFWA1KF1PEkj50xv10iFgc%3D&t=4d5b0474&ps=13740610&shp=30310797&shcp=ff37627b&idc=useast8"
"This is actually sooo funny!!!!!","7","0","2026-03-02T08:03:51.000Z","shaylouisef","https://www.tiktok.com/@user6611908121759/video/7612233575705955597","6807983604146160646","7612565906162107144","https://p19-common-sign.tiktokcdn-us.com/tos-alisg-avt-0068/6c118127cf1081979a4bd65af6b2a8d1~tplv-tiktokx-cropcenter:100:100.jpg?dr=9640&refresh_token=6147519c&x-expires=1778400000&x-signature=znrRBjWWu%2Bl9Z%2BCtWzwwJeVNyM4%3D&t=4d5b0474&ps=13740610&shp=30310797&shcp=ff37627b&idc=useast8"
"sana mapansin to ni mcdonald yung nag wwork ng maayos. matatanggal ng dahil sau","6","0","2026-03-02T08:03:27.000Z","jazen662","https://www.tiktok.com/@user6611908121759/video/7612233575705955597","7457100382402429972","7612565788167570197","https://p19-common-sign.tiktokcdn-us.com/musically-maliva-obj/1594805258216454~tplv-tiktokx-cropcenter:100:100.jpg?dr=9640&refresh_token=51e560f8&x-expires=1778400000&x-signature=tJGsdUWlA4X1LwIuLKg2wzgEJLg%3D&t=4d5b0474&ps=13740610&shp=30310797&shcp=ff37627b&idc=useast8"
"“Who did this”","6","0","2026-03-02T05:18:29.000Z","laurenlcreates","https://www.tiktok.com/@user6611908121759/video/7612233575705955597","6932770426138756102","7612523071954977550","https://p16-common-sign.tiktokcdn-us.com/tos-maliva-avt-0068/c086d7199eb5e3987d03a63dd3846795~tplv-tiktokx-cropcenter:100:100.jpg?dr=9640&refresh_token=f841700f&x-expires=1778400000&x-signature=IkifXVGz2SYn%2BLZdebAF3uZU0aw%3D&t=4d5b0474&ps=13740610&shp=30310797&shcp=ff37627b&idc=useast8"
"I'm dying 😂😂😂","13","0","2026-03-01T10:41:30.000Z","caedyn72","https://www.tiktok.com/@user6611908121759/video/7612233575705955597","7602875043823109133","7612234908455518990","https://p16-common-sign.tiktokcdn-us.com/tos-useast5-avt-0068-tx/8fdbfcfd89fa4ad39c74f42dc6d2122b~tplv-tiktokx-cropcenter:100:100.jpg?dr=9640&refresh_token=d6ad5d22&x-expires=1778400000&x-signature=tWgE4sm6Zv5VYweduUIRPVZpTzM%3D&t=4d5b0474&ps=13740610&shp=30310797&shcp=ff37627b&idc=useast8"
"Chat is this the method???","6","0","2026-03-02T05:05:31.000Z","logicalfuture9","https://www.tiktok.com/@user6611908121759/video/7612233575705955597","6841196807799768069","7612519890041307934","https://p16-common-sign.tiktokcdn-us.com/tos-useast8-avt-0068-tx2/d318d1d4f07a39569c91d3006e8cc7f5~tplv-tiktokx-cropcenter:100:100.jpg?dr=9640&refresh_token=a590d95e&x-expires=1778400000&x-signature=Mduj4y2jxW4TDfIh6IaANQVr%2FpY%3D&t=4d5b0474&ps=13740610&shp=30310797&shcp=ff37627b&idc=useast8"
"I think extra cheese was best reaction","10","0","2026-03-02T04:51:03.000Z","donn.exe_0719","https://www.tiktok.com/@user6611908121759/video/7612233575705955597","7159784767642027051","7612516138023764750","https://p16-common-sign.tiktokcdn-us.com/tos-useast8-avt-0068-tx2/220e2ef163880b79efdd4c4c7a9bd5f2~tplv-tiktokx-cropcenter:100:100.jpg?dr=9640&refresh_token=4c9ae8f4&x-expires=1778400000&x-signature=isAGyG3y%2B35pbMuJerQnSIIDm5c%3D&t=4d5b0474&ps=13740610&shp=30310797&shcp=ff37627b&idc=useast8"
"when you're bored and rich","20","0","2026-03-02T07:53:06.000Z","veevillamater","https://www.tiktok.com/@user6611908121759/video/7612233575705955597","6956400635412562945","7612563129667240712","https://p16-common-sign.tiktokcdn-us.com/tos-alisg-avt-0068/f1ad6e94ff9abf23aaca58dab9ca387e~tplv-tiktokx-cropcenter:100:100.jpg?dr=9640&refresh_token=3a4486f5&x-expires=1778400000&x-signature=OW9Rog66rKUS1ZxaYCj7SXY%2FheQ%3D&t=4d5b0474&ps=13740610&shp=30310797&shcp=ff37627b&idc=useast8"
"I feel bad for the employees.","4","0","2026-05-05T18:58:34.000Z","rodrguezkatha","https://www.tiktok.com/@user6611908121759/video/7612233575705955597","6599732540105654277","7636484051329712914","https://p16-common-sign.tiktokcdn-us.com/tos-maliva-avt-0068/7325973329335025670~tplv-tiktokx-cropcenter:100:100.jpg?dr=9640&refresh_token=f6fa1aed&x-expires=1778400000&x-signature=u8oT45gy30srAnBTuPgnUVjl3EQ%3D&t=4d5b0474&ps=13740610&shp=30310797&shcp=ff37627b&idc=useast8"
"SEE MY REPOSTT","0","0","2026-05-06T19:38:29.000Z","phu_bxboon","https://www.tiktok.com/@user6611908121759/video/7612233575705955597","6576949901653196801","7636865418400989973","https://p16-common-sign.tiktokcdn-us.com/tos-maliva-avt-0068/a86ca6b6b2690a3d1c4769eba73adf12~tplv-tiktokx-cropcenter:100:100.jpg?dr=9640&refresh_token=62c7e78d&x-expires=1778400000&x-signature=JCE6J2Gv8dRMwDA3cXQIuNvClH8%3D&t=4d5b0474&ps=13740610&shp=30310797&shcp=ff37627b&idc=useast8"
"Omg lmao there face reactions are so funny","6","0","2026-03-02T05:14:11.000Z","digital_diamond_empress","https://www.tiktok.com/@user6611908121759/video/7612233575705955597","7591350389834236941","7612521989853414158","https://p16-common-sign.tiktokcdn-eu.com/tos-maliva-avt-0068/31c0300ae91e884a7203b0ea82043023~tplv-tiktokx-cropcenter:100:100.jpg?dr=10399&refresh_token=ca265fca&x-expires=1778400000&x-signature=ip8TQGKojGZhBEQeAYdejO6cg9s%3D&t=4d5b0474&ps=13740610&shp=30310797&shcp=ff37627b&idc=no1a"
"thank you so much... sir ?? 😂","6","0","2026-03-02T03:13:41.000Z","magellaniccccc","https://www.tiktok.com/@user6611908121759/video/7612233575705955597","6726320724804617222","7612491069024650001","https://p16-common-sign.tiktokcdn-eu.com/tos-alisg-avt-0068/c4a8935d402a5272f5af526c47c718f1~tplv-tiktokx-cropcenter:100:100.jpg?dr=10399&refresh_token=ce10506f&x-expires=1778400000&x-signature=NL30WurmsmLhvLFgBfPAB6zvwHU%3D&t=4d5b0474&ps=13740610&shp=30310797&shcp=ff37627b&idc=no1a"
"who did this bro WHO DID YOUR HAIR 🙏","6","0","2026-03-02T01:13:42.000Z","rjfuller59","https://www.tiktok.com/@user6611908121759/video/7612233575705955597","7553484445438051383","7612460185920111391","https://p16-common-sign.tiktokcdn-eu.com/tos-maliva-avt-0068/da7ed27b73f9dc515a2468ace4ea7f97~tplv-tiktokx-cropcenter:100:100.jpg?dr=10399&refresh_token=f95ec722&x-expires=1778400000&x-signature=bnvowJYmeOVnxdrdQWveLhDxtao%3D&t=4d5b0474&ps=13740610&shp=30310797&shcp=ff37627b&idc=no1a"
"[Sticker] me when I was free food","16","0","2026-03-01T21:19:31.000Z","sandra.vargas_ot4ot8","https://www.tiktok.com/@user6611908121759/video/7612233575705955597","7525528365999424543","7612399740600697614","https://p16-common-sign.tiktokcdn-eu.com/tos-maliva-avt-0068/e32f6b4b77006912697ba1f53010924c~tplv-tiktokx-cropcenter:100:100.jpg?dr=10399&refresh_token=ccaaee59&x-expires=1778400000&x-signature=3DJFfKQgqRBz%2BCT0Bm2pkQ4RzIc%3D&t=4d5b0474&ps=13740610&shp=30310797&shcp=ff37627b&idc=no1a"
"SEE MY RREPOST","0","0","2026-05-06T19:38:48.000Z","phu_bxboon","https://www.tiktok.com/@user6611908121759/video/7612233575705955597","6576949901653196801","7636865468255716117","https://p19-common-sign.tiktokcdn-us.com/tos-maliva-avt-0068/a86ca6b6b2690a3d1c4769eba73adf12~tplv-tiktokx-cropcenter:100:100.jpg?dr=9640&refresh_token=ba49ef6c&x-expires=1778400000&x-signature=NVP8hIbc95%2FqVe9fPek4HaMEcFI%3D&t=4d5b0474&ps=13740610&shp=30310797&shcp=ff37627b&idc=useast5"
"SEE MY REPOSTT","0","0","2026-05-06T19:38:58.000Z","phu_bxboon","https://www.tiktok.com/@user6611908121759/video/7612233575705955597","6576949901653196801","7636865483627545365","https://p19-common-sign.tiktokcdn-us.com/tos-maliva-avt-0068/a86ca6b6b2690a3d1c4769eba73adf12~tplv-tiktokx-cropcenter:100:100.jpg?dr=9640&refresh_token=ba49ef6c&x-expires=1778400000&x-signature=NVP8hIbc95%2FqVe9fPek4HaMEcFI%3D&t=4d5b0474&ps=13740610&shp=30310797&shcp=ff37627b&idc=useast5"
"LOOK AT MY REPOST","0","0","2026-05-06T19:39:08.000Z","phu_bxboon","https://www.tiktok.com/@user6611908121759/video/7612233575705955597","6576949901653196801","7636865586806440725","https://p19-common-sign.tiktokcdn-us.com/tos-maliva-avt-0068/a86ca6b6b2690a3d1c4769eba73adf12~tplv-tiktokx-cropcenter:100:100.jpg?dr=9640&refresh_token=ba49ef6c&x-expires=1778400000&x-signature=NVP8hIbc95%2FqVe9fPek4HaMEcFI%3D&t=4d5b0474&ps=13740610&shp=30310797&shcp=ff37627b&idc=useast5"
"support end video","0","0","2026-05-08T09:03:55.000Z","private.03o","https://www.tiktok.com/@user6611908121759/video/7612233575705955597","7580783856493216786","7637444091362099984","https://p16-common-sign.tiktokcdn-us.com/tos-alisg-avt-0068/2697c76230a0c786a1dd1ce1101f7099~tplv-tiktokx-cropcenter:100:100.jpg?dr=9640&refresh_token=a4a72700&x-expires=1778400000&x-signature=IZ8MISVw3TMwsh7BCZE9Fj4G3UE%3D&t=4d5b0474&ps=13740610&shp=30310797&shcp=ff37627b&idc=useast5"
"SEE MY REPOSTT","0","0","2026-05-06T19:39:20.000Z","phu_bxboon","https://www.tiktok.com/@user6611908121759/video/7612233575705955597","6576949901653196801","7636865619874874132","https://p19-common-sign.tiktokcdn-us.com/tos-maliva-avt-0068/a86ca6b6b2690a3d1c4769eba73adf12~tplv-tiktokx-cropcenter:100:100.jpg?dr=9640&refresh_token=ba49ef6c&x-expires=1778400000&x-signature=NVP8hIbc95%2FqVe9fPek4HaMEcFI%3D&t=4d5b0474&ps=13740610&shp=30310797&shcp=ff37627b&idc=useast5"
"SEE MY RREPOST","0","0","2026-05-06T19:39:30.000Z","phu_bxboon","https://www.tiktok.com/@user6611908121759/video/7612233575705955597","6576949901653196801","7636865630806131476","https://p19-common-sign.tiktokcdn-us.com/tos-maliva-avt-0068/a86ca6b6b2690a3d1c4769eba73adf12~tplv-tiktokx-cropcenter:100:100.jpg?dr=9640&refresh_token=ba49ef6c&x-expires=1778400000&x-signature=NVP8hIbc95%2FqVe9fPek4HaMEcFI%3D&t=4d5b0474&ps=13740610&shp=30310797&shcp=ff37627b&idc=useast5"
"SEE MY RREPOST","0","0","2026-05-06T09:06:01.000Z","ring_823","https://www.tiktok.com/@user6611908121759/video/7612233575705955597","7260980413954720774","7636702447520842503","https://p19-common-sign.tiktokcdn-us.com/tos-maliva-avt-0068/7260980562175721478~tplv-tiktokx-cropcenter:100:100.jpg?dr=9640&refresh_token=0a96b2db&x-expires=1778400000&x-signature=iI3%2BqKtlNmRuuXxwUUPZeFO8%2Bm8%3D&t=4d5b0474&ps=13740610&shp=30310797&shcp=ff37627b&idc=useast5"
"LOOK AT MY REPOST","0","0","2026-05-06T19:39:39.000Z","phu_bxboon","https://www.tiktok.com/@user6611908121759/video/7612233575705955597","6576949901653196801","7636865702703973140","https://p19-common-sign.tiktokcdn-us.com/tos-maliva-avt-0068/a86ca6b6b2690a3d1c4769eba73adf12~tplv-tiktokx-cropcenter:100:100.jpg?dr=9640&refresh_token=ba49ef6c&x-expires=1778400000&x-signature=NVP8hIbc95%2FqVe9fPek4HaMEcFI%3D&t=4d5b0474&ps=13740610&shp=30310797&shcp=ff37627b&idc=useast5"
"CHECK, MY REPOST","0","0","2026-05-06T09:06:13.000Z","ring_823","https://www.tiktok.com/@user6611908121759/video/7612233575705955597","7260980413954720774","7636702516113933064","https://p19-common-sign.tiktokcdn-us.com/tos-maliva-avt-0068/7260980562175721478~tplv-tiktokx-cropcenter:100:100.jpg?dr=9640&refresh_token=0a96b2db&x-expires=1778400000&x-signature=iI3%2BqKtlNmRuuXxwUUPZeFO8%2Bm8%3D&t=4d5b0474&ps=13740610&shp=30310797&shcp=ff37627b&idc=useast5"
"CHECKK MY REPOST","0","0","2026-05-06T09:06:20.000Z","ring_823","https://www.tiktok.com/@user6611908121759/video/7612233575705955597","7260980413954720774","7636702548279231250","https://p19-common-sign.tiktokcdn-us.com/tos-maliva-avt-0068/7260980562175721478~tplv-tiktokx-cropcenter:100:100.jpg?dr=9640&refresh_token=0a96b2db&x-expires=1778400000&x-signature=iI3%2BqKtlNmRuuXxwUUPZeFO8%2Bm8%3D&t=4d5b0474&ps=13740610&shp=30310797&shcp=ff37627b&idc=useast5"
"SEE MY REPOSTT","0","0","2026-05-06T19:39:47.000Z","phu_bxboon","https://www.tiktok.com/@user6611908121759/video/7612233575705955597","6576949901653196801","7636865749176582933","https://p19-common-sign.tiktokcdn-us.com/tos-maliva-avt-0068/a86ca6b6b2690a3d1c4769eba73adf12~tplv-tiktokx-cropcenter:100:100.jpg?dr=9640&refresh_token=ba49ef6c&x-expires=1778400000&x-signature=NVP8hIbc95%2FqVe9fPek4HaMEcFI%3D&t=4d5b0474&ps=13740610&shp=30310797&shcp=ff37627b&idc=useast5"
"LOOK AT MY REPOST","0","0","2026-05-06T09:06:28.000Z","ring_823","https://www.tiktok.com/@user6611908121759/video/7612233575705955597","7260980413954720774","7636702555053900552","https://p19-common-sign.tiktokcdn-us.com/tos-maliva-avt-0068/7260980562175721478~tplv-tiktokx-cropcenter:100:100.jpg?dr=9640&refresh_token=0a96b2db&x-expires=1778400000&x-signature=iI3%2BqKtlNmRuuXxwUUPZeFO8%2Bm8%3D&t=4d5b0474&ps=13740610&shp=30310797&shcp=ff37627b&idc=useast5"
"SEE MY RREPOST","0","0","2026-05-06T09:03:21.000Z","ring_823","https://www.tiktok.com/@user6611908121759/video/7612233575705955597","7260980413954720774","7636701787898315538","https://p19-common-sign.tiktokcdn-us.com/tos-maliva-avt-0068/7260980562175721478~tplv-tiktokx-cropcenter:100:100.jpg?dr=9640&refresh_token=0a96b2db&x-expires=1778400000&x-signature=iI3%2BqKtlNmRuuXxwUUPZeFO8%2Bm8%3D&t=4d5b0474&ps=13740610&shp=30310797&shcp=ff37627b&idc=useast5"
"CHECK, MY REPOST","0","0","2026-05-06T19:39:56.000Z","phu_bxboon","https://www.tiktok.com/@user6611908121759/video/7612233575705955597","6576949901653196801","7636865786124354324","https://p19-common-sign.tiktokcdn-us.com/tos-maliva-avt-0068/a86ca6b6b2690a3d1c4769eba73adf12~tplv-tiktokx-cropcenter:100:100.jpg?dr=9640&refresh_token=ba49ef6c&x-expires=1778400000&x-signature=NVP8hIbc95%2FqVe9fPek4HaMEcFI%3D&t=4d5b0474&ps=13740610&shp=30310797&shcp=ff37627b&idc=useast5"
"LOOK AT MY REPOST","0","0","2026-05-06T09:06:42.000Z","ring_823","https://www.tiktok.com/@user6611908121759/video/7612233575705955597","7260980413954720774","7636702649190040328","https://p19-common-sign.tiktokcdn-us.com/tos-maliva-avt-0068/7260980562175721478~tplv-tiktokx-cropcenter:100:100.jpg?dr=9640&refresh_token=0a96b2db&x-expires=1778400000&x-signature=iI3%2BqKtlNmRuuXxwUUPZeFO8%2Bm8%3D&t=4d5b0474&ps=13740610&shp=30310797&shcp=ff37627b&idc=useast5"
"SEE MY REPOSTT","0","0","2026-05-08T09:09:18.000Z","shimizuuu.12","https://www.tiktok.com/@user6611908121759/video/7612233575705955597","6866042986695656449","7637445496235213575","https://p19-common-sign.tiktokcdn-us.com/tos-maliva-avt-0068/c8e014b509591eacf1bdeb9de9216f8c~tplv-tiktokx-cropcenter:100:100.jpg?dr=9640&refresh_token=838f482d&x-expires=1778400000&x-signature=2nkF%2FdtH131rkD%2BKJiiKAB4qSug%3D&t=4d5b0474&ps=13740610&shp=30310797&shcp=ff37627b&idc=useast5"
"SEE MY RREPOST","0","0","2026-05-06T09:06:50.000Z","ring_823","https://www.tiktok.com/@user6611908121759/video/7612233575705955597","7260980413954720774","7636702654052156178","https://p19-common-sign.tiktokcdn-us.com/tos-maliva-avt-0068/7260980562175721478~tplv-tiktokx-cropcenter:100:100.jpg?dr=9640&refresh_token=0a96b2db&x-expires=1778400000&x-signature=iI3%2BqKtlNmRuuXxwUUPZeFO8%2Bm8%3D&t=4d5b0474&ps=13740610&shp=30310797&shcp=ff37627b&idc=useast5"
"CHECKK MY REPOST","0","0","2026-05-06T19:40:04.000Z","phu_bxboon","https://www.tiktok.com/@user6611908121759/video/7612233575705955597","6576949901653196801","7636865830311330581","https://p19-common-sign.tiktokcdn-us.com/tos-maliva-avt-0068/a86ca6b6b2690a3d1c4769eba73adf12~tplv-tiktokx-cropcenter:100:100.jpg?dr=9640&refresh_token=ba49ef6c&x-expires=1778400000&x-signature=NVP8hIbc95%2FqVe9fPek4HaMEcFI%3D&t=4d5b0474&ps=13740610&shp=30310797&shcp=ff37627b&idc=useast5"
"LOOK AT MY REPOST","0","0","2026-05-06T09:06:57.000Z","ring_823","https://www.tiktok.com/@user6611908121759/video/7612233575705955597","7260980413954720774","7636702718576378642","https://p19-common-sign.tiktokcdn-us.com/tos-maliva-avt-0068/7260980562175721478~tplv-tiktokx-cropcenter:100:100.jpg?dr=9640&refresh_token=0a96b2db&x-expires=1778400000&x-signature=iI3%2BqKtlNmRuuXxwUUPZeFO8%2Bm8%3D&t=4d5b0474&ps=13740610&shp=30310797&shcp=ff37627b&idc=useast5"
"LOOK AT MY REPOST","0","0","2026-05-06T09:04:17.000Z","ring_823","https://www.tiktok.com/@user6611908121759/video/7612233575705955597","7260980413954720774","7636701992564851474","https://p19-common-sign.tiktokcdn-us.com/tos-maliva-avt-0068/7260980562175721478~tplv-tiktokx-cropcenter:100:100.jpg?dr=9640&refresh_token=0a96b2db&x-expires=1778400000&x-signature=iI3%2BqKtlNmRuuXxwUUPZeFO8%2Bm8%3D&t=4d5b0474&ps=13740610&shp=30310797&shcp=ff37627b&idc=useast5"
"SEE MY RREPOST","0","0","2026-05-06T09:07:04.000Z","ring_823","https://www.tiktok.com/@user6611908121759/video/7612233575705955597","7260980413954720774","7636702736830350098","https://p19-common-sign.tiktokcdn-us.com/tos-maliva-avt-0068/7260980562175721478~tplv-tiktokx-cropcenter:100:100.jpg?dr=9640&refresh_token=0a96b2db&x-expires=1778400000&x-signature=iI3%2BqKtlNmRuuXxwUUPZeFO8%2Bm8%3D&t=4d5b0474&ps=13740610&shp=30310797&shcp=ff37627b&idc=useast5"
"LOOK AT MY REPOST","0","0","2026-05-06T19:40:15.000Z","phu_bxboon","https://www.tiktok.com/@user6611908121759/video/7612233575705955597","6576949901653196801","7636865816256889621","https://p19-common-sign.tiktokcdn-us.com/tos-maliva-avt-0068/a86ca6b6b2690a3d1c4769eba73adf12~tplv-tiktokx-cropcenter:100:100.jpg?dr=9640&refresh_token=ba49ef6c&x-expires=1778400000&x-signature=NVP8hIbc95%2FqVe9fPek4HaMEcFI%3D&t=4d5b0474&ps=13740610&shp=30310797&shcp=ff37627b&idc=useast5"
"CHECKK MY REPOST","0","0","2026-05-06T09:07:12.000Z","ring_823","https://www.tiktok.com/@user6611908121759/video/7612233575705955597","7260980413954720774","7636702772260422407","https://p19-common-sign.tiktokcdn-us.com/tos-maliva-avt-0068/7260980562175721478~tplv-tiktokx-cropcenter:100:100.jpg?dr=9640&refresh_token=0a96b2db&x-expires=1778400000&x-signature=iI3%2BqKtlNmRuuXxwUUPZeFO8%2Bm8%3D&t=4d5b0474&ps=13740610&shp=30310797&shcp=ff37627b&idc=useast5"
"LOOK AT MY REPOST","0","0","2026-05-06T09:07:19.000Z","ring_823","https://www.tiktok.com/@user6611908121759/video/7612233575705955597","7260980413954720774","7636702804123812626","https://p19-common-sign.tiktokcdn-us.com/tos-maliva-avt-0068/7260980562175721478~tplv-tiktokx-cropcenter:100:100.jpg?dr=9640&refresh_token=0a96b2db&x-expires=1778400000&x-signature=iI3%2BqKtlNmRuuXxwUUPZeFO8%2Bm8%3D&t=4d5b0474&ps=13740610&shp=30310797&shcp=ff37627b&idc=useast5"
"CHECKK MY REPOST","0","0","2026-05-06T19:40:23.000Z","phu_bxboon","https://www.tiktok.com/@user6611908121759/video/7612233575705955597","6576949901653196801","7636865893871944468","https://p19-common-sign.tiktokcdn-us.com/tos-maliva-avt-0068/a86ca6b6b2690a3d1c4769eba73adf12~tplv-tiktokx-cropcenter:100:100.jpg?dr=9640&refresh_token=ba49ef6c&x-expires=1778400000&x-signature=NVP8hIbc95%2FqVe9fPek4HaMEcFI%3D&t=4d5b0474&ps=13740610&shp=30310797&shcp=ff37627b&idc=useast5"
"CHECK, MY REPOST","0","0","2026-05-06T09:04:10.000Z","ring_823","https://www.tiktok.com/@user6611908121759/video/7612233575705955597","7260980413954720774","7636701998485799698","https://p19-common-sign.tiktokcdn-us.com/tos-maliva-avt-0068/7260980562175721478~tplv-tiktokx-cropcenter:100:100.jpg?dr=9640&refresh_token=0a96b2db&x-expires=1778400000&x-signature=iI3%2BqKtlNmRuuXxwUUPZeFO8%2Bm8%3D&t=4d5b0474&ps=13740610&shp=30310797&shcp=ff37627b&idc=useast5"
"CHECK, MY REPOST","0","0","2026-05-06T09:07:34.000Z","ring_823","https://www.tiktok.com/@user6611908121759/video/7612233575705955597","7260980413954720774","7636702844733981458","https://p19-common-sign.tiktokcdn-us.com/tos-maliva-avt-0068/7260980562175721478~tplv-tiktokx-cropcenter:100:100.jpg?dr=9640&refresh_token=0a96b2db&x-expires=1778400000&x-signature=iI3%2BqKtlNmRuuXxwUUPZeFO8%2Bm8%3D&t=4d5b0474&ps=13740610&shp=30310797&shcp=ff37627b&idc=useast5"
"CHECK, MY REPOST","0","0","2026-05-06T19:40:31.000Z","phu_bxboon","https://www.tiktok.com/@user6611908121759/video/7612233575705955597","6576949901653196801","7636865881193399061","https://p19-common-sign.tiktokcdn-us.com/tos-maliva-avt-0068/a86ca6b6b2690a3d1c4769eba73adf12~tplv-tiktokx-cropcenter:100:100.jpg?dr=9640&refresh_token=ba49ef6c&x-expires=1778400000&x-signature=NVP8hIbc95%2FqVe9fPek4HaMEcFI%3D&t=4d5b0474&ps=13740610&shp=30310797&shcp=ff37627b&idc=useast5"
"SEE MY RREPOST","0","0","2026-05-06T19:40:44.000Z","phu_bxboon","https://www.tiktok.com/@user6611908121759/video/7612233575705955597","6576949901653196801","7636865997932544789","https://p16-common-sign.tiktokcdn-us.com/tos-maliva-avt-0068/a86ca6b6b2690a3d1c4769eba73adf12~tplv-tiktokx-cropcenter:100:100.jpg?dr=9640&refresh_token=62c7e78d&x-expires=1778400000&x-signature=JCE6J2Gv8dRMwDA3cXQIuNvClH8%3D&t=4d5b0474&ps=13740610&shp=30310797&shcp=ff37627b&idc=useast5"
"CHECK, MY REPOST","0","0","2026-05-06T09:04:25.000Z","ring_823","https://www.tiktok.com/@user6611908121759/video/7612233575705955597","7260980413954720774","7636702049334002440","https://p16-common-sign.tiktokcdn-us.com/tos-maliva-avt-0068/7260980562175721478~tplv-tiktokx-cropcenter:100:100.jpg?dr=9640&refresh_token=ab6c9ec2&x-expires=1778400000&x-signature=SXKRIam4L6e99QMb5jrkZWkflZs%3D&t=4d5b0474&ps=13740610&shp=30310797&shcp=ff37627b&idc=useast5"
"All them people looking at the video after","5","0","2026-04-26T00:45:24.000Z","chrismunoz72","https://www.tiktok.com/@user6611908121759/video/7612233575705955597","7174909034340189230","7632862521322554143","https://p19-common-sign.tiktokcdn-us.com/tos-useast8-avt-0068-tx2/f9d5d13ed73c8489a10888926fec1e9c~tplv-tiktokx-cropcenter:100:100.jpg?dr=9640&refresh_token=731f67f2&x-expires=1778400000&x-signature=rZYRpZDx9WIDg8ZSY9Z2VNV9X1c%3D&t=4d5b0474&ps=13740610&shp=30310797&shcp=ff37627b&idc=useast8"
"thats not funny","5","0","2026-04-24T19:18:32.000Z","za.k.a21","https://www.tiktok.com/@user6611908121759/video/7612233575705955597","133425838569603072","7632407279404712726","https://p16-common-sign.tiktokcdn-us.com/tos-useast2a-avt-0068-euttp/a16c7ba35a17d5a48789f4b5424e85d6~tplv-tiktokx-cropcenter:100:100.jpg?dr=9640&refresh_token=993a0ac1&x-expires=1778400000&x-signature=hEKVHnN184C6lSlsbqkq2HHv6Vg%3D&t=4d5b0474&ps=13740610&shp=30310797&shcp=ff37627b&idc=useast8"
"Playing with food 😞","5","0","2026-04-24T09:47:59.000Z","binogq","https://www.tiktok.com/@user6611908121759/video/7612233575705955597","6812366781015229446","7632259843290497805","https://p16-common-sign.tiktokcdn-us.com/tos-useast5-avt-0068-tx/46dda165dfa7b133d5bddf179ffbd0ee~tplv-tiktokx-cropcenter:100:100.jpg?dr=9640&refresh_token=e25aa57b&x-expires=1778400000&x-signature=swU7J4RM8z%2BJn04UlxRdWwFlk%2Fw%3D&t=4d5b0474&ps=13740610&shp=30310797&shcp=ff37627b&idc=useast8"
"whole salad😭","5","0","2026-04-23T14:43:42.000Z","iamsavvi","https://www.tiktok.com/@user6611908121759/video/7612233575705955597","7068620826372015110","7631965350364300054","https://p16-common-sign.tiktokcdn-us.com/tos-maliva-avt-0068/ca4bd1aad4614907d99278b189fbb878~tplv-tiktokx-cropcenter:100:100.jpg?dr=9640&refresh_token=bd3b7875&x-expires=1778400000&x-signature=WALdVx2FIDuE5GmwiwAl3LEevrk%3D&t=4d5b0474&ps=13740610&shp=30310797&shcp=ff37627b&idc=useast8"
"No nooo no hagan eso plis","5","0","2026-04-23T00:47:39.000Z","alexandra.lovato","https://www.tiktok.com/@user6611908121759/video/7612233575705955597","7236007453598778411","7631749916775449375","https://p19-common-sign.tiktokcdn-us.com/tos-useast5-avt-0068-tx/de6915a23bf790ebd2bdc632a599d026~tplv-tiktokx-cropcenter:100:100.jpg?dr=9640&refresh_token=c3cfb1cd&x-expires=1778400000&x-signature=Lvb6FN0jllT0Vzk2QsHfjH2NcsM%3D&t=4d5b0474&ps=13740610&shp=30310797&shcp=ff37627b&idc=useast8"
"Not funny at all","5","0","2026-04-22T10:49:16.000Z","happy0507","https://www.tiktok.com/@user6611908121759/video/7612233575705955597","6841948720038691845","7631533848819925793","https://p19-common-sign.tiktokcdn-us.com/tos-maliva-avt-0068/e717fecab783bdd6226fbf5e113d4888~tplv-tiktokx-cropcenter:100:100.jpg?dr=9640&refresh_token=695a6489&x-expires=1778400000&x-signature=DjBm4K8%2F8jgKgtC5NoqfGh0cPMc%3D&t=4d5b0474&ps=13740610&shp=30310797&shcp=ff37627b&idc=useast8"
"please I want to come back to this video 😂😂😂","5","0","2026-04-21T23:42:23.000Z","fabia.dinizz","https://www.tiktok.com/@user6611908121759/video/7612233575705955597","6724859761449567237","7631361852244820758","https://p16-common-sign.tiktokcdn-us.com/tos-maliva-avt-0068/4cdb645f635bb0280ce8b851b04fb02a~tplv-tiktokx-cropcenter:100:100.jpg?dr=9640&refresh_token=885a702f&x-expires=1778400000&x-signature=qzSabyJ%2Bvy73ci%2B5ueFZ7%2FMQpGQ%3D&t=4d5b0474&ps=13740610&shp=30310797&shcp=ff37627b&idc=useast8"
"[Sticker] bro after every orders","5","0","2026-04-21T19:13:29.000Z","benderssama","https://www.tiktok.com/@user6611908121759/video/7612233575705955597","6863218291826574341","7631292732518220566","https://p16-common-sign.tiktokcdn-us.com/tos-maliva-avt-0068/7320816537655312389~tplv-tiktokx-cropcenter:100:100.jpg?dr=9640&refresh_token=3ef7af7c&x-expires=1778400000&x-signature=9%2FQkOy1PfFjViVJgAGnsGvAq8%2BY%3D&t=4d5b0474&ps=13740610&shp=30310797&shcp=ff37627b&idc=useast8"
"Bro out here here gettin ppl fired lol","5","0","2026-04-20T00:39:16.000Z","travosco89","https://www.tiktok.com/@user6611908121759/video/7612233575705955597","6820879838028252166","7630634453807694623","https://p16-common-sign.tiktokcdn-us.com/tos-useast8-avt-0068-tx2/a209d60ddb2e4b42c4e1addf87209f4a~tplv-tiktokx-cropcenter:100:100.jpg?dr=9640&refresh_token=1b2b48e6&x-expires=1778400000&x-signature=NwevRmQzqkVnii4fiOprljV%2FDcs%3D&t=4d5b0474&ps=13740610&shp=30310797&shcp=ff37627b&idc=useast8"
"you just gave them free cheese 😳","5","0","2026-03-02T09:43:53.000Z","urh_ma_sonkopherh","https://www.tiktok.com/@user6611908121759/video/7612233575705955597","7454652153714836486","7612591665459610388","https://p16-common-sign.tiktokcdn-us.com/tos-alisg-avt-0068/5da14d94004d475549115ece1efa661d~tplv-tiktokx-cropcenter:100:100.jpg?dr=9640&refresh_token=6e7b97d3&x-expires=1778400000&x-signature=J2Joj1THXnMiGDBozU3xHefRL0k%3D&t=4d5b0474&ps=13740610&shp=30310797&shcp=ff37627b&idc=useast8"
"this pmo so badly as a maccas worker","5","0","2026-03-02T09:40:50.000Z","sarah.isbored","https://www.tiktok.com/@user6611908121759/video/7612233575705955597","7032459628907955202","7612590884408656660","https://p19-common-sign.tiktokcdn-us.com/tos-alisg-avt-0068/797ba1c1bf5674f1339246dfd9c22843~tplv-tiktokx-cropcenter:100:100.jpg?dr=9640&refresh_token=54c11dfa&x-expires=1778400000&x-signature=61EPsvjQYoYxAaI1z1fzmBD6Utg%3D&t=4d5b0474&ps=13740610&shp=30310797&shcp=ff37627b&idc=useast8"
"for what????","5","0","2026-03-02T09:24:43.000Z","onee1144","https://www.tiktok.com/@user6611908121759/video/7612233575705955597","6896717115320386561","7612586730005381895","https://p16-common-sign.tiktokcdn-us.com/tos-alisg-avt-0068/63bb9ba4406e9396ed77d4ecdc72a9a7~tplv-tiktokx-cropcenter:100:100.jpg?dr=9640&refresh_token=f0f7afdb&x-expires=1778400000&x-signature=ENPnLSvMYmAl85aOGLKmBSiN%2B0M%3D&t=4d5b0474&ps=13740610&shp=30310797&shcp=ff37627b&idc=useast8"
"That's how vilan creates","5","0","2026-03-02T08:49:01.000Z","vanish1872","https://www.tiktok.com/@user6611908121759/video/7612233575705955597","6739146107194999814","7612577524401685256","https://p19-common-sign.tiktokcdn-us.com/tos-maliva-avt-0068/8ab60764ccee75757610720ae72fc28a~tplv-tiktokx-cropcenter:100:100.jpg?dr=9640&refresh_token=5ba79c78&x-expires=1778400000&x-signature=BkWs6gMPHy6v7G7LGxMzU%2Bh4Fgg%3D&t=4d5b0474&ps=13740610&shp=30310797&shcp=ff37627b&idc=useast8"
"He saving them from working at McDonald’s 😂😂😂","5","0","2026-03-02T08:30:25.000Z","yungmandboi","https://www.tiktok.com/@user6611908121759/video/7612233575705955597","7257542160102130730","7612572385954349838","https://p19-common-sign.tiktokcdn-us.com/tos-useast5-avt-0068-tx/d8d6b3ac153910d1c90ffd83e5854a6d~tplv-tiktokx-cropcenter:100:100.jpg?dr=9640&refresh_token=d31fc32a&x-expires=1778400000&x-signature=OvjXujczsDPRMHOli7NWVgFXZO8%3D&t=4d5b0474&ps=13740610&shp=30310797&shcp=ff37627b&idc=useast8"
"Why do you want to do that?","5","0","2026-03-02T08:02:08.000Z","eder.lambed","https://www.tiktok.com/@user6611908121759/video/7612233575705955597","7452374429482681360","7612565439059821330","https://p19-common-sign.tiktokcdn-us.com/tos-alisg-avt-0068/6b0eff6d3f42a68d2d0b1ca86083b11d~tplv-tiktokx-cropcenter:100:100.jpg?dr=9640&refresh_token=b4626db1&x-expires=1778400000&x-signature=Ks4imspi2M79dZJ%2FpIbfAHb0Ld0%3D&t=4d5b0474&ps=13740610&shp=30310797&shcp=ff37627b&idc=useast8"
"[Sticker] Is this fbi please we need you right away like what’s this bro 😳","5","0","2026-03-02T07:33:49.000Z","emmanu_el80","https://www.tiktok.com/@user6611908121759/video/7612233575705955597","7050181650906776581","7612558148301865748","https://p19-common-sign.tiktokcdn-us.com/tos-alisg-avt-0068/d815ccf25af505348ff09f229bf37eca~tplv-tiktokx-cropcenter:100:100.jpg?dr=9640&refresh_token=3ab41180&x-expires=1778400000&x-signature=5%2BAF2ImnXOuj%2F0eeDa8OVf9OWUM%3D&t=4d5b0474&ps=13740610&shp=30310797&shcp=ff37627b&idc=useast8"
"bro gonna get someone fired","5","0","2026-03-02T07:02:55.000Z","creed993874849","https://www.tiktok.com/@user6611908121759/video/7612233575705955597","6842769829054694402","7612550173227369223","https://p16-common-sign.tiktokcdn-us.com/tos-alisg-avt-0068/92e5ddbc7858225298f78a0006ed45a9~tplv-tiktokx-cropcenter:100:100.jpg?dr=9640&refresh_token=24b99268&x-expires=1778400000&x-signature=fEtfDQ%2FJIvFbpxmjMxWrlDqcepY%3D&t=4d5b0474&ps=13740610&shp=30310797&shcp=ff37627b&idc=useast8"
"Why are we waisting food","5","0","2026-03-02T06:45:13.000Z","humblymeeh","https://www.tiktok.com/@user6611908121759/video/7612233575705955597","6894105625913246726","7612545503570297613","https://p16-common-sign.tiktokcdn-us.com/tos-useast5-avt-0068-tx/4936ee2044cfe77bc1beb0cfbc9bd5da~tplv-tiktokx-cropcenter:100:100.jpg?dr=9640&refresh_token=cf1ffd1d&x-expires=1778400000&x-signature=yXPIN4OVmQmb5Dk%2BTjnBRgagBAA%3D&t=4d5b0474&ps=13740610&shp=30310797&shcp=ff37627b&idc=useast8"
"That’s not cool bro, don’t play them like that","5","0","2026-03-02T06:30:27.000Z","sweetsarahphim","https://www.tiktok.com/@user6611908121759/video/7612233575705955597","6919596739628680198","7612541669939184415","https://p19-common-sign.tiktokcdn-us.com/tos-useast8-avt-0068-tx2/fa38fdaa472485a8441597a52e4b15fb~tplv-tiktokx-cropcenter:100:100.jpg?dr=9640&refresh_token=cf321bf1&x-expires=1778400000&x-signature=etvSJ%2Ff6jO%2BttvjZwxCxAXUVeMM%3D&t=4d5b0474&ps=13740610&shp=30310797&shcp=ff37627b&idc=useast8"
"[Sticker] Is this real?","5","0","2026-03-02T06:22:49.000Z","xaberx1","https://www.tiktok.com/@user6611908121759/video/7612233575705955597","6731869889647363073","7612539860712473352","https://p19-common-sign.tiktokcdn-us.com/tos-alisg-avt-0068/efbb95b48f5ddebd892dd9e5dedb64a6~tplv-tiktokx-cropcenter:100:100.jpg?dr=9640&refresh_token=8739cf45&x-expires=1778400000&x-signature=QYG2AOpnLyZeMwjD5hZb1kPcEaY%3D&t=4d5b0474&ps=13740610&shp=30310797&shcp=ff37627b&idc=useast8"
"Cold is an understatement","5","0","2026-03-02T05:36:22.000Z","jerome.thobakgale","https://www.tiktok.com/@user6611908121759/video/7612233575705955597","7325864541027320838","7612527892488454920","https://p16-common-sign.tiktokcdn-us.com/tos-alisg-avt-0068/0b80b0be586fab3c49d6dff0afe03ec6~tplv-tiktokx-cropcenter:100:100.jpg?dr=9640&refresh_token=6cc4f3fe&x-expires=1778400000&x-signature=fFcOMcysSbDngZuvCgaDYn10YkY%3D&t=4d5b0474&ps=13740610&shp=30310797&shcp=ff37627b&idc=useast8"
"This is hilarious 😂","5","0","2026-03-02T05:25:24.000Z","spalifetiff","https://www.tiktok.com/@user6611908121759/video/7612233575705955597","6928463324204499974","7612524983990010638","https://p19-common-sign.tiktokcdn-us.com/tos-useast5-avt-0068-tx/925cf971557a69367179774d38e3c219~tplv-tiktokx-cropcenter:100:100.jpg?dr=9640&refresh_token=715bab5e&x-expires=1778400000&x-signature=vxC5%2BIsuhJSwEtwMUMFhVt%2Bg69A%3D&t=4d5b0474&ps=13740610&shp=30310797&shcp=ff37627b&idc=useast8"
"Ahhh prank 😏","5","0","2026-03-02T05:11:23.000Z","priscillajonesxx0","https://www.tiktok.com/@user6611908121759/video/7612233575705955597","7513359734193128478","7612521401668780831","https://p19-common-sign.tiktokcdn-us.com/tos-useast8-avt-0068-tx2/81fd117e03a47e7300786fad342539be~tplv-tiktokx-cropcenter:100:100.jpg?dr=9640&refresh_token=db93c2b5&x-expires=1778400000&x-signature=rvdWEKpoEUa%2FTvd6bs6T0poLSs8%3D&t=4d5b0474&ps=13740610&shp=30310797&shcp=ff37627b&idc=useast8"
"Espero que al final les diga que es broma 🤦‍♀️","5","0","2026-03-02T04:03:19.000Z","alejandragsanti","https://www.tiktok.com/@user6611908121759/video/7612233575705955597","7030977911650829318","7612503881079161630","https://p19-common-sign.tiktokcdn-us.com/tos-useast8-avt-0068-tx2/3b9022c3f6d4ce173e3bc9fd89767d84~tplv-tiktokx-cropcenter:100:100.jpg?dr=9640&refresh_token=ac2a7139&x-expires=1778400000&x-signature=MaM2GtTxnCNUh1oDU5KjTzaFJuQ%3D&t=4d5b0474&ps=13740610&shp=30310797&shcp=ff37627b&idc=useast8"
"Because of you, I got sent to jail. The last time my potatoes came out burnt, they told me they couldn't have given me potatoes that burnt.","5","0","2026-03-02T03:33:36.000Z","shakil_km49","https://www.tiktok.com/@user6611908121759/video/7612233575705955597","6645694643202441221","7612496121197937439","https://p16-common-sign.tiktokcdn-us.com/tos-useast8-avt-0068-tx2/ed861254ef2394a9cbc09816b18be551~tplv-tiktokx-cropcenter:100:100.jpg?dr=9640&refresh_token=be4c5a70&x-expires=1778400000&x-signature=tvkrvoxiykQt0%2BMaHUHYiLu3cko%3D&t=4d5b0474&ps=13740610&shp=30310797&shcp=ff37627b&idc=useast8"
"Así ando en los comentarios 😂😂😂","5","0","2026-03-02T03:25:37.000Z","martinlope202","https://www.tiktok.com/@user6611908121759/video/7612233575705955597","7112251643137295406","7612494168052613919","https://p19-common-sign.tiktokcdn-us.com/tos-useast8-avt-0068-tx2/16f95757c0604e7b3894da12cb6d03bb~tplv-tiktokx-cropcenter:100:100.jpg?dr=9640&refresh_token=8832f0d7&x-expires=1778400000&x-signature=w9ZtR1nK8wop0fGumW8G740uqUs%3D&t=4d5b0474&ps=13740610&shp=30310797&shcp=ff37627b&idc=useast8"
"Gonna get somebody fired lol","5","0","2026-03-02T03:05:25.000Z","ryhearon","https://www.tiktok.com/@user6611908121759/video/7612233575705955597","6810647685852464133","7612488984207852319","https://p16-common-sign.tiktokcdn-us.com/tos-useast8-avt-0068-tx2/b77f070bf75594f6848f8e25b478bc87~tplv-tiktokx-cropcenter:100:100.jpg?dr=9640&refresh_token=5e585465&x-expires=1778400000&x-signature=Sv%2B6ja6fAj4qIsjgdXmpxPWtXWc%3D&t=4d5b0474&ps=13740610&shp=30310797&shcp=ff37627b&idc=useast8"
"Now why would you do that?","5","0","2026-03-02T02:53:14.000Z","gailschneider1","https://www.tiktok.com/@user6611908121759/video/7612233575705955597","7606406933969454093","7612485793651081997","https://p19-common-sign.tiktokcdn-us.com/tos-useast5-avt-0068-tx/3b53fdafa5dc79b7677ac9a277b17184~tplv-tiktokx-cropcenter:100:100.jpg?dr=9640&refresh_token=5af58615&x-expires=1778400000&x-signature=y6NmtApQT08miPGIu8o7gKZCZj4%3D&t=4d5b0474&ps=13740610&shp=30310797&shcp=ff37627b&idc=useast8"
"It’s actually sad tho","5","0","2026-03-02T02:44:25.000Z","nguyen.le.duy.bao","https://www.tiktok.com/@user6611908121759/video/7612233575705955597","7412809648031499306","7612483523018212109","https://p16-common-sign.tiktokcdn-us.com/tos-useast5-avt-0068-tx/377935e50580de15b63dd7ab6f725688~tplv-tiktokx-cropcenter:100:100.jpg?dr=9640&refresh_token=ab2b467f&x-expires=1778400000&x-signature=Bgnnb8RNzR1THec2rUZvagl%2Br3A%3D&t=4d5b0474&ps=13740610&shp=30310797&shcp=ff37627b&idc=useast8"
"I’m crying 🤣😆","5","0","2026-03-02T02:44:17.000Z","callmemrj60","https://www.tiktok.com/@user6611908121759/video/7612233575705955597","6992260052229555206","7612483416005821197","https://p19-common-sign.tiktokcdn-us.com/tos-useast5-avt-0068-tx/b8ce6052916704a0af34b6c12cc38fb4~tplv-tiktokx-cropcenter:100:100.jpg?dr=9640&refresh_token=a4a16e82&x-expires=1778400000&x-signature=JtipPB9q3EoXGKZVn%2Bz1ockuAx4%3D&t=4d5b0474&ps=13740610&shp=30310797&shcp=ff37627b&idc=useast5"
"I get it its funny in a way but also sad because you can get ppl fired and they also need to survive","5","0","2026-03-02T02:20:37.000Z","bbylove4227","https://www.tiktok.com/@user6611908121759/video/7612233575705955597","7399937449675195435","7612477361913316127","https://p19-common-sign.tiktokcdn-us.com/tos-useast8-avt-0068-tx2/5b3f10f848be835bfbd97849bc6d4019~tplv-tiktokx-cropcenter:100:100.jpg?dr=9640&refresh_token=15b678da&x-expires=1778400000&x-signature=Jg4uSSW1dh9uHdHKmWN2s1BxcM0%3D&t=4d5b0474&ps=13740610&shp=30310797&shcp=ff37627b&idc=useast5"
"Kia activities 😂😂😂","5","0","2026-03-02T02:18:16.000Z","jetfuelauto","https://www.tiktok.com/@user6611908121759/video/7612233575705955597","7016858945327694854","7612476841718530846","https://p16-common-sign.tiktokcdn-us.com/tos-useast8-avt-0068-tx2/9d85c8627aa7f7faec505c2a8c7e3c9c~tplv-tiktokx-cropcenter:100:100.jpg?dr=9640&refresh_token=1f613532&x-expires=1778400000&x-signature=i5FRGprNl%2B3XJDI3Oka4LfVEfx8%3D&t=4d5b0474&ps=13740610&shp=30310797&shcp=ff37627b&idc=useast5"
"[Sticker] 😭😭😭😭😭😭😭😭😭😭 now who did this","5","0","2026-03-02T02:17:43.000Z","maybaby673","https://www.tiktok.com/@user6611908121759/video/7612233575705955597","7337179244931351594","7612476675687138078","https://p16-common-sign.tiktokcdn-us.com/tos-useast8-avt-0068-tx2/0ad36a3771b7b80271d59addf0df6e71~tplv-tiktokx-cropcenter:100:100.jpg?dr=9640&refresh_token=7279990f&x-expires=1778400000&x-signature=85Moi4Igrlrk6ypq3pAGysfCHpA%3D&t=4d5b0474&ps=13740610&shp=30310797&shcp=ff37627b&idc=useast5"
"Eyy the Extra Lettuce one is actually what I do all the time 😭","5","0","2026-03-02T01:56:31.000Z","luiscano2k","https://www.tiktok.com/@user6611908121759/video/7612233575705955597","7146587082420847658","7612471170709062414","https://p16-common-sign.tiktokcdn-us.com/tos-useast5-avt-0068-tx/8567acd8831152f133b6550746f5ed31~tplv-tiktokx-cropcenter:100:100.jpg?dr=9640&refresh_token=278b1fe7&x-expires=1778400000&x-signature=%2BLaqw5Ad4s%2FqcN4kk8fzft1D1KU%3D&t=4d5b0474&ps=13740610&shp=30310797&shcp=ff37627b&idc=useast5"
"In about 5 to 10 years… when it’s food shortages everywhere then maybe people will understand.","5","0","2026-03-02T01:55:38.000Z","shakiracooks0","https://www.tiktok.com/@user6611908121759/video/7612233575705955597","6934529794567554054","7612471002269975326","https://p16-common-sign.tiktokcdn-us.com/tos-useast5-avt-0068-tx/3aedfe3e9b0db37fa5741d26b6e16f1c~tplv-tiktokx-cropcenter:100:100.jpg?dr=9640&refresh_token=833158c6&x-expires=1778400000&x-signature=roJgT3S0GCBnhVPa6wszQmTT4yE%3D&t=4d5b0474&ps=13740610&shp=30310797&shcp=ff37627b&idc=useast5"
"hey estas dañando la reputación de algunos empleados 🥺","5","0","2026-03-02T01:54:23.000Z","isha_isha95","https://www.tiktok.com/@user6611908121759/video/7612233575705955597","6532021293393412097","7612470622039999245","https://p16-common-sign.tiktokcdn-us.com/tos-useast5-avt-0068-tx/c68dc88be4159f5370273895b82e769d~tplv-tiktokx-cropcenter:100:100.jpg?dr=9640&refresh_token=24261bf5&x-expires=1778400000&x-signature=h3htpe%2F1r70yION4IXhqyqiJMMc%3D&t=4d5b0474&ps=13740610&shp=30310797&shcp=ff37627b&idc=useast5"
"It’s all in good humor","5","0","2026-03-02T01:48:19.000Z","smokingembers","https://www.tiktok.com/@user6611908121759/video/7612233575705955597","7056028450952545285","7612469086391845662","https://p16-common-sign.tiktokcdn-us.com/tos-useast5-avt-0068-tx/7350510014798233643~tplv-tiktokx-cropcenter:100:100.jpg?dr=9640&refresh_token=225523b5&x-expires=1778400000&x-signature=zCGa8VuGPytMNCe%2BLS63FRANqD8%3D&t=4d5b0474&ps=13740610&shp=30310797&shcp=ff37627b&idc=useast5"
"“They gave you a whole salad on that thing”","5","0","2026-03-02T01:48:07.000Z","amiyatocool","https://www.tiktok.com/@user6611908121759/video/7612233575705955597","7591019046046778381","7612469038501544735","https://p19-common-sign.tiktokcdn-us.com/tos-useast8-avt-0068-tx2/68b7deed6709d2f942939a7933801ca3~tplv-tiktokx-cropcenter:100:100.jpg?dr=9640&refresh_token=0e141430&x-expires=1778400000&x-signature=Y3fkrHs%2BijzXn3gG4O%2FRdEjniMk%3D&t=4d5b0474&ps=13740610&shp=30310797&shcp=ff37627b&idc=useast5"
"This could never happen foreal","5","0","2026-03-02T01:45:42.000Z","fragrancequeeninoc","https://www.tiktok.com/@user6611908121759/video/7612233575705955597","7377248882122294314","7612468426360718110","https://p19-common-sign.tiktokcdn-us.com/tos-useast8-avt-0068-tx2/c4cf86f95ac4e00e7df7f5a953a1a8cf~tplv-tiktokx-cropcenter:100:100.jpg?dr=9640&refresh_token=72925ebe&x-expires=1778400000&x-signature=Z6pGWjfUXHjor%2FtR3w3Ie3byrHM%3D&t=4d5b0474&ps=13740610&shp=30310797&shcp=ff37627b&idc=useast5"
"Funny not funny 😂❤️","5","0","2026-03-02T01:44:54.000Z","vitaminapalcorazon1","https://www.tiktok.com/@user6611908121759/video/7612233575705955597","6809865400286446598","7612468185879315213","https://p19-common-sign.tiktokcdn-us.com/tos-useast5-avt-0068-tx/866dd2c18adcc7f0963b261715d0ac2b~tplv-tiktokx-cropcenter:100:100.jpg?dr=9640&refresh_token=bccf21cf&x-expires=1778400000&x-signature=AZMlRb4iVnQXHDo%2BUtf4%2Fdyt7kU%3D&t=4d5b0474&ps=13740610&shp=30310797&shcp=ff37627b&idc=useast5"
"im dying","5","1","2026-03-02T01:36:01.000Z","gigi_world124","https://www.tiktok.com/@user6611908121759/video/7612233575705955597","6814918604258919429","7612465905608540958","https://p16-common-sign.tiktokcdn-us.com/tos-useast8-avt-0068-tx2/67905baa27cabb4794daee5e8edcbaa4~tplv-tiktokx-cropcenter:100:100.jpg?dr=9640&refresh_token=9a26f556&x-expires=1778400000&x-signature=QImUpkaMdf26VEHWesAPGbleKiU%3D&t=4d5b0474&ps=13740610&shp=30310797&shcp=ff37627b&idc=useast5"
"The use of free will that I like 🤣🤣","5","0","2026-03-02T01:33:56.000Z","mommylexxx123","https://www.tiktok.com/@user6611908121759/video/7612233575705955597","7407645876054066219","7612465407336923935","https://p19-common-sign.tiktokcdn-us.com/tos-useast8-avt-0068-tx2/4c4971b0747e55310b9663b23f84d5fa~tplv-tiktokx-cropcenter:100:100.jpg?dr=9640&refresh_token=3c5d7fd1&x-expires=1778400000&x-signature=2ym41vJn1CFow0TKwjyJumT5Gak%3D&t=4d5b0474&ps=13740610&shp=30310797&shcp=ff37627b&idc=useast5"
"You have time haha","5","0","2026-03-02T01:11:35.000Z","willlontiktokk","https://www.tiktok.com/@user6611908121759/video/7612233575705955597","6751399681517208581","7612459601238557471","https://p19-common-sign.tiktokcdn-us.com/tos-useast8-avt-0068-tx2/b2f7a2163ef3b7f14af928370e876bd0~tplv-tiktokx-cropcenter:100:100.jpg?dr=9640&refresh_token=600f3e7f&x-expires=1778400000&x-signature=F0N2l4DOvFFVtHcqzRTrHdDd2JE%3D&t=4d5b0474&ps=13740610&shp=30310797&shcp=ff37627b&idc=useast5"
"Hermano la gente no tiene tu tiempo como para que la hagas perder tiempo","5","0","2026-03-02T01:02:38.000Z","elhaitiano11","https://www.tiktok.com/@user6611908121759/video/7612233575705955597","7145512883359155246","7612457349789336333","https://p16-common-sign.tiktokcdn-us.com/tos-useast5-avt-0068-tx/f9d65d58d3ad80009a1c371590356994~tplv-tiktokx-cropcenter:100:100.jpg?dr=9640&refresh_token=7fce1d78&x-expires=1778400000&x-signature=1r5x0zKdBUPWqcZhRQ6QKZ%2FX4iM%3D&t=4d5b0474&ps=13740610&shp=30310797&shcp=ff37627b&idc=useast5"
"Ts funny but wrong","5","0","2026-03-02T01:01:55.000Z","pretzellord5","https://www.tiktok.com/@user6611908121759/video/7612233575705955597","7611291468313871373","7612457146730758943","https://p19-common-sign.tiktokcdn-us.com/tos-useast8-avt-0068-tx2/7cc8f503f4d73cbe6707d43f8a9c2b21~tplv-tiktokx-cropcenter:100:100.jpg?dr=9640&refresh_token=6ed5e584&x-expires=1778400000&x-signature=2KIUpNdhzOANeVdg5x2hwmeo5YI%3D&t=4d5b0474&ps=13740610&shp=30310797&shcp=ff37627b&idc=useast5"
"Van a correr ah alguien por algo que no hizo y que probablemente necesita su trabajo. No es gracioso.","5","0","2026-03-02T00:59:27.000Z","murillo2063","https://www.tiktok.com/@user6611908121759/video/7612233575705955597","7532287340750275597","7612456514720383774","https://p19-common-sign.tiktokcdn-us.com/tos-useast8-avt-0068-tx2/63bcc94802977c7d8542079927cbfcf7~tplv-tiktokx-cropcenter:100:100.jpg?dr=9640&refresh_token=85f48d97&x-expires=1778400000&x-signature=3j7Llk4bsWa3HA0s8gx%2BCmiBY6Q%3D&t=4d5b0474&ps=13740610&shp=30310797&shcp=ff37627b&idc=useast5"
"Honesty what if they see this video and see the truth.","5","0","2026-03-02T00:57:20.000Z","user4660575869295","https://www.tiktok.com/@user6611908121759/video/7612233575705955597","7504121198469874734","7612455937677361950","https://p19-common-sign.tiktokcdn-us.com/tos-useast8-avt-0068-tx2/b053d4503b7ad3cec47c5ba5901c0223~tplv-tiktokx-cropcenter:100:100.jpg?dr=9640&refresh_token=6cf9db6c&x-expires=1778400000&x-signature=%2F%2BIKrp0IRjM5GTmiiqibEtgNaTY%3D&t=4d5b0474&ps=13740610&shp=30310797&shcp=ff37627b&idc=useast5"
"What’s the point in ts fr 💀","5","0","2026-03-02T00:30:40.000Z","3.6batmobile","https://www.tiktok.com/@user6611908121759/video/7612233575705955597","193970787400499200","7612449104358032158","https://p16-common-sign.tiktokcdn-us.com/tos-useast8-avt-0068-tx2/9b3e84b4f3c4fded34c2f90e7f753d74~tplv-tiktokx-cropcenter:100:100.jpg?dr=9640&refresh_token=93276d06&x-expires=1778400000&x-signature=%2FlCxylKskfG6aZI%2B4sWZj7kdYB8%3D&t=4d5b0474&ps=13740610&shp=30310797&shcp=ff37627b&idc=useast5"
"Dam I wonder how many employees you got fired 🫣","5","0","2026-03-02T00:23:58.000Z","rodneyduenas0","https://www.tiktok.com/@user6611908121759/video/7612233575705955597","6887757908256556037","7612447349093335822","https://p16-common-sign.tiktokcdn-us.com/tos-useast5-avt-0068-tx/273520f7780ba6e4cd4cf28e788a530e~tplv-tiktokx-cropcenter:100:100.jpg?dr=9640&refresh_token=5460f6db&x-expires=1778400000&x-signature=qr9TnDNOXXynUlg2ii24PgqkmoM%3D&t=4d5b0474&ps=13740610&shp=30310797&shcp=ff37627b&idc=useast5"
"I mean that’s about the accurate amount of mayo they be putting on 😂","5","0","2026-03-01T23:47:28.000Z","zacp5","https://www.tiktok.com/@user6611908121759/video/7612233575705955597","6938385004750783494","7612437947670086431","https://p16-common-sign.tiktokcdn-us.com/tos-maliva-avt-0068/7328468255311822854~tplv-tiktokx-cropcenter:100:100.jpg?dr=9640&refresh_token=672644dd&x-expires=1778400000&x-signature=7McS8M2GDAvnHIB30PPcQIRKa1I%3D&t=4d5b0474&ps=13740610&shp=30310797&shcp=ff37627b&idc=useast5"
"Someone gets a write up or fired every time some one does this. I’m the victim💔","5","0","2026-03-01T22:51:44.000Z","highthoughts.101","https://www.tiktok.com/@user6611908121759/video/7612233575705955597","7519677551545009165","7612423618689073934","https://p16-common-sign.tiktokcdn-us.com/tos-useast5-avt-0068-tx/5de7d4470edbff8a776cb9f788935303~tplv-tiktokx-cropcenter:100:100.jpg?dr=9640&refresh_token=fabccfed&x-expires=1778400000&x-signature=DUhr1oZTEO5QIR6YfCtz%2B8LecDg%3D&t=4d5b0474&ps=13740610&shp=30310797&shcp=ff37627b&idc=useast5"
"I hope you’re not getting people in trouble at their jobs 🤔","5","0","2026-03-01T22:40:54.000Z","lisamaggio","https://www.tiktok.com/@user6611908121759/video/7612233575705955597","3763210","7612420803757474574","https://p19-common-sign.tiktokcdn-us.com/tos-maliva-avt-0068/7322882024888762374~tplv-tiktokx-cropcenter:100:100.jpg?dr=9640&refresh_token=58302ac6&x-expires=1778400000&x-signature=ufsUxHkAcVWHi95O1JMCybjHl3w%3D&t=4d5b0474&ps=13740610&shp=30310797&shcp=ff37627b&idc=useast5"
"The smoke alarm went off in the first one","7","0","2026-03-02T07:33:16.000Z","koby0451","https://www.tiktok.com/@user6611908121759/video/7612233575705955597","7564323153993417745","7612557957960794896","https://p16-common-sign.tiktokcdn-us.com/tos-alisg-avt-0068/9437e0a79e12bba4126c08fdc8430b56~tplv-tiktokx-cropcenter:100:100.jpg?dr=9640&refresh_token=d4263a20&x-expires=1778400000&x-signature=G03NpetTsR4371T9WPdx73qDhHc%3D&t=4d5b0474&ps=13740610&shp=30310797&shcp=ff37627b&idc=useast8"
"Not giving you something more is insane 😂😂😂","6","0","2026-03-02T06:57:22.000Z","sincerely.shelbz","https://www.tiktok.com/@user6611908121759/video/7612233575705955597","6859216740564894725","7612548555618911007","https://p19-common-sign.tiktokcdn-us.com/tos-useast8-avt-0068-tx2/0237962dc0fd4da5da95b8d363937030~tplv-tiktokx-cropcenter:100:100.jpg?dr=9640&refresh_token=4a42cd7c&x-expires=1778400000&x-signature=WiiNjLJIFuvHyXCP%2FyxR9nfa6Gk%3D&t=4d5b0474&ps=13740610&shp=30310797&shcp=ff37627b&idc=useast8"
"Eso no se hace puede hasta despedir una persona","10","0","2026-03-02T08:14:37.000Z","jey_w4","https://www.tiktok.com/@user6611908121759/video/7612233575705955597","6806129839453815813","7612568358689162014","https://p16-common-sign.tiktokcdn-us.com/tos-useast8-avt-0068-tx2/914227c1b3663551032325ce7e44a4be~tplv-tiktokx-cropcenter:100:100.jpg?dr=9640&refresh_token=88a98bdb&x-expires=1778400000&x-signature=eZqpT4Tgc6O%2F5jFt0VYaZh4i5DQ%3D&t=4d5b0474&ps=13740610&shp=30310797&shcp=ff37627b&idc=useast8"
"Ay Dios mío 🤣","10","0","2026-03-02T04:12:57.000Z","li_sse28","https://www.tiktok.com/@user6611908121759/video/7612233575705955597","7250948769392313390","7612506236483109646","https://p16-common-sign.tiktokcdn-us.com/tos-useast5-avt-0068-tx/6a002c1095f09755a7a0d10128f4914c~tplv-tiktokx-cropcenter:100:100.jpg?dr=9640&refresh_token=bcd6dcd5&x-expires=1778400000&x-signature=A6vlEf%2FVTgpH2k2K9UJyFS1Scq0%3D&t=4d5b0474&ps=13740610&shp=30310797&shcp=ff37627b&idc=useast8"
"what's the point of burning the chicken nuggets?😭","6","0","2026-03-02T06:46:19.000Z","ttheewaveeholic","https://www.tiktok.com/@user6611908121759/video/7612233575705955597","7319358562579448837","7612545881423151892","https://p16-common-sign.tiktokcdn-us.com/tos-alisg-avt-0068/dd42cbd808e526567e4da7dc4b5b33be~tplv-tiktokx-cropcenter:100:100.jpg?dr=9640&refresh_token=e1e63637&x-expires=1778400000&x-signature=7Ih30enYa%2FEExLfd%2FrI8JDvB6y4%3D&t=4d5b0474&ps=13740610&shp=30310797&shcp=ff37627b&idc=useast8"
"bro got 7 mc fireds","6","0","2026-03-02T05:25:27.000Z","pomstattoolounge","https://www.tiktok.com/@user6611908121759/video/7612233575705955597","7077367932356166658","7612525082984497928","https://p19-common-sign.tiktokcdn-us.com/tos-alisg-avt-0068/555c04b30bd3768f11a6f492f65518fb~tplv-tiktokx-cropcenter:100:100.jpg?dr=9640&refresh_token=ca64d848&x-expires=1778400000&x-signature=hyPO8IYis7z4DjlqXeVziyB2Sbo%3D&t=4d5b0474&ps=13740610&shp=30310797&shcp=ff37627b&idc=useast8"
"parah kali orang lagi kerja Padahal😂","7","0","2026-03-02T09:13:38.000Z","entongentong701","https://www.tiktok.com/@user6611908121759/video/7612233575705955597","7083096853894431745","7612583890502517520","https://p16-common-sign.tiktokcdn-us.com/tos-useast2a-avt-0068-giso/7107107967350079514~tplv-tiktokx-cropcenter:100:100.jpg?dr=9640&refresh_token=e6232b0d&x-expires=1778400000&x-signature=tNro7u3WzSh%2BhnOxPBK%2Bx%2BaAq%2BI%3D&t=4d5b0474&ps=13740610&shp=30310797&shcp=ff37627b&idc=useast8"
"The VOICE 😭😭😭😭","6","0","2026-03-02T05:38:49.000Z","uk_lauryn","https://www.tiktok.com/@user6611908121759/video/7612233575705955597","7410982365240280110","7612528394178478878","https://p16-common-sign.tiktokcdn-eu.com/tos-maliva-avt-0068/c81c213e74dfc01eee4e67bd974d2081~tplv-tiktokx-cropcenter:100:100.jpg?dr=10399&refresh_token=f96e5da5&x-expires=1778400000&x-signature=TJ1c9QPIMdTh2LguNJC6PRPy5E0%3D&t=4d5b0474&ps=13740610&shp=30310797&shcp=ff37627b&idc=no1a"
"Let’s slow production, cause strife, and ultimately raise the cost of goods and services thru wasting service time and products all in the name of views👍","7","0","2026-04-25T21:33:04.000Z","joemmos","https://www.tiktok.com/@user6611908121759/video/7612233575705955597","7535529186506523662","7632813014122824479","https://p16-common-sign.tiktokcdn-eu.com/tos-maliva-avt-0068/d3740afbc9c3d944064d8672bdbc7d21~tplv-tiktokx-cropcenter:100:100.jpg?dr=10399&refresh_token=8006fd0b&x-expires=1778400000&x-signature=PRwXdt%2BQH5SY1aA0JzVsi%2BtzydE%3D&t=4d5b0474&ps=13740610&shp=30310797&shcp=ff37627b&idc=no1a"
"Good prank","6","0","2026-04-27T01:26:24.000Z","pnumberz1223","https://www.tiktok.com/@user6611908121759/video/7612233575705955597","7460198326293103662","7633244139576476430","https://p16-common-sign.tiktokcdn-eu.com/tos-maliva-avt-0068/7361547573d8659b81ebfd9123d2b5bb~tplv-tiktokx-cropcenter:100:100.jpg?dr=10399&refresh_token=29f7bf47&x-expires=1778400000&x-signature=Y0%2FANEi5NUnJQoDpfGYtLGO0tTk%3D&t=4d5b0474&ps=13740610&shp=30310797&shcp=ff37627b&idc=no1a"
"Bros making everyone’s job harder fr tis not funny","4","0","2026-05-01T02:54:48.000Z","reverser.fps","https://www.tiktok.com/@user6611908121759/video/7612233575705955597","7631003134445470733","7634751291130643230","https://p16-common-sign.tiktokcdn-us.com/tos-useast8-avt-0068-tx2/f40b0e8dd1e50605c09c1b46663ec607~tplv-tiktokx-cropcenter:100:100.jpg?dr=9640&refresh_token=11fa31cb&x-expires=1778400000&x-signature=SA4iGoaQW1lQC%2BZ679SKCa6yrjY%3D&t=4d5b0474&ps=13740610&shp=30310797&shcp=ff37627b&idc=useast5"
"haha this pranks can ruin someone job 😂","4","0","2026-04-30T16:49:20.000Z","horncombs786","https://www.tiktok.com/@user6611908121759/video/7612233575705955597","7560792622726693910","7634595326154343190","https://p19-common-sign.tiktokcdn-us.com/tos-maliva-avt-0068/98873adaf5cd9baba813820bd7f6faa3~tplv-tiktokx-cropcenter:100:100.jpg?dr=9640&refresh_token=9d22688f&x-expires=1778400000&x-signature=ghDiMSmUBYs8EJWm3L6HrB%2F4FPk%3D&t=4d5b0474&ps=13740610&shp=30310797&shcp=ff37627b&idc=useast5"
"A whole salad","4","0","2026-04-29T21:57:45.000Z","pandamoonlight17","https://www.tiktok.com/@user6611908121759/video/7612233575705955597","7182045094547260462","7634303639494902558","https://p19-common-sign.tiktokcdn-us.com/tos-useast8-avt-0068-tx2/bf78773d57337488ce05076845a45046~tplv-tiktokx-cropcenter:100:100.jpg?dr=9640&refresh_token=6d97584c&x-expires=1778400000&x-signature=Onppf66P3UW7O5rr%2B%2Bn5PEmwwpo%3D&t=4d5b0474&ps=13740610&shp=30310797&shcp=ff37627b&idc=useast5"
"This is not funny at all","4","0","2026-04-28T13:27:37.000Z","colwaynemo","https://www.tiktok.com/@user6611908121759/video/7612233575705955597","6917726783749424133","7633801161061565206","https://p19-common-sign.tiktokcdn-us.com/tos-maliva-avt-0068/87af11af2387d48d424d0a9e6da67122~tplv-tiktokx-cropcenter:100:100.jpg?dr=9640&refresh_token=e3d7adda&x-expires=1778400000&x-signature=HIzBbYb4H5PCCP1bgObvA%2FGsqIs%3D&t=4d5b0474&ps=13740610&shp=30310797&shcp=ff37627b&idc=useast5"
"Am I the only one taking this as a joke😭","4","0","2026-04-28T06:15:56.000Z","milothedog2026","https://www.tiktok.com/@user6611908121759/video/7612233575705955597","7491323414319236129","7633689810062983958","https://p19-common-sign.tiktokcdn-us.com/tos-maliva-avt-0068/e8e973c2dbd448fceb3e64467eb715d2~tplv-tiktokx-cropcenter:100:100.jpg?dr=9640&refresh_token=b8c54f22&x-expires=1778400000&x-signature=gH%2F4vvzK8GHsQXDwbzryUunygxM%3D&t=4d5b0474&ps=13740610&shp=30310797&shcp=ff37627b&idc=useast5"
"Leave them alone bro, they fr just tryna work😂","4","0","2026-04-27T22:47:37.000Z","0re0.br0s","https://www.tiktok.com/@user6611908121759/video/7612233575705955597","7192849762009547782","7633574360179950344","https://p16-common-sign.tiktokcdn-us.com/tos-maliva-avt-0068/0440deb16f1f616e94514c560154cf3a~tplv-tiktokx-cropcenter:100:100.jpg?dr=9640&refresh_token=3bf80700&x-expires=1778400000&x-signature=myA0uRxWRDHvaJwt2Jou1LTEsdM%3D&t=4d5b0474&ps=13740610&shp=30310797&shcp=ff37627b&idc=useast5"
"Bruhh I woulda just said “well then take o it the lettuce”","4","0","2026-04-25T18:38:55.000Z","therealtrevor.12","https://www.tiktok.com/@user6611908121759/video/7612233575705955597","7455878406497403946","7632768047644754719","https://p16-common-sign.tiktokcdn-us.com/tos-useast8-avt-0068-tx2/8e005bdaefe438dcecee29b441636ab3~tplv-tiktokx-cropcenter:100:100.jpg?dr=9640&refresh_token=80383c11&x-expires=1778400000&x-signature=FdbnsfodheEsMY0OB3Bve8GrWF8%3D&t=4d5b0474&ps=13740610&shp=30310797&shcp=ff37627b&idc=useast5"
"Diabolical…. I love it 😍","4","0","2026-04-25T02:35:08.000Z","er_077","https://www.tiktok.com/@user6611908121759/video/7612233575705955597","6796040593023992838","7632519750572573470","https://p19-common-sign.tiktokcdn-us.com/tos-maliva-avt-0068/7004c77d7a52337d9a9e17b0b2d76451~tplv-tiktokx-cropcenter:100:100.jpg?dr=9640&refresh_token=a5f137a8&x-expires=1778400000&x-signature=OGOAh3TAu%2FNSEVRscpoolLH8fzw%3D&t=4d5b0474&ps=13740610&shp=30310797&shcp=ff37627b&idc=useast5"
"It was funny unitl ma1sun5 commented","4","0","2026-04-24T08:25:11.000Z","ali_25106","https://www.tiktok.com/@user6611908121759/video/7612233575705955597","7216382665674490885","7632238811620459296","https://p16-common-sign.tiktokcdn-us.com/tos-useast2a-avt-0068-euttp/b0852fa4bce06b6d5f93744e0ce569c4~tplv-tiktokx-cropcenter:100:100.jpg?dr=9640&refresh_token=12d76cae&x-expires=1778400000&x-signature=ulW%2F3coZNjh97CrVaJueF8s%2BKkA%3D&t=4d5b0474&ps=13740610&shp=30310797&shcp=ff37627b&idc=useast5"
"They are busy , stop bother them","4","0","2026-04-24T04:20:11.000Z","ngunhucho721","https://www.tiktok.com/@user6611908121759/video/7612233575705955597","7238034896298705963","7632175608098013965","https://p16-common-sign.tiktokcdn-us.com/tos-useast5-avt-0068-tx/7238036000130203690~tplv-tiktokx-cropcenter:100:100.jpg?dr=9640&refresh_token=b003c981&x-expires=1778400000&x-signature=w9sKhRdasTH28xpMAFdes0KP9Gk%3D&t=4d5b0474&ps=13740610&shp=30310797&shcp=ff37627b&idc=useast5"
"i don't understand why any of this would be funny at all imagine if this was you..","4","0","2026-04-23T14:59:17.000Z","melissiajoyner","https://www.tiktok.com/@user6611908121759/video/7612233575705955597","6982703355949925381","7631969281626784543","https://p16-common-sign.tiktokcdn-us.com/tos-maliva-avt-0068/7328790499622387718~tplv-tiktokx-cropcenter:100:100.jpg?dr=9640&refresh_token=a025d1c6&x-expires=1778400000&x-signature=tF3uvUf2CfGTHpujBcKSflSky70%3D&t=4d5b0474&ps=13740610&shp=30310797&shcp=ff37627b&idc=useast5"
"thats food waste","4","4","2026-04-23T11:46:42.000Z","newlivernewlife","https://www.tiktok.com/@user6611908121759/video/7612233575705955597","7122198895757739013","7631919718949847810","https://p16-common-sign.tiktokcdn-us.com/tos-maliva-avt-0068/4eb5cefc46c2b6def114d837458fa72e~tplv-tiktokx-cropcenter:100:100.jpg?dr=9640&refresh_token=b17f2c7b&x-expires=1778400000&x-signature=oBUYlD6x4tW0LgWbFtrl2jugsjo%3D&t=4d5b0474&ps=13740610&shp=30310797&shcp=ff37627b&idc=useast5"
"What the faaaa had me ☠️","4","0","2026-04-23T11:32:18.000Z","himynameiscm","https://www.tiktok.com/@user6611908121759/video/7612233575705955597","6887970004416578566","7631915709539582734","https://p16-common-sign.tiktokcdn-us.com/musically-maliva-obj/1594805258216454~tplv-tiktokx-cropcenter:100:100.jpg?dr=9640&refresh_token=9d879f78&x-expires=1778400000&x-signature=TPSeNdAH%2FurHgCyQTrlPVP%2BZMd4%3D&t=4d5b0474&ps=13740610&shp=30310797&shcp=ff37627b&idc=useast5"
"Whats the purpose doing this ?","4","0","2026-04-23T09:29:44.000Z","evkale","https://www.tiktok.com/@user6611908121759/video/7612233575705955597","6814844826787808262","7631884388854678294","https://p19-common-sign.tiktokcdn-us.com/tos-maliva-avt-0068/41e072ae282b5fd5975582edf93bee82~tplv-tiktokx-cropcenter:100:100.jpg?dr=9640&refresh_token=7f65861b&x-expires=1778400000&x-signature=1Rr%2BIL3toRJNVJd%2FRurllwPSjnM%3D&t=4d5b0474&ps=13740610&shp=30310797&shcp=ff37627b&idc=useast5"
"The worker being blamed 👁️👄👁️","4","0","2026-04-22T11:55:03.000Z","mike.42001","https://www.tiktok.com/@user6611908121759/video/7612233575705955597","7101746210822374405","7631550763974624022","https://p19-common-sign.tiktokcdn-us.com/tos-maliva-avt-0068/aba00aa92122a19a1877aa80604bb7fd~tplv-tiktokx-cropcenter:100:100.jpg?dr=9640&refresh_token=9b8b9814&x-expires=1778400000&x-signature=%2BeFSzhOt2NaaDDjy0ccA59oENVc%3D&t=4d5b0474&ps=13740610&shp=30310797&shcp=ff37627b&idc=useast5"
"no me parece gracioso","4","0","2026-04-21T14:27:49.000Z","mariazalez72","https://www.tiktok.com/@user6611908121759/video/7612233575705955597","7621268599668196374","7631219110747292438","https://p19-common-sign.tiktokcdn-us.com/tos-maliva-avt-0068/e0950b06da945f24137b2d356745b169~tplv-tiktokx-cropcenter:100:100.jpg?dr=9640&refresh_token=b821726b&x-expires=1778400000&x-signature=w62pwdJ%2FkRzMZXyWbobTnnV3sac%3D&t=4d5b0474&ps=13740610&shp=30310797&shcp=ff37627b&idc=useast5"
"Not funny","4","0","2026-04-21T11:13:48.000Z","moqarniyare","https://www.tiktok.com/@user6611908121759/video/7612233575705955597","6574714174966185990","7631169074143675169","https://p16-common-sign.tiktokcdn-us.com/tos-useast2a-avt-0068-euttp/527040c2821efcbc902348d4672843bb~tplv-tiktokx-cropcenter:100:100.jpg?dr=9640&refresh_token=cf12f423&x-expires=1778400000&x-signature=ugvy2x9Wl%2Bck2f4soKmGqI0L80E%3D&t=4d5b0474&ps=13740610&shp=30310797&shcp=ff37627b&idc=useast5"
"Nooo, don’t waste food for views 🥺","4","0","2026-04-21T10:00:55.000Z","niekepiek1","https://www.tiktok.com/@user6611908121759/video/7612233575705955597","7395655882221306913","7631150230613295905","https://p19-common-sign.tiktokcdn-us.com/tos-useast2a-avt-0068-euttp/dfd5d74ae158a1d3ce69683d8bb68f49~tplv-tiktokx-cropcenter:100:100.jpg?dr=9640&refresh_token=10ad0385&x-expires=1778400000&x-signature=9IN0g%2FXi%2B4yjmEIa7uoIar96DZQ%3D&t=4d5b0474&ps=13740610&shp=30310797&shcp=ff37627b&idc=useast5"
"As someone who worked at maccas this does not get people fired it gets laughed off and we just fix it as it’s a waste of time to get someone in trouble when we can just replace the food and send you on your way also theres usually 4-5 people making food depending on the time of day so theres really no way to tell who did it","4","0","2026-03-02T09:48:22.000Z","imsoterriblylost","https://www.tiktok.com/@user6611908121759/video/7612233575705955597","7019278091205755905","7612592829684482836","https://p19-common-sign.tiktokcdn-us.com/tos-alisg-avt-0068/4e65e6ffaa633e48b428baa7a1a8523e~tplv-tiktokx-cropcenter:100:100.jpg?dr=9640&refresh_token=a819f705&x-expires=1778400000&x-signature=9C5Ls1EzJmlAh%2B35RUBCCNzQCqA%3D&t=4d5b0474&ps=13740610&shp=30310797&shcp=ff37627b&idc=useast5"
"The employee will shoulder the changes.","4","0","2026-03-02T09:03:05.000Z","seo283","https://www.tiktok.com/@user6611908121759/video/7612233575705955597","6797620311871489026","7612581147361706759","https://p19-common-sign.tiktokcdn-us.com/tos-alisg-avt-0068/7329229399541497858~tplv-tiktokx-cropcenter:100:100.jpg?dr=9640&refresh_token=4139fc96&x-expires=1778400000&x-signature=3z9xTfyVNnu5eOg0y38K15jOTa0%3D&t=4d5b0474&ps=13740610&shp=30310797&shcp=ff37627b&idc=useast5"
"Whattt???????","4","0","2026-03-02T08:54:31.000Z","pinkye94","https://www.tiktok.com/@user6611908121759/video/7612233575705955597","6567410453687975937","7612578986241082113","https://p16-common-sign.tiktokcdn-us.com/tos-alisg-avt-0068/e40bf45e3f71377f4fd27073be8f40c7~tplv-tiktokx-cropcenter:100:100.jpg?dr=9640&refresh_token=10db2bbc&x-expires=1778400000&x-signature=mXvLjgPwI0Fp8eG3x1VAyOeqJsQ%3D&t=4d5b0474&ps=13740610&shp=30310797&shcp=ff37627b&idc=useast5"
"haha that's funny..","4","0","2026-03-02T07:05:18.000Z","txy_thxy","https://www.tiktok.com/@user6611908121759/video/7612233575705955597","7378434780390982661","7612550801349804818","https://p16-common-sign.tiktokcdn-us.com/tos-alisg-avt-0068/db086be6c008ac54800ae1413c73f66f~tplv-tiktokx-cropcenter:100:100.jpg?dr=9640&refresh_token=4d6f4ea2&x-expires=1778400000&x-signature=BC%2BjJRibJ%2F14ucI3zo6tbSLFOY4%3D&t=4d5b0474&ps=13740610&shp=30310797&shcp=ff37627b&idc=useast5"
"In france we call it tarde","4","0","2026-03-02T06:31:20.000Z","spaniezkupkom","https://www.tiktok.com/@user6611908121759/video/7612233575705955597","7462809784858985504","7612541968216834838","https://p16-common-sign.tiktokcdn-us.com/tos-maliva-avt-0068/1b1a3b15157a03d945912cca077007ae~tplv-tiktokx-cropcenter:100:100.jpg?dr=9640&refresh_token=e4536509&x-expires=1778400000&x-signature=k4sNf4WkOUQw6dqYM5FA9mKPPkw%3D&t=4d5b0474&ps=13740610&shp=30310797&shcp=ff37627b&idc=useast5"
"The mayo one I hope they didn’t fall for it cause the thing wouldn’t even come out with that much 🤦","4","0","2026-03-02T06:09:35.000Z","skilledtakeoverboyz","https://www.tiktok.com/@user6611908121759/video/7612233575705955597","7130774785382089770","7612536139602723598","https://p19-common-sign.tiktokcdn-us.com/tos-useast5-avt-0068-tx/2d435d9ffc9bea82cedc2d7503632abe~tplv-tiktokx-cropcenter:100:100.jpg?dr=9640&refresh_token=9b31b6a2&x-expires=1778400000&x-signature=5Z49kQWuANNy4T4PGl6Ij8mWvHg%3D&t=4d5b0474&ps=13740610&shp=30310797&shcp=ff37627b&idc=useast5"
"Bro I’m dead💀😭 (biologically speaking I am, in fact, alive. However, to emphasize how hilarious I found this, I made a hyperbolic statement saying that I was dead because it implies that I found this video so funny I ceased to live. However, I am indeed alive and well so there is no need for you all to worry. I was simply employing the tactics c of figurative language in order to better and more effectively communicate my message. Additionally, using slang and sayings commonly employed by the youth has made my message more understandable and reachable by the younger generation, many of whom are in this chat. For example, I could have said ""that video was a real knee slapper"". This would have made sense to some of the older people in this chat as knee slapping used to be a sign of hilarity. However, in this digital age in which we now live, knee slapping is not as common and many of today's youth may not understand the reference. I therefore made my message more understandable to younger people through my use of simple, easily understood slang. I hope this clears everything up)","6","0","2026-03-02T00:31:56.000Z","gipsyy_dangerr","https://www.tiktok.com/@user6611908121759/video/7612233575705955597","7234324507716256810","7612449418671407902","https://p16-common-sign.tiktokcdn-eu.com/tos-maliva-avt-0068/030789d041fe5029a796fbcfe87c44a5~tplv-tiktokx-cropcenter:100:100.jpg?dr=10399&refresh_token=aad59879&x-expires=1778400000&x-signature=Al9xjZzA4WKdfajDbC9MCxi%2FVqE%3D&t=4d5b0474&ps=13740610&shp=30310797&shcp=ff37627b&idc=no1a"
"tell them the truth at the end so we know it's a prank and not fraud","5","0","2026-04-26T08:50:20.000Z","0time0time0time","https://www.tiktok.com/@user6611908121759/video/7612233575705955597","6586547361198407685","7632987553478034198","https://p16-common-sign.tiktokcdn-eu.com/tos-no1a-avt-0068c001-no/34a95caaa84c93516b1dffce3f58a1db~tplv-tiktokx-cropcenter:100:100.jpg?dr=10399&refresh_token=44822cdd&x-expires=1778400000&x-signature=3SShh9j7xcv8YOOgqpBXAwvow78%3D&t=4d5b0474&ps=13740610&shp=30310797&shcp=ff37627b&idc=no1a"
"there’s only 2k seats claim while you can 💺💺💺💺💺💺💺💺💺💺💺💺💺💺💺💺💺💺💺💺💺💺💺💺💺💺💺💺💺💺💺💺💺💺💺💺💺💺💺💺💺💺💺💺💺💺💺💺💺💺💺💺💺💺💺💺💺💺💺💺💺💺💺💺💺💺💺💺💺💺💺💺💺💺💺💺💺💺💺💺💺💺💺💺💺💺💺💺💺💺💺💺💺💺💺💺💺💺💺💺💺💺💺💺💺💺💺💺💺💺💺💺💺💺💺💺💺💺💺💺💺💺💺💺💺💺💺💺💺💺💺💺💺💺💺💺💺💺💺💺💺💺💺💺💺💺💺💺💺💺💺💺💺💺💺💺💺💺💺💺💺💺💺💺💺💺💺💺💺💺💺💺💺💺💺💺💺💺💺💺💺💺💺💺💺💺💺💺💺💺💺💺💺💺💺💺💺💺💺💺💺💺💺💺💺💺💺💺💺💺💺💺💺💺💺💺💺💺💺💺💺💺💺💺💺💺💺💺💺💺💺💺💺💺💺💺💺💺💺💺💺💺💺💺💺💺💺💺💺💺💺💺💺💺💺💺💺💺💺💺💺💺💺💺💺💺💺💺💺💺💺💺💺💺💺💺💺💺💺💺💺💺💺💺💺💺💺💺💺💺💺💺💺💺💺💺💺💺💺💺💺💺💺💺💺💺💺💺💺💺💺💺💺💺💺💺💺💺💺💺💺💺💺💺💺💺💺💺💺💺💺💺💺💺💺💺💺💺💺💺💺💺💺💺💺💺💺💺💺💺💺💺💺💺💺💺💺💺💺💺💺💺💺💺💺💺💺💺💺💺💺💺💺💺💺💺💺💺💺💺💺💺💺💺💺💺💺💺💺💺💺💺💺💺💺💺💺💺💺💺💺💺💺💺💺💺💺💺💺💺💺💺💺💺💺💺💺💺💺💺💺💺💺💺💺💺💺💺💺💺💺💺💺💺💺💺💺💺💺💺💺💺💺💺💺💺💺💺💺💺💺💺💺💺💺💺💺💺💺💺💺💺💺💺💺💺💺💺💺💺💺💺💺💺💺💺💺💺💺💺💺💺💺💺💺💺💺💺💺💺💺💺💺💺💺💺💺💺💺💺💺💺💺💺💺💺💺💺💺💺💺💺💺💺💺💺💺💺💺💺💺💺💺💺💺💺💺💺💺💺💺💺💺💺💺💺💺💺💺💺💺💺💺💺💺💺💺💺💺💺💺💺💺💺💺💺💺💺💺💺💺💺💺💺💺💺💺💺💺💺💺💺💺💺💺💺💺💺💺💺💺💺💺💺💺💺💺💺💺💺💺💺💺💺💺💺💺💺💺💺💺💺💺💺💺💺💺💺💺💺💺💺💺💺💺💺💺💺💺💺💺💺💺💺💺💺💺💺💺💺💺💺💺💺💺💺💺💺💺💺💺💺💺💺💺💺💺💺💺💺💺💺 u💺💺💺💺💺💺💺💺💺💺💺💺💺💺💺💺💺💺💺💺💺💺💺💺💺💺💺💺💺💺💺💺💺💺💺💺💺💺💺💺💺💺💺💺💺💺💺💺💺💺💺💺💺💺💺💺💺💺💺💺💺💺💺💺💺💺💺💺💺💺💺💺💺💺💺💺💺💺💺💺💺💺💺💺💺💺💺💺💺💺💺💺💺💺💺💺💺💺💺💺💺💺💺💺💺💺💺💺💺💺💺💺💺💺💺💺💺💺💺💺💺💺💺💺💺💺💺💺💺💺💺💺💺💺💺💺💺💺💺💺💺💺💺💺💺💺💺💺💺💺💺💺💺💺💺💺💺💺💺💺💺💺💺💺💺💺💺💺💺💺💺💺💺💺💺💺💺💺💺💺💺💺💺💺💺💺💺💺💺💺💺💺💺💺💺💺💺💺💺💺💺💺💺💺💺💺💺💺💺💺💺💺💺💺💺💺💺💺💺💺💺💺💺💺💺💺💺💺💺💺💺💺💺💺💺💺💺💺💺💺💺💺💺💺💺💺💺💺💺💺💺💺💺💺💺💺💺💺💺💺💺💺💺💺💺💺💺💺💺💺💺💺💺💺💺💺💺💺💺💺💺💺💺💺💺💺💺💺💺💺💺💺💺💺💺💺💺💺💺💺💺💺💺💺💺💺💺💺💺💺💺💺💺💺💺💺💺💺💺💺💺💺💺💺💺💺💺💺💺💺💺💺💺💺💺💺💺💺💺💺💺💺💺💺💺💺💺💺💺💺💺💺💺💺💺💺💺💺💺💺💺💺💺💺💺💺💺💺💺💺💺💺💺💺💺💺💺","5","0","2026-04-26T18:04:14.000Z","isaac.g0411","https://www.tiktok.com/@user6611908121759/video/7612233575705955597","7478052265145599009","7633130302026384150","https://p16-common-sign.tiktokcdn-eu.com/tos-no1a-avt-0068c001-no/0a1aef939faf70769d063abd494768ec~tplv-tiktokx-cropcenter:100:100.jpg?dr=10399&refresh_token=1b826a05&x-expires=1778400000&x-signature=cus7iqlX5jxaL1cS7MNa8VKJZzI%3D&t=4d5b0474&ps=13740610&shp=30310797&shcp=ff37627b&idc=no1a"
"bro tried to get every body fired from their job 😅😅","5","0","2026-04-27T22:26:52.000Z","emanuelxd3499","https://www.tiktok.com/@user6611908121759/video/7612233575705955597","7436779296562332714","7633568924748333855","https://p16-common-sign.tiktokcdn-eu.com/tos-maliva-avt-0068/5f95421840dcda52c9c58cbf71186e94~tplv-tiktokx-cropcenter:100:100.jpg?dr=10399&refresh_token=926d3673&x-expires=1778400000&x-signature=hp9qFV1zDBgAKDtsHzxCXKqMK%2Fg%3D&t=4d5b0474&ps=13740610&shp=30310797&shcp=ff37627b&idc=no1a"
"SEE MY REPOSTT","0","0","2026-05-06T19:36:59.000Z","phu_bxboon","https://www.tiktok.com/@user6611908121759/video/7612233575705955597","6576949901653196801","7636864998187647764","https://p19-common-sign.tiktokcdn-us.com/tos-maliva-avt-0068/a86ca6b6b2690a3d1c4769eba73adf12~tplv-tiktokx-cropcenter:100:100.jpg?dr=9640&refresh_token=ba49ef6c&x-expires=1778400000&x-signature=NVP8hIbc95%2FqVe9fPek4HaMEcFI%3D&t=4d5b0474&ps=13740610&shp=30310797&shcp=ff37627b&idc=useast5"
"SEE MY REPOSTT","0","0","2026-05-07T12:00:50.000Z","slb_203","https://www.tiktok.com/@user6611908121759/video/7612233575705955597","6998539644494644225","7637118588645737236","https://p16-common-sign.tiktokcdn-us.com/tos-alisg-avt-0068/589bcd66737b0b61f2ee0f7ab3d24525~tplv-tiktokx-cropcenter:100:100.jpg?dr=9640&refresh_token=e50c5583&x-expires=1778400000&x-signature=J40A9mjAm0cgVvzPRmTQmuydChY%3D&t=4d5b0474&ps=13740610&shp=30310797&shcp=ff37627b&idc=useast5"
"CHECK, MY REPOST","0","0","2026-05-06T19:37:25.000Z","phu_bxboon","https://www.tiktok.com/@user6611908121759/video/7612233575705955597","6576949901653196801","7636865130542301973","https://p19-common-sign.tiktokcdn-us.com/tos-maliva-avt-0068/a86ca6b6b2690a3d1c4769eba73adf12~tplv-tiktokx-cropcenter:100:100.jpg?dr=9640&refresh_token=ba49ef6c&x-expires=1778400000&x-signature=NVP8hIbc95%2FqVe9fPek4HaMEcFI%3D&t=4d5b0474&ps=13740610&shp=30310797&shcp=ff37627b&idc=useast5"
"CHECKK MY REPOST","0","0","2026-05-06T19:37:33.000Z","phu_bxboon","https://www.tiktok.com/@user6611908121759/video/7612233575705955597","6576949901653196801","7636865166562820885","https://p19-common-sign.tiktokcdn-us.com/tos-maliva-avt-0068/a86ca6b6b2690a3d1c4769eba73adf12~tplv-tiktokx-cropcenter:100:100.jpg?dr=9640&refresh_token=ba49ef6c&x-expires=1778400000&x-signature=NVP8hIbc95%2FqVe9fPek4HaMEcFI%3D&t=4d5b0474&ps=13740610&shp=30310797&shcp=ff37627b&idc=useast5"
"LOOK AT MY REPOST","0","0","2026-05-06T19:37:50.000Z","phu_bxboon","https://www.tiktok.com/@user6611908121759/video/7612233575705955597","6576949901653196801","7636865216148620052","https://p19-common-sign.tiktokcdn-us.com/tos-maliva-avt-0068/a86ca6b6b2690a3d1c4769eba73adf12~tplv-tiktokx-cropcenter:100:100.jpg?dr=9640&refresh_token=ba49ef6c&x-expires=1778400000&x-signature=NVP8hIbc95%2FqVe9fPek4HaMEcFI%3D&t=4d5b0474&ps=13740610&shp=30310797&shcp=ff37627b&idc=useast5"
"SEE MY RREPOST","0","0","2026-05-07T12:45:03.000Z","samuelchandreanco","https://www.tiktok.com/@user6611908121759/video/7612233575705955597","7201216693427061787","7637129990690030343","https://p16-common-sign.tiktokcdn-us.com/tos-useast2a-avt-0068-giso/7201219490938355738~tplv-tiktokx-cropcenter:100:100.jpg?dr=9640&refresh_token=9007b6d7&x-expires=1778400000&x-signature=u0oMQQxSEyA1aIEwvrZYCPoHVQ4%3D&t=4d5b0474&ps=13740610&shp=30310797&shcp=ff37627b&idc=useast5"
"CHECKK MY REPOST","0","0","2026-05-06T19:38:20.000Z","phu_bxboon","https://www.tiktok.com/@user6611908121759/video/7612233575705955597","6576949901653196801","7636865351301301013","https://p19-common-sign.tiktokcdn-us.com/tos-maliva-avt-0068/a86ca6b6b2690a3d1c4769eba73adf12~tplv-tiktokx-cropcenter:100:100.jpg?dr=9640&refresh_token=ba49ef6c&x-expires=1778400000&x-signature=NVP8hIbc95%2FqVe9fPek4HaMEcFI%3D&t=4d5b0474&ps=13740610&shp=30310797&shcp=ff37627b&idc=useast5"
"damn lowkey they fire someone for tha lmaoo","6","0","2026-04-26T19:29:09.000Z","endmobb","https://www.tiktok.com/@user6611908121759/video/7612233575705955597","7572830639801500685","7633152130639872781","https://p16-common-sign.tiktokcdn.com/tos-maliva-avt-0068/1cab1780a89e8af4d07655ea3d7dd65f~tplv-tiktokx-cropcenter:100:100.jpg?dr=14579&refresh_token=bc4f4513&x-expires=1778400000&x-signature=7alfizk8pjVNWiR8%2ByUUiSjKxJI%3D&t=4d5b0474&ps=13740610&shp=30310797&shcp=ff37627b&idc=my"
"Playing with the food smh 🤦‍♀️","6","0","2026-04-26T14:17:25.000Z","yeizin28","https://www.tiktok.com/@user6611908121759/video/7612233575705955597","6803528100498310149","7633071748267426573","https://p16-common-sign.tiktokcdn.com/tos-maliva-avt-0068/4560d9f87effd4228f89ead9145f32f8~tplv-tiktokx-cropcenter:100:100.jpg?dr=14579&refresh_token=71458642&x-expires=1778400000&x-signature=2kIgk2Rq8ZVaeVzfaZRBSU8XXvA%3D&t=4d5b0474&ps=13740610&shp=30310797&shcp=ff37627b&idc=my"
"What’s the point of","4","0","2026-04-26T17:29:34.000Z","n.oddy.12345","https://www.tiktok.com/@user6611908121759/video/7612233575705955597","6751773974738846725","7633121376500482838","https://p19-common-sign.tiktokcdn-us.com/tos-maliva-avt-0068/496a17a02f58f7afc52cc0284cfd7d77~tplv-tiktokx-cropcenter:100:100.jpg?dr=9640&refresh_token=f7a78fc8&x-expires=1778400000&x-signature=fTZa%2Bx8YcH53zeCO81bKieIdy%2BU%3D&t=4d5b0474&ps=13740610&shp=30310797&shcp=ff37627b&idc=useast8"
"Des gens se sont fait virer pour ça je suis sur","4","0","2026-04-21T15:52:18.000Z","bigslay__92","https://www.tiktok.com/@user6611908121759/video/7612233575705955597","7055458645438825478","7631240875409949462","https://p19-common-sign.tiktokcdn-us.com/tos-maliva-avt-0068/90b0bcd88809cc87857088bfe614dde5~tplv-tiktokx-cropcenter:100:100.jpg?dr=9640&refresh_token=8557f901&x-expires=1778400000&x-signature=zpIxBD9nloFD%2FZ9GR18for5vz4U%3D&t=4d5b0474&ps=13740610&shp=30310797&shcp=ff37627b&idc=useast8"
"Ts not funny man I work at a restaurant and if someone did that the worker would get a write up or in trouble come on man ppl got real jobs out here","4","0","2026-03-02T05:48:37.000Z","chrisdontmiss14","https://www.tiktok.com/@user6611908121759/video/7612233575705955597","6822758605864944646","7612530913842840333","https://p16-common-sign.tiktokcdn-us.com/tos-useast5-avt-0068-tx/80182198d2e4cda81f4a4e09961171d7~tplv-tiktokx-cropcenter:100:100.jpg?dr=9640&refresh_token=123bc639&x-expires=1778400000&x-signature=xnTWZ%2BCak522A5cxggw8TE6mvSw%3D&t=4d5b0474&ps=13740610&shp=30310797&shcp=ff37627b&idc=useast8"
"you forgot the fries, with extra salt. hahahahah","4","0","2026-03-02T05:14:03.000Z","albert111196","https://www.tiktok.com/@user6611908121759/video/7612233575705955597","7327031526196593707","7612522065984684831","https://p16-common-sign.tiktokcdn-us.com/tos-useast8-avt-0068-tx2/53ec8a3848d5be657d6c927d77b8fc10~tplv-tiktokx-cropcenter:100:100.jpg?dr=9640&refresh_token=28aa2aa1&x-expires=1778400000&x-signature=ZKLEsyP0MfTS5drzqYkcYonD%2FGA%3D&t=4d5b0474&ps=13740610&shp=30310797&shcp=ff37627b&idc=useast8"
"lol McDonalds gonna ban you bruh😭💀","4","0","2026-03-02T05:07:24.000Z","itsnot.saevonn","https://www.tiktok.com/@user6611908121759/video/7612233575705955597","7367391453544940586","7612520334936097566","https://p19-common-sign.tiktokcdn-us.com/tos-useast5-avt-0068-tx/b69f4eeb1048eab4c7b24a27b51f9dcc~tplv-tiktokx-cropcenter:100:100.jpg?dr=9640&refresh_token=05e991e9&x-expires=1778400000&x-signature=iRGxpwqwAV7vwLXTIgj7eDF2XCU%3D&t=4d5b0474&ps=13740610&shp=30310797&shcp=ff37627b&idc=useast8"
"Why tho","4","0","2026-03-02T04:55:31.000Z","crankyykitten","https://www.tiktok.com/@user6611908121759/video/7612233575705955597","6869631294101275653","7612517369478841096","https://p16-common-sign.tiktokcdn-us.com/tos-maliva-avt-0068/b98c8c5e36eb70bb03184e670ccc5fa2~tplv-tiktokx-cropcenter:100:100.jpg?dr=9640&refresh_token=a4800fc4&x-expires=1778400000&x-signature=OIMGWHb9J5znG%2FL1ZrdGZafh%2FEM%3D&t=4d5b0474&ps=13740610&shp=30310797&shcp=ff37627b&idc=useast8"
"they mayo is somewhat believable tho.","6","0","2026-03-02T00:55:10.000Z","oldschoolkirk","https://www.tiktok.com/@user6611908121759/video/7612233575705955597","6896957360700064773","7612455399565296414","https://p16-common-sign.tiktokcdn.com/tos-maliva-avt-0068/7331115249631756294~tplv-tiktokx-cropcenter:100:100.jpg?dr=14579&refresh_token=a6b8b068&x-expires=1778400000&x-signature=R9USjdcsgOgTZlQm6KVg%2FYJLSCQ%3D&t=4d5b0474&ps=13740610&shp=30310797&shcp=ff37627b&idc=my2"
"The fact they don’t challenge bro , cause they be doing that fr","6","0","2026-03-02T00:55:12.000Z","ramoss5.7","https://www.tiktok.com/@user6611908121759/video/7612233575705955597","6794357908655342598","7612455381789655838","https://p16-common-sign.tiktokcdn.com/tos-maliva-avt-0068/7347470260028571690~tplv-tiktokx-cropcenter:100:100.jpg?dr=14579&refresh_token=e91962dd&x-expires=1778400000&x-signature=Gyi7BMZynRwQf4zPGDNLF%2BcPKCE%3D&t=4d5b0474&ps=13740610&shp=30310797&shcp=ff37627b&idc=my2"
"imagine seein ts and only getting paid an extra $1","6","0","2026-03-02T00:00:28.000Z","junioroffagood1","https://www.tiktok.com/@user6611908121759/video/7612233575705955597","7086947182343881771","7612441214268523278","https://p16-common-sign.tiktokcdn.com/tos-maliva-avt-0068/32e9e27dfbca6346cf384126abc44a01~tplv-tiktokx-cropcenter:100:100.jpg?dr=14579&refresh_token=69e8417b&x-expires=1778400000&x-signature=DRd%2BzhS4NfRSGMNcFZ6dME35GxE%3D&t=4d5b0474&ps=13740610&shp=30310797&shcp=ff37627b&idc=my2"
"[Sticker] that's so messed up","6","0","2026-03-01T23:52:08.000Z","olivia6498294","https://www.tiktok.com/@user6611908121759/video/7612233575705955597","7504782810423542826","7612439151480718093","https://p16-common-sign.tiktokcdn.com/tos-maliva-avt-0068/a953c31f51ed02404d16fb9eb56715f1~tplv-tiktokx-cropcenter:100:100.jpg?dr=14579&refresh_token=1b315125&x-expires=1778400000&x-signature=hlJeNgJpHECPIMEc1K%2B77%2Blm1MQ%3D&t=4d5b0474&ps=13740610&shp=30310797&shcp=ff37627b&idc=my2"
"The way they had to said a McChicken with Extra mayonnaise but not too much now 😂😂😂😂😂😂😂😂","6","0","2026-03-01T23:40:55.000Z","boxbox21","https://www.tiktok.com/@user6611908121759/video/7612233575705955597","7139925382854509614","7612436245390394143","https://p16-common-sign.tiktokcdn.com/tos-maliva-avt-0068/7346224600050565162~tplv-tiktokx-cropcenter:100:100.jpg?dr=14579&refresh_token=2152382e&x-expires=1778400000&x-signature=t4Yjzu6Lm%2BVrFZ8R22oENX%2BdsZE%3D&t=4d5b0474&ps=13740610&shp=30310797&shcp=ff37627b&idc=my2"
"Eso no se hace","6","0","2026-03-01T22:24:31.000Z","barbaraorama0","https://www.tiktok.com/@user6611908121759/video/7612233575705955597","6828703962187891718","7612416552735163150","https://p16-common-sign.tiktokcdn.com/tos-maliva-avt-0068/e14c3b74e551d543e5a985a49f45e617~tplv-tiktokx-cropcenter:100:100.jpg?dr=14579&refresh_token=df8c4f4c&x-expires=1778400000&x-signature=pugyfeKSJdzIKZ%2BYFU%2Bx%2F3Ypsw0%3D&t=4d5b0474&ps=13740610&shp=30310797&shcp=ff37627b&idc=my2"
"To be blessed to wake up and choose to use your time in this way should be studied 😔☝🏾","6","0","2026-03-01T21:57:12.000Z","pdwilliams5757","https://www.tiktok.com/@user6611908121759/video/7612233575705955597","6811078925226361862","7612409465074533150","https://p19-common-sign.tiktokcdn.com/tos-maliva-avt-0068/369d449c86225ef0b68dc4cac9085499~tplv-tiktokx-cropcenter:100:100.jpg?dr=14579&refresh_token=ef947332&x-expires=1778400000&x-signature=5bwLJronq2KAYtmosIvWnYxiLw4%3D&t=4d5b0474&ps=13740610&shp=30310797&shcp=ff37627b&idc=my2"
"im sooooo annoyed","4","0","2026-03-02T04:53:40.000Z","pilvinyl","https://www.tiktok.com/@user6611908121759/video/7612233575705955597","7184303238733284398","7612516710697452302","https://p19-common-sign.tiktokcdn-us.com/tos-useast5-avt-0068-tx/cf663c3bd3b9946b87db41bba724c22e~tplv-tiktokx-cropcenter:100:100.jpg?dr=9640&refresh_token=b3ecba94&x-expires=1778400000&x-signature=1VnrYmjSZIHbmnwOXcg0kuRXm%2FQ%3D&t=4d5b0474&ps=13740610&shp=30310797&shcp=ff37627b&idc=useast5"
"😂😂😂😂😂😂😂Stoppppp","4","0","2026-03-02T04:51:00.000Z","haley_queenz","https://www.tiktok.com/@user6611908121759/video/7612233575705955597","6736625036545278981","7612516180619723550","https://p19-common-sign.tiktokcdn-us.com/tos-useast8-avt-0068-tx2/8838c4d64a8cf26ae80ba022704e517d~tplv-tiktokx-cropcenter:100:100.jpg?dr=9640&refresh_token=9c52a7af&x-expires=1778400000&x-signature=01282kh8lp0XC4lcWqwrl6SRmXs%3D&t=4d5b0474&ps=13740610&shp=30310797&shcp=ff37627b&idc=useast5"
"The cheese burger for the set up","4","0","2026-03-02T04:29:29.000Z","lostinwrds","https://www.tiktok.com/@user6611908121759/video/7612233575705955597","7105995255312663598","7612510594579432205","https://p16-common-sign.tiktokcdn-us.com/tos-useast5-avt-0068-tx/c814c955222784b3555cda3c15eac9cd~tplv-tiktokx-cropcenter:100:100.jpg?dr=9640&refresh_token=b9ba8fe3&x-expires=1778400000&x-signature=LoSazrgfO9ZIgtnz%2Fs9QPx3GkDw%3D&t=4d5b0474&ps=13740610&shp=30310797&shcp=ff37627b&idc=useast5"
"I’m hollering","4","0","2026-03-02T04:27:23.000Z","sweets0078","https://www.tiktok.com/@user6611908121759/video/7612233575705955597","6836505345260569606","7612510063031567134","https://p19-common-sign.tiktokcdn-us.com/tos-useast8-avt-0068-tx2/7309532de99a0a189594c9c758160602~tplv-tiktokx-cropcenter:100:100.jpg?dr=9640&refresh_token=396691ef&x-expires=1778400000&x-signature=hpJBP4PqcfeTbdNGabtKdgxcxsA%3D&t=4d5b0474&ps=13740610&shp=30310797&shcp=ff37627b&idc=useast5"
"Menace😂","4","0","2026-03-02T04:23:35.000Z","jayf0554","https://www.tiktok.com/@user6611908121759/video/7612233575705955597","7034217092842030086","7612508956066841357","https://p16-common-sign.tiktokcdn-us.com/tos-useast5-avt-0068-tx/a84e44f1d6e120be1f43803997a5e3a1~tplv-tiktokx-cropcenter:100:100.jpg?dr=9640&refresh_token=6ce08a59&x-expires=1778400000&x-signature=aUtq1kJliUtZ6rOqEPZIq4BAAD8%3D&t=4d5b0474&ps=13740610&shp=30310797&shcp=ff37627b&idc=useast5"
"Bwaaaaaaahahahahahahaha","4","0","2026-03-02T04:09:08.000Z","browniebrown_05","https://www.tiktok.com/@user6611908121759/video/7612233575705955597","6542517875579142150","7612505366261138189","https://p16-common-sign.tiktokcdn-us.com/tos-useast5-avt-0068-tx/c889af983fbf33357eb410edd9da24bc~tplv-tiktokx-cropcenter:100:100.jpg?dr=9640&refresh_token=da5f428b&x-expires=1778400000&x-signature=xsIdxiYEX4%2FtghZ7O2NIH1rriT0%3D&t=4d5b0474&ps=13740610&shp=30310797&shcp=ff37627b&idc=useast5"
"Playing in them ppl face lol 😂","4","0","2026-03-02T03:48:39.000Z","ebonymonique_","https://www.tiktok.com/@user6611908121759/video/7612233575705955597","6963090795260675077","7612500026074776350","https://p16-common-sign.tiktokcdn-us.com/tos-maliva-avt-0068/5290e309abcf5ca263f3d8fdee110e15~tplv-tiktokx-cropcenter:100:100.jpg?dr=9640&refresh_token=ed4c2c06&x-expires=1778400000&x-signature=NXVtgYlkE1PymmWabd96POAnOdM%3D&t=4d5b0474&ps=13740610&shp=30310797&shcp=ff37627b&idc=useast5"
"What’s the point","4","0","2026-03-02T03:46:37.000Z","tictocker430","https://www.tiktok.com/@user6611908121759/video/7612233575705955597","7013164324743054342","7612499558451168030","https://p19-common-sign.tiktokcdn-us.com/tos-useast5-avt-0068-tx/7345212424192000042~tplv-tiktokx-cropcenter:100:100.jpg?dr=9640&refresh_token=b3006c22&x-expires=1778400000&x-signature=QK4gxAh8EqXaKvWxFoUETdgK8Fw%3D&t=4d5b0474&ps=13740610&shp=30310797&shcp=ff37627b&idc=useast5"
"Just wasting food, wait McDonald's isn't food...","4","0","2026-03-02T03:46:17.000Z","user9628700367569","https://www.tiktok.com/@user6611908121759/video/7612233575705955597","6851361866406102022","7612499376159114015","https://p16-common-sign.tiktokcdn-us.com/musically-maliva-obj/1594805258216454~tplv-tiktokx-cropcenter:100:100.jpg?dr=9640&refresh_token=9d879f78&x-expires=1778400000&x-signature=TPSeNdAH%2FurHgCyQTrlPVP%2BZMd4%3D&t=4d5b0474&ps=13740610&shp=30310797&shcp=ff37627b&idc=useast5"
"That’s not funny at all","4","0","2026-03-02T03:42:50.000Z","stephanie.rae823","https://www.tiktok.com/@user6611908121759/video/7612233575705955597","7365756302725530667","7612498558525424397","https://p19-common-sign.tiktokcdn-us.com/tos-useast5-avt-0068-tx/77d9284b51be0e9bef7a1d60ff7ffdf0~tplv-tiktokx-cropcenter:100:100.jpg?dr=9640&refresh_token=dc6dbc6b&x-expires=1778400000&x-signature=XMzkPftJ9MOfgsOMzaDP48%2B9rv0%3D&t=4d5b0474&ps=13740610&shp=30310797&shcp=ff37627b&idc=useast5"
"Do Wendy’s next 😭🤝","4","0","2026-03-02T03:41:04.000Z","gamingwithepifanio","https://www.tiktok.com/@user6611908121759/video/7612233575705955597","6875687983149925382","7612498142412489485","https://p16-common-sign.tiktokcdn-us.com/tos-maliva-avt-0068/7335773901528154117~tplv-tiktokx-cropcenter:100:100.jpg?dr=9640&refresh_token=3dd4b42e&x-expires=1778400000&x-signature=pOyR4QOUeGypFoVzZ%2FojpoDKspQ%3D&t=4d5b0474&ps=13740610&shp=30310797&shcp=ff37627b&idc=useast5"
"Haha 🤣 this one","4","0","2026-03-02T03:07:18.000Z","draco_bloodhound","https://www.tiktok.com/@user6611908121759/video/7612233575705955597","7603567300336043021","7612489451067294477","https://p19-common-sign.tiktokcdn-us.com/tos-useast5-avt-0068-tx/72c4b352901ced66c8127eddd9f6b104~tplv-tiktokx-cropcenter:100:100.jpg?dr=9640&refresh_token=be264237&x-expires=1778400000&x-signature=ENhSP%2FPJ58paSOeIjKohpole8Vk%3D&t=4d5b0474&ps=13740610&shp=30310797&shcp=ff37627b&idc=useast5"
"Yall can laugh…","4","0","2026-03-02T02:58:03.000Z","laylani453","https://www.tiktok.com/@user6611908121759/video/7612233575705955597","7573760517668946957","7612487058326520589","https://p19-common-sign.tiktokcdn-us.com/tos-useast5-avt-0068-tx/1973f38bbc22d6ff2b6c832809142999~tplv-tiktokx-cropcenter:100:100.jpg?dr=9640&refresh_token=7ee0ce1a&x-expires=1778400000&x-signature=Q5TfjyMmC2WjW8Atyb%2BHZA2VOsM%3D&t=4d5b0474&ps=13740610&shp=30310797&shcp=ff37627b&idc=useast5"
"Bro, your recording it, what if they see this 😅","4","0","2026-03-02T02:55:52.000Z","blackteam100","https://www.tiktok.com/@user6611908121759/video/7612233575705955597","7479793068700189738","7612486426010370830","https://p19-common-sign.tiktokcdn-us.com/tos-useast5-avt-0068-tx/1f9d04c08ccd2f92b318a017e4c6b7ed~tplv-tiktokx-cropcenter:100:100.jpg?dr=9640&refresh_token=e51896ea&x-expires=1778400000&x-signature=DF6gfzChYaXdvKFRjXmwcSRVEDA%3D&t=4d5b0474&ps=13740610&shp=30310797&shcp=ff37627b&idc=useast5"
"Can’t believe they did that","4","0","2026-03-02T02:23:58.000Z","jahsehwarrior","https://www.tiktok.com/@user6611908121759/video/7612233575705955597","7535442307953312782","7612478211385230093","https://p16-common-sign.tiktokcdn-us.com/tos-useast5-avt-0068-tx/097ece1089a1fc8521b82ddb5a953995~tplv-tiktokx-cropcenter:100:100.jpg?dr=9640&refresh_token=2f3bf0f2&x-expires=1778400000&x-signature=yvc1pSwbzFpYm%2FoVVe9Uzijqz50%3D&t=4d5b0474&ps=13740610&shp=30310797&shcp=ff37627b&idc=useast5"
"This was funny.","4","0","2026-03-02T02:20:18.000Z","fthelaw","https://www.tiktok.com/@user6611908121759/video/7612233575705955597","7128033832523072558","7612477313352073998","https://p16-common-sign.tiktokcdn-us.com/tos-useast8-avt-0068-tx2/c956e65a5eef68a18b1d477c0db7f565~tplv-tiktokx-cropcenter:100:100.jpg?dr=9640&refresh_token=8bb8bd9c&x-expires=1778400000&x-signature=wbyg52GbYPAsV1MXtGW5qLs3pO8%3D&t=4d5b0474&ps=13740610&shp=30310797&shcp=ff37627b&idc=useast5"
"Y ahora dime te sientes feliz al ver que le llaman el atención a alguien umilde","4","0","2026-03-02T02:18:08.000Z","cesarcardona5225","https://www.tiktok.com/@user6611908121759/video/7612233575705955597","6969667976480424965","7612476789729936141","https://p16-common-sign.tiktokcdn-us.com/tos-useast5-avt-0068-tx/a5a6339e0b06869bb36b722ed441f70b~tplv-tiktokx-cropcenter:100:100.jpg?dr=9640&refresh_token=f416e79e&x-expires=1778400000&x-signature=X%2F1PdefvL0fXj%2BQRvl%2B6QMer8Ms%3D&t=4d5b0474&ps=13740610&shp=30310797&shcp=ff37627b&idc=useast5"
"The mayo 🥹😂😂😂","4","0","2026-03-02T02:06:37.000Z","yo.girl.lai1","https://www.tiktok.com/@user6611908121759/video/7612233575705955597","7571663903747326990","7612473771085808397","https://p16-common-sign.tiktokcdn-us.com/tos-useast5-avt-0068-tx/ebba9b12cc487ce5ed4a2d7ecf34d6ad~tplv-tiktokx-cropcenter:100:100.jpg?dr=9640&refresh_token=a79be5a0&x-expires=1778400000&x-signature=RUC25GSoDHRYuWeSB%2FYwPppC%2FZI%3D&t=4d5b0474&ps=13740610&shp=30310797&shcp=ff37627b&idc=useast5"
"Who didi","4","0","2026-03-02T02:01:50.000Z","jrg_1230","https://www.tiktok.com/@user6611908121759/video/7612233575705955597","7577042721795081271","7612472576023757582","https://p16-common-sign.tiktokcdn-us.com/tos-useast5-avt-0068-tx/0603115424d8253833cfd6bb547814e7~tplv-tiktokx-cropcenter:100:100.jpg?dr=9640&refresh_token=04e2fde3&x-expires=1778400000&x-signature=4XHnQRib5iBUKgiffysrLFSX5As%3D&t=4d5b0474&ps=13740610&shp=30310797&shcp=ff37627b&idc=useast5"
"my guy is a menace II McDonald's😅","4","0","2026-03-02T01:54:44.000Z","seanthe4th","https://www.tiktok.com/@user6611908121759/video/7612233575705955597","7512320882611127342","7612470669100909342","https://p16-common-sign.tiktokcdn-us.com/tos-useast5-avt-0068-tx/2630e08feb24f9d1c3e78563608042f0~tplv-tiktokx-cropcenter:100:100.jpg?dr=9640&refresh_token=2d198045&x-expires=1778400000&x-signature=Hgprh4cHThakj6%2Fdn%2Bc4cOWOqAg%3D&t=4d5b0474&ps=13740610&shp=30310797&shcp=ff37627b&idc=useast5"
"OMG HYSTERICAL 🤣🤣🤣🤣","4","0","2026-03-02T01:47:38.000Z","martymorua","https://www.tiktok.com/@user6611908121759/video/7612233575705955597","6967150808841356293","7612468876391990046","https://p19-common-sign.tiktokcdn-us.com/tos-useast5-avt-0068-tx/276049d350a578ec37a91a6eef803ae0~tplv-tiktokx-cropcenter:100:100.jpg?dr=9640&refresh_token=7ad9f217&x-expires=1778400000&x-signature=unNvHFa2YVDDaE4SYSHqaquKV4E%3D&t=4d5b0474&ps=13740610&shp=30310797&shcp=ff37627b&idc=useast5"
"you got to say I said just cheese and then take everything else out except for the two patties or like a buns and then say this is not what I meant by only cheese","4","0","2026-03-02T01:41:16.000Z","osters51","https://www.tiktok.com/@user6611908121759/video/7612233575705955597","7497057451641996331","7612467235995763470","https://p16-common-sign.tiktokcdn-us.com/tos-useast5-avt-0068-tx/1029570f62cf02ff6b867f438af3e64b~tplv-tiktokx-cropcenter:100:100.jpg?dr=9640&refresh_token=b0ddbe19&x-expires=1778400000&x-signature=hP3V5wt2ZZaCR1caBkwLWF%2BHH5Q%3D&t=4d5b0474&ps=13740610&shp=30310797&shcp=ff37627b&idc=useast5"
"Umm","4","1","2026-03-02T01:39:13.000Z","xoxshelmrxo","https://www.tiktok.com/@user6611908121759/video/7612233575705955597","7471850002975114282","7612466682012271390","https://p16-common-sign.tiktokcdn-us.com/tos-useast8-avt-0068-tx2/26b74e2495b8aa533a23e5b79bb2db82~tplv-tiktokx-cropcenter:100:100.jpg?dr=9640&refresh_token=3909702d&x-expires=1778400000&x-signature=jEhM58cZL2c4r%2F8S2dL1oNbn3%2BE%3D&t=4d5b0474&ps=13740610&shp=30310797&shcp=ff37627b&idc=useast5"
"looks like Ike the florida location","4","0","2026-03-02T01:24:48.000Z","nextlevelcollectibles","https://www.tiktok.com/@user6611908121759/video/7612233575705955597","6787822299502281734","7612462986415162143","https://p19-common-sign.tiktokcdn-us.com/tos-useast5-avt-0068-tx/10673366b67f2aa50cb6e3d7d345dcdd~tplv-tiktokx-cropcenter:100:100.jpg?dr=9640&refresh_token=3406900e&x-expires=1778400000&x-signature=Lko7qPoL9kMGQa9713eiA%2BAxjfc%3D&t=4d5b0474&ps=13740610&shp=30310797&shcp=ff37627b&idc=useast5"
"The lettuce one always happen 🙏🏽😭","4","0","2026-03-02T01:18:32.000Z","333.d1eg0._","https://www.tiktok.com/@user6611908121759/video/7612233575705955597","6752285728610911237","7612461445158191886","https://p19-common-sign.tiktokcdn-us.com/tos-useast5-avt-0068-tx/ecb31c1c132370a200cb85190acba7f7~tplv-tiktokx-cropcenter:100:100.jpg?dr=9640&refresh_token=db4a8ef5&x-expires=1778400000&x-signature=7EFfuGl6lyS%2Bchtv9nn7NrhoKV8%3D&t=4d5b0474&ps=13740610&shp=30310797&shcp=ff37627b&idc=useast5"
"What is this about 😂😭","4","0","2026-03-02T01:11:23.000Z","mia.cross7","https://www.tiktok.com/@user6611908121759/video/7612233575705955597","6810492382451958790","7612459529767306014","https://p16-common-sign.tiktokcdn-us.com/tos-useast8-avt-0068-tx2/2218e6cf774b49809b0375ef849e850c~tplv-tiktokx-cropcenter:100:100.jpg?dr=9640&refresh_token=33bab208&x-expires=1778400000&x-signature=ro44gL91nPQ36fw6Abt3w3QkvOo%3D&t=4d5b0474&ps=13740610&shp=30310797&shcp=ff37627b&idc=useast5"
"[Sticker] I was wearing headphones","4","1","2026-03-02T00:58:26.000Z","kevinriosgarcia0","https://www.tiktok.com/@user6611908121759/video/7612233575705955597","7527475215020229687","7612456254056858381","https://p16-common-sign.tiktokcdn-us.com/tos-useast5-avt-0068-tx/5491916a558881a255305d19c54578cf~tplv-tiktokx-cropcenter:100:100.jpg?dr=9640&refresh_token=a71e836f&x-expires=1778400000&x-signature=nHn3gCDq9joGnw%2F6WyX4%2Bym0aBA%3D&t=4d5b0474&ps=13740610&shp=30310797&shcp=ff37627b&idc=useast5"
"@brooklynn⎊ @natalie @abbysrllyprivspamm @Gracie’s Grapes 🍇 also doing this","4","0","2026-03-02T00:52:14.000Z","hannah.banana024","https://www.tiktok.com/@user6611908121759/video/7612233575705955597","7290183435406279722","7612454584423187214","https://p16-common-sign.tiktokcdn-us.com/tos-useast5-avt-0068-tx/1b9296e16ddee532f4e5ea9552b08e31~tplv-tiktokx-cropcenter:100:100.jpg?dr=9640&refresh_token=abb88699&x-expires=1778400000&x-signature=ZhPoMVi%2FKMZdFlABScB3JhJo8jc%3D&t=4d5b0474&ps=13740610&shp=30310797&shcp=ff37627b&idc=useast5"
"why are you wasting food? some places the kids need food.","4","0","2026-03-02T00:44:06.000Z","rich.boy9215","https://www.tiktok.com/@user6611908121759/video/7612233575705955597","7348524856478270506","7612452509480043295","https://p19-common-sign.tiktokcdn-us.com/tos-useast8-avt-0068-tx2/72e1140059bbb3b07dd44d42d01d14ad~tplv-tiktokx-cropcenter:100:100.jpg?dr=9640&refresh_token=d5f4797b&x-expires=1778400000&x-signature=KUduwJNMmf3r8j%2BCB6FwX9S9wmY%3D&t=4d5b0474&ps=13740610&shp=30310797&shcp=ff37627b&idc=useast5"
"he was tired of the games 😭","4","0","2026-03-02T00:25:21.000Z","j4ysi","https://www.tiktok.com/@user6611908121759/video/7612233575705955597","6887669947389166597","7612447726793491230","https://p16-common-sign.tiktokcdn-us.com/tos-useast8-avt-0068-tx2/f9601cc7bd5606e40f5cbe9fa58aeb3a~tplv-tiktokx-cropcenter:100:100.jpg?dr=9640&refresh_token=ae4922dd&x-expires=1778400000&x-signature=DuHcNvFgkcBLRWq49iAtGwNbURk%3D&t=4d5b0474&ps=13740610&shp=30310797&shcp=ff37627b&idc=useast5"
"just wait until they see this video","4","0","2026-03-02T00:22:12.000Z","rip_juice57","https://www.tiktok.com/@user6611908121759/video/7612233575705955597","7389671591930446894","7612446851446932237","https://p19-common-sign.tiktokcdn-us.com/tos-useast5-avt-0068-tx/ec1b4acbbdf43954cd29099a6aab8f73~tplv-tiktokx-cropcenter:100:100.jpg?dr=9640&refresh_token=70798073&x-expires=1778400000&x-signature=QQs6rW1ZF4BWC1wjC0U5BT239AA%3D&t=4d5b0474&ps=13740610&shp=30310797&shcp=ff37627b&idc=useast5"
"Now why you playing on these people time 😂😂😂😂","4","0","2026-03-01T23:15:20.000Z","whatsteah0_","https://www.tiktok.com/@user6611908121759/video/7612233575705955597","7519005481533555767","7612429659367949069","https://p16-common-sign.tiktokcdn-us.com/tos-useast5-avt-0068-tx/0e7a944e1e95e68d1ce1f29cc5ac55ba~tplv-tiktokx-cropcenter:100:100.jpg?dr=9640&refresh_token=0f6a2def&x-expires=1778400000&x-signature=faEWDbFh9O8jyj8c%2B0VMY46OSOw%3D&t=4d5b0474&ps=13740610&shp=30310797&shcp=ff37627b&idc=useast5"
"It’s hilarious","4","0","2026-03-01T22:59:05.000Z","zeusbanner88","https://www.tiktok.com/@user6611908121759/video/7612233575705955597","6786086651283964933","7612425453182305037","https://p16-common-sign.tiktokcdn-us.com/tos-useast8-avt-0068-tx2/2b5e70021effb913e0b718b616e6a87b~tplv-tiktokx-cropcenter:100:100.jpg?dr=9640&refresh_token=616cf4d5&x-expires=1778400000&x-signature=WZ2JxTB3nrp0F%2FiK4lFQzAV2CD4%3D&t=4d5b0474&ps=13740610&shp=30310797&shcp=ff37627b&idc=useast5"
"is this sppsd to be funny","4","2","2026-03-01T22:46:37.000Z","bbgceo","https://www.tiktok.com/@user6611908121759/video/7612233575705955597","7248700862435214379","7612422270203724575","https://p19-common-sign.tiktokcdn-us.com/tos-useast5-avt-0068-tx/5470d439a76a03b15782fb84d4c7385b~tplv-tiktokx-cropcenter:100:100.jpg?dr=9640&refresh_token=95f63b1a&x-expires=1778400000&x-signature=afqzgvkLIzrKMrVAMscXm1guwPY%3D&t=4d5b0474&ps=13740610&shp=30310797&shcp=ff37627b&idc=useast5"
"just bored 😂😭😭😭😂😂","4","0","2026-03-01T22:36:12.000Z","sakeraraunje","https://www.tiktok.com/@user6611908121759/video/7612233575705955597","6910294316906136582","7612419596028609294","https://p19-common-sign.tiktokcdn-us.com/tos-useast5-avt-0068-tx/1aece94f8aacdc62917c84b9aee2aa49~tplv-tiktokx-cropcenter:100:100.jpg?dr=9640&refresh_token=4d3bf1a6&x-expires=1778400000&x-signature=Ke2ZnTzvCT9p%2FhpNwytLUVLsObE%3D&t=4d5b0474&ps=13740610&shp=30310797&shcp=ff37627b&idc=useast5"
"literally getting people fired from there jobs","4","0","2026-03-01T22:35:59.000Z","angelcolon145","https://www.tiktok.com/@user6611908121759/video/7612233575705955597","6626485533533716485","7612419430580880142","https://p19-common-sign.tiktokcdn-us.com/tos-useast5-avt-0068-tx/813ba2986a39692ea644274df56c6bb8~tplv-tiktokx-cropcenter:100:100.jpg?dr=9640&refresh_token=828aaf20&x-expires=1778400000&x-signature=hGxxVQEegRZx%2Bxy2F%2FGIQwKM7gA%3D&t=4d5b0474&ps=13740610&shp=30310797&shcp=ff37627b&idc=useast5"
"Waisting food and time","4","0","2026-03-01T22:35:05.000Z","ileen.jennifer.ja","https://www.tiktok.com/@user6611908121759/video/7612233575705955597","7454775308854510638","7612419243502633758","https://p16-common-sign.tiktokcdn-us.com/tos-useast8-avt-0068-tx2/d89fac7c7248b309327bc4867b273dcd~tplv-tiktokx-cropcenter:100:100.jpg?dr=9640&refresh_token=704658d0&x-expires=1778400000&x-signature=0aQE%2BSovw9H61ltzXJOxRoX%2B7Cs%3D&t=4d5b0474&ps=13740610&shp=30310797&shcp=ff37627b&idc=useast5"
"They can fire someone for that 🙄🤦🏻‍♀️","4","0","2026-03-01T22:23:27.000Z","mgc250805","https://www.tiktok.com/@user6611908121759/video/7612233575705955597","6855149590494069766","7612416274937479967","https://p19-common-sign.tiktokcdn-us.com/tos-useast8-avt-0068-tx2/250924a34d94b38537b55c4fbc2ef69f~tplv-tiktokx-cropcenter:100:100.jpg?dr=9640&refresh_token=bf28c85e&x-expires=1778400000&x-signature=14MyVkV%2FUjo2kdMACCrXhHWORVA%3D&t=4d5b0474&ps=13740610&shp=30310797&shcp=ff37627b&idc=useast5"
"getting people fired, but funny","4","0","2026-03-01T22:00:31.000Z","mrbrick1","https://www.tiktok.com/@user6611908121759/video/7612233575705955597","6816541488379724805","7612410351786738446","https://p19-common-sign.tiktokcdn-us.com/tos-useast5-avt-0068-tx/351d772bca0f9d635a29c87eda06da1e~tplv-tiktokx-cropcenter:100:100.jpg?dr=9640&refresh_token=1a017136&x-expires=1778400000&x-signature=C6UNQhfMh8Yae63JGCuGzesPR0c%3D&t=4d5b0474&ps=13740610&shp=30310797&shcp=ff37627b&idc=useast5"
"lol my guy getting people moved to taking orders instead of preparing them 😂","4","0","2026-03-01T21:49:49.000Z","basefpv","https://www.tiktok.com/@user6611908121759/video/7612233575705955597","7392359488281953323","7612407595140039437","https://p16-common-sign.tiktokcdn-us.com/tos-useast5-avt-0068-tx/2d78bb242c5cf5a849a135d9be5be0b9~tplv-tiktokx-cropcenter:100:100.jpg?dr=9640&refresh_token=2af2a12c&x-expires=1778400000&x-signature=bwZpUkX%2F4bYVQWFcYZ6pcAEPbZs%3D&t=4d5b0474&ps=13740610&shp=30310797&shcp=ff37627b&idc=useast5"
"The cursing lol","4","0","2026-03-01T21:23:32.000Z","crystalxcapri","https://www.tiktok.com/@user6611908121759/video/7612233575705955597","52270328730652673","7612400838950519583","https://p19-common-sign.tiktokcdn-us.com/tos-useast8-avt-0068-tx2/112142a8e5c2b6a3887d340eac1b5632~tplv-tiktokx-cropcenter:100:100.jpg?dr=9640&refresh_token=6338d272&x-expires=1778400000&x-signature=b8pKEyErZRGZlLGXvro36n2YxWE%3D&t=4d5b0474&ps=13740610&shp=30310797&shcp=ff37627b&idc=useast5"
"[Sticker] Pourquoi blaguer avec la nourriture","3","0","2026-04-30T11:39:16.000Z","joconnexionservice","https://www.tiktok.com/@user6611908121759/video/7612233575705955597","6981073822544561158","7634515421991977749","https://p16-common-sign.tiktokcdn-us.com/tos-maliva-avt-0068/57fa542b7f93e5ebe5be863fa3062ce8~tplv-tiktokx-cropcenter:100:100.jpg?dr=9640&refresh_token=1295964a&x-expires=1778400000&x-signature=jR6Ddys0BAUHBTgtwaSYS9BE5CI%3D&t=4d5b0474&ps=13740610&shp=30310797&shcp=ff37627b&idc=useast5"
"[Sticker] What the fwack is that","3","0","2026-04-30T10:38:49.000Z","poo.wee64","https://www.tiktok.com/@user6611908121759/video/7612233575705955597","7183762180646847494","7634499809927529238","https://p19-common-sign.tiktokcdn-us.com/tos-maliva-avt-0068/32b25270b3e0ddfba6ce28d5ee24fe94~tplv-tiktokx-cropcenter:100:100.jpg?dr=9640&refresh_token=c0452e43&x-expires=1778400000&x-signature=SgAKsAmP2bR1iuwon8otmf9eAFY%3D&t=4d5b0474&ps=13740610&shp=30310797&shcp=ff37627b&idc=useast5"
"Bro you getting people fired….like 😅who did this who did this 😁😅","3","0","2026-04-29T18:04:02.000Z","afro_free.jae","https://www.tiktok.com/@user6611908121759/video/7612233575705955597","7025099844331389957","7634243509591114497","https://p16-common-sign.tiktokcdn-us.com/tos-maliva-avt-0068/cb8efca6a0a40dc079f733ff78b4a7d1~tplv-tiktokx-cropcenter:100:100.jpg?dr=9640&refresh_token=4a5f536d&x-expires=1778400000&x-signature=nkLeR%2BDHrPPU3NaOMCqpDJvNXII%3D&t=4d5b0474&ps=13740610&shp=30310797&shcp=ff37627b&idc=useast5"
"real talk, I ordered a cheeseburger burger and got no burger. 🍞 🧀","3","1","2026-04-28T11:09:37.000Z","brian.1337","https://www.tiktok.com/@user6611908121759/video/7612233575705955597","7625063257598575629","7633765369371099918","https://p19-common-sign.tiktokcdn-us.com/tos-useast5-avt-0068-tx/8732b4614477b879a7df22804cb22d6b~tplv-tiktokx-cropcenter:100:100.jpg?dr=9640&refresh_token=c830bd59&x-expires=1778400000&x-signature=y6nNdEtm%2FafaGLgAi4v7Zr9p7nA%3D&t=4d5b0474&ps=13740610&shp=30310797&shcp=ff37627b&idc=useast5"
"Nobody did it so wym people getting fired ?","3","0","2026-04-28T08:42:35.000Z","alexaundriahurtad","https://www.tiktok.com/@user6611908121759/video/7612233575705955597","7370547323715421226","7633726641249239839","https://p19-common-sign.tiktokcdn-us.com/tos-useast8-avt-0068-tx2/7ad66d11a85682d4b0561b69a6a2e2ec~tplv-tiktokx-cropcenter:100:100.jpg?dr=9640&refresh_token=c77af7e2&x-expires=1778400000&x-signature=Urv1wAImoXe0x3wo2fsVSW5FqDg%3D&t=4d5b0474&ps=13740610&shp=30310797&shcp=ff37627b&idc=useast5"
"Bro why play with cheese like that😳","3","0","2026-04-27T23:03:53.000Z","tauzen16","https://www.tiktok.com/@user6611908121759/video/7612233575705955597","6899549742532871174","7633578539761959696","https://p16-common-sign.tiktokcdn-us.com/tos-maliva-avt-0068/e2f2a454fcb3cb10371c998121d578f5~tplv-tiktokx-cropcenter:100:100.jpg?dr=9640&refresh_token=b8389381&x-expires=1778400000&x-signature=IW3tuYUR4MZAHnVGJr61s74EyUA%3D&t=4d5b0474&ps=13740610&shp=30310797&shcp=ff37627b&idc=useast5"
"This is just wasting food.","3","3","2026-04-27T16:34:28.000Z","hannahlouise3107","https://www.tiktok.com/@user6611908121759/video/7612233575705955597","7473420387708142625","7633478244750361366","https://p16-common-sign.tiktokcdn-us.com/tos-maliva-avt-0068/aa83bdb5041f32fe2d7a076fb9c7c737~tplv-tiktokx-cropcenter:100:100.jpg?dr=9640&refresh_token=06329026&x-expires=1778400000&x-signature=zO7mXXa4U8xIhDm6plrHJqjtugY%3D&t=4d5b0474&ps=13740610&shp=30310797&shcp=ff37627b&idc=useast5"
"Some ppl just ain’t funny","3","0","2026-04-27T14:11:24.000Z","miketheartist1","https://www.tiktok.com/@user6611908121759/video/7612233575705955597","6845019382935094278","7633441251245572894","https://p19-common-sign.tiktokcdn-us.com/tos-useast8-avt-0068-tx2/c66774ae229dc67dd18b31d2ff1c72f1~tplv-tiktokx-cropcenter:100:100.jpg?dr=9640&refresh_token=182b8b99&x-expires=1778400000&x-signature=CLwGwJ5qw8pG5P%2FSwLdpTj73EZQ%3D&t=4d5b0474&ps=13740610&shp=30310797&shcp=ff37627b&idc=useast5"
"this is fabulous 😂😂😂","3","0","2026-04-27T11:41:15.000Z","star_elizabeth_marie","https://www.tiktok.com/@user6611908121759/video/7612233575705955597","7305871836180120609","7633402626986459926","https://p16-common-sign.tiktokcdn-us.com/tos-maliva-avt-0068/ce1205c5f63016736bd31c046b130835~tplv-tiktokx-cropcenter:100:100.jpg?dr=9640&refresh_token=d5536324&x-expires=1778400000&x-signature=ZkmypeGF4UugnKSVL%2FbIImmBwFg%3D&t=4d5b0474&ps=13740610&shp=30310797&shcp=ff37627b&idc=useast5"
"[Sticker] Who deed dis?!","3","0","2026-04-26T23:12:05.000Z","h0wsmyf0rm_ttv","https://www.tiktok.com/@user6611908121759/video/7612233575705955597","6811164717508428806","7633209543497302798","https://p16-common-sign.tiktokcdn-us.com/tos-useast5-avt-0068-tx/7350384324560027690~tplv-tiktokx-cropcenter:100:100.jpg?dr=9640&refresh_token=cec46e66&x-expires=1778400000&x-signature=cIpKls1uIG2GrOsu8PYWaFUqI2o%3D&t=4d5b0474&ps=13740610&shp=30310797&shcp=ff37627b&idc=useast5"
"playing those games someone gonna get fired","3","0","2026-04-26T19:25:10.000Z","jm994776","https://www.tiktok.com/@user6611908121759/video/7612233575705955597","7031676521982985221","7633151063903077133","https://p19-common-sign.tiktokcdn-us.com/tos-useast5-avt-0068-tx/dd65ea6105859bc1af6e7b7738400225~tplv-tiktokx-cropcenter:100:100.jpg?dr=9640&refresh_token=56d09132&x-expires=1778400000&x-signature=xbXvwZYSt7blumDI8GhaEWrWFxg%3D&t=4d5b0474&ps=13740610&shp=30310797&shcp=ff37627b&idc=useast5"
"no sense","3","0","2026-04-26T18:57:37.000Z","tottinoemii","https://www.tiktok.com/@user6611908121759/video/7612233575705955597","219494631233990656","7633144055062168342","https://p16-common-sign.tiktokcdn-us.com/tos-maliva-avt-0068/5dd6c68c85888b41f98e00b18f9f4ca8~tplv-tiktokx-cropcenter:100:100.jpg?dr=9640&refresh_token=6e45a54b&x-expires=1778400000&x-signature=7JLepLmonOuModMmJFqrlCh%2B2Xs%3D&t=4d5b0474&ps=13740610&shp=30310797&shcp=ff37627b&idc=useast5"
"ts can get someone fired btw","3","0","2026-04-26T09:45:44.000Z","basmah.a53","https://www.tiktok.com/@user6611908121759/video/7612233575705955597","7494019309484835872","7633001813369979670","https://p16-common-sign.tiktokcdn-us.com/tos-maliva-avt-0068/e283661acf8c630460cc6751daa043ef~tplv-tiktokx-cropcenter:100:100.jpg?dr=9640&refresh_token=b920dc57&x-expires=1778400000&x-signature=zsbtdNzNsTD3UOLtFGYJAeEoA1U%3D&t=4d5b0474&ps=13740610&shp=30310797&shcp=ff37627b&idc=useast5"
"@￴ ￴￴ @Anonymous","3","1","2026-04-26T01:47:52.000Z","thats._me777","https://www.tiktok.com/@user6611908121759/video/7612233575705955597","7351991022199964714","7632878548718813965","https://p16-common-sign.tiktokcdn-us.com/tos-useast5-avt-0068-tx/31cb3e18e8df03d22c82690b306410aa~tplv-tiktokx-cropcenter:100:100.jpg?dr=9640&refresh_token=1cdcbab2&x-expires=1778400000&x-signature=ogcMJ1UzrOA%2BsbjwE9Yw7luVTd8%3D&t=4d5b0474&ps=13740610&shp=30310797&shcp=ff37627b&idc=useast5"
"Mira el podcast de gusgri y verás porque siempre funciona","3","0","2026-04-25T15:35:25.000Z","gxmez805","https://www.tiktok.com/@user6611908121759/video/7612233575705955597","7631984000366003214","7632720775014859533","https://p19-common-sign.tiktokcdn-us.com/tos-useast5-avt-0068-tx/e2362b03aa035215252906274b70d1bf~tplv-tiktokx-cropcenter:100:100.jpg?dr=9640&refresh_token=e67eb359&x-expires=1778400000&x-signature=nODcuVoZ7bhfVMI%2FXfs2YC07bT0%3D&t=4d5b0474&ps=13740610&shp=30310797&shcp=ff37627b&idc=useast5"
"Gracias por hacerlo en favor a los delivery que lo ponen a esperar mucho con la orden lista 😂😂","3","1","2026-04-24T23:46:49.000Z","manuellopezrdd","https://www.tiktok.com/@user6611908121759/video/7612233575705955597","7177783044468982830","7632476365288129311","https://p19-common-sign.tiktokcdn-us.com/tos-useast8-avt-0068-tx2/7d677275b5f7ad3381bad40474a5b588~tplv-tiktokx-cropcenter:100:100.jpg?dr=9640&refresh_token=19aba828&x-expires=1778400000&x-signature=BX%2F8%2FPdMSaaZk92YgsKhgiJ7sxg%3D&t=4d5b0474&ps=13740610&shp=30310797&shcp=ff37627b&idc=useast5"
"c quoi le but","3","0","2026-04-24T14:19:35.000Z","user1760802821070","https://www.tiktok.com/@user6611908121759/video/7612233575705955597","6806591653160567813","7632330171807679254","https://p19-common-sign.tiktokcdn-us.com/tos-maliva-avt-0068/7336190766760820742~tplv-tiktokx-cropcenter:100:100.jpg?dr=9640&refresh_token=7d979632&x-expires=1778400000&x-signature=droO0gKRZM03bQhweAR24RdH6ro%3D&t=4d5b0474&ps=13740610&shp=30310797&shcp=ff37627b&idc=useast5"
"Lmfao I was dead at this part","3","0","2026-04-24T04:34:27.000Z","karaokewithg","https://www.tiktok.com/@user6611908121759/video/7612233575705955597","7475882721442989098","7632179388787999518","https://p19-common-sign.tiktokcdn-us.com/tos-useast8-avt-0068-tx2/5c65c3021c1a32bac2699b5f7bd45f83~tplv-tiktokx-cropcenter:100:100.jpg?dr=9640&refresh_token=a9f07ee1&x-expires=1778400000&x-signature=%2BOV%2BbeoD3tHsqweCd16rmSXkGWc%3D&t=4d5b0474&ps=13740610&shp=30310797&shcp=ff37627b&idc=useast5"
"😂😂😂😂😂😂😂😂Not funny","3","0","2026-04-24T03:02:34.000Z","d_nice369","https://www.tiktok.com/@user6611908121759/video/7612233575705955597","6839403564038194181","7632155665017242382","https://p16-common-sign.tiktokcdn-us.com/tos-useast5-avt-0068-tx/c8d61c65d2e544090e7f792ebc1518ae~tplv-tiktokx-cropcenter:100:100.jpg?dr=9640&refresh_token=d128757d&x-expires=1778400000&x-signature=Io6bZj7p3UmhNXXpAXkTU2sQiow%3D&t=4d5b0474&ps=13740610&shp=30310797&shcp=ff37627b&idc=useast5"
"Who has time to actually do this?","3","1","2026-04-24T02:32:59.000Z","big_ed27","https://www.tiktok.com/@user6611908121759/video/7612233575705955597","6771111385034146822","7632148080901309198","https://p16-common-sign.tiktokcdn-us.com/tos-useast5-avt-0068-tx/c2e4d60e217c0ff440f8ad30111df567~tplv-tiktokx-cropcenter:100:100.jpg?dr=9640&refresh_token=e982a387&x-expires=1778400000&x-signature=xpM03OE0XCIdkeaH080chpd3hHw%3D&t=4d5b0474&ps=13740610&shp=30310797&shcp=ff37627b&idc=useast5"
"Gar nicht lustig","3","1","2026-04-24T02:11:58.000Z","laith57339","https://www.tiktok.com/@user6611908121759/video/7612233575705955597","7453526584617960480","7632142238625645344","https://p16-common-sign.tiktokcdn-us.com/tos-maliva-avt-0068/b5c0c051ba1295fde4e9c7ccbd31ff1c~tplv-tiktokx-cropcenter:100:100.jpg?dr=9640&refresh_token=1a2bec3e&x-expires=1778400000&x-signature=0mP8ML3yLut%2F0iZhnr2a6Qi3pCg%3D&t=4d5b0474&ps=13740610&shp=30310797&shcp=ff37627b&idc=useast5"
"I’m dying","3","0","2026-04-23T17:43:04.000Z","natachadmcd","https://www.tiktok.com/@user6611908121759/video/7612233575705955597","6791358578704909317","7632011575260300054","https://p19-common-sign.tiktokcdn-us.com/tos-maliva-avt-0068/fc31caf33791a8bbc439f4be654a820f~tplv-tiktokx-cropcenter:100:100.jpg?dr=9640&refresh_token=4235a33c&x-expires=1778400000&x-signature=ooDKfg8kLuaCdME8srJXY%2BrUQiM%3D&t=4d5b0474&ps=13740610&shp=30310797&shcp=ff37627b&idc=useast5"
"So food waste got it 🙃","3","0","2026-04-23T13:30:36.000Z","jessicahines23","https://www.tiktok.com/@user6611908121759/video/7612233575705955597","7178646412031951918","7631946292273545997","https://p16-common-sign.tiktokcdn-us.com/tos-useast5-avt-0068-tx/cc21611de8431a9345a79f3721c5cf29~tplv-tiktokx-cropcenter:100:100.jpg?dr=9640&refresh_token=d4b8d4e5&x-expires=1778400000&x-signature=J%2FV3D7SnRjeIdW1ghZAF%2BAwhkgM%3D&t=4d5b0474&ps=13740610&shp=30310797&shcp=ff37627b&idc=useast5"
"😂😂😂 You play to much","3","0","2026-04-23T04:43:29.000Z","kishamorrison6","https://www.tiktok.com/@user6611908121759/video/7612233575705955597","7363133136933045279","7631810619850883871","https://p16-common-sign.tiktokcdn-us.com/tos-useast8-avt-0068-tx2/295b8af4d96aceed1d1fd5ee10181c92~tplv-tiktokx-cropcenter:100:100.jpg?dr=9640&refresh_token=ece99dd2&x-expires=1778400000&x-signature=l4lmSMn%2BOAjYrkVT%2BnY1nBlNcK4%3D&t=4d5b0474&ps=13740610&shp=30310797&shcp=ff37627b&idc=useast5"
"😂😂😂😂😂😂Omg Soo funny","3","0","2026-04-22T23:02:59.000Z","la.demente23","https://www.tiktok.com/@user6611908121759/video/7612233575705955597","7281667685389173803","7631722856725398303","https://p19-common-sign.tiktokcdn-us.com/tos-useast8-avt-0068-tx2/2fd571c89bed4c40e2bbb86b56e2a24e~tplv-tiktokx-cropcenter:100:100.jpg?dr=9640&refresh_token=f01b3ae5&x-expires=1778400000&x-signature=i7tlXZ0WbRk1UaACBISXgqLxEuc%3D&t=4d5b0474&ps=13740610&shp=30310797&shcp=ff37627b&idc=useast5"
"Para que?","3","0","2026-04-22T17:45:26.000Z","bruna.laurador","https://www.tiktok.com/@user6611908121759/video/7612233575705955597","7384583925408597024","7631641119784747808","https://p16-common-sign.tiktokcdn-us.com/tos-maliva-avt-0068/f39a599118b7ac3f9299f2848b5eeda4~tplv-tiktokx-cropcenter:100:100.jpg?dr=9640&refresh_token=ae33b887&x-expires=1778400000&x-signature=mvn6V%2FSM%2BjlvLXK62b%2Bh7g3DJsk%3D&t=4d5b0474&ps=13740610&shp=30310797&shcp=ff37627b&idc=useast5"
"Donde está la gracia?","3","0","2026-04-22T16:25:22.000Z","cg82352","https://www.tiktok.com/@user6611908121759/video/7612233575705955597","7543367896370873377","7631620468570833686","https://p19-common-sign.tiktokcdn-us.com/musically-maliva-obj/1594805258216454~tplv-tiktokx-cropcenter:100:100.jpg?dr=9640&refresh_token=51e560f8&x-expires=1778400000&x-signature=tJGsdUWlA4X1LwIuLKg2wzgEJLg%3D&t=4d5b0474&ps=13740610&shp=30310797&shcp=ff37627b&idc=useast5"
"I hate this","3","0","2026-04-22T12:07:08.000Z","giacomorasp1","https://www.tiktok.com/@user6611908121759/video/7612233575705955597","7519772831937823766","7631553882285048598","https://p19-common-sign.tiktokcdn-us.com/musically-maliva-obj/1594805258216454~tplv-tiktokx-cropcenter:100:100.jpg?dr=9640&refresh_token=51e560f8&x-expires=1778400000&x-signature=tJGsdUWlA4X1LwIuLKg2wzgEJLg%3D&t=4d5b0474&ps=13740610&shp=30310797&shcp=ff37627b&idc=useast5"
"messing with people jobs man 😝","3","0","2026-04-22T08:48:03.000Z","est.584","https://www.tiktok.com/@user6611908121759/video/7612233575705955597","7454857789723214890","7631502242386297631","https://p19-common-sign.tiktokcdn-us.com/tos-useast8-avt-0068-tx2/99b96cb263200c69fe5d25fc00a44498~tplv-tiktokx-cropcenter:100:100.jpg?dr=9640&refresh_token=ca2b9ccd&x-expires=1778400000&x-signature=DL5uoX5ZfvGiCNTPCPruis7yPhc%3D&t=4d5b0474&ps=13740610&shp=30310797&shcp=ff37627b&idc=useast5"
"Why do I find this so funny","3","0","2026-04-21T17:50:12.000Z","lmariee.xx","https://www.tiktok.com/@user6611908121759/video/7612233575705955597","7252325622784328730","7631271237273092886","https://p19-common-sign.tiktokcdn-us.com/tos-maliva-avt-0068/6b0f471980bf1267006b3c1731462a4e~tplv-tiktokx-cropcenter:100:100.jpg?dr=9640&refresh_token=8a31b88e&x-expires=1778400000&x-signature=zabhKBYNthqvVOe9MEADQr3jhFw%3D&t=4d5b0474&ps=13740610&shp=30310797&shcp=ff37627b&idc=useast5"
"quando la mattina ti svegli e non ai un cazzzz da fare","3","0","2026-04-21T14:29:41.000Z","spiderman52449","https://www.tiktok.com/@user6611908121759/video/7612233575705955597","7181487585537164294","7631219559706493718","https://p19-common-sign.tiktokcdn-us.com/tos-maliva-avt-0068/d6ba02dd7234155248f24fc581482ef8~tplv-tiktokx-cropcenter:100:100.jpg?dr=9640&refresh_token=fb8b72d5&x-expires=1778400000&x-signature=CRr8UKwZ4i6Vq8E0IohaMW2Un98%3D&t=4d5b0474&ps=13740610&shp=30310797&shcp=ff37627b&idc=useast5"
"WHO DID IT?!!! 🤣","3","0","2026-03-02T09:49:16.000Z","queenofhell5543","https://www.tiktok.com/@user6611908121759/video/7612233575705955597","6564264404371308550","7612593018487014166","https://p19-common-sign.tiktokcdn-us.com/tos-maliva-avt-0068/38966904555a75c6daed1a026dc5532b~tplv-tiktokx-cropcenter:100:100.jpg?dr=9640&refresh_token=3e0c9bd5&x-expires=1778400000&x-signature=jCInAPQG8XMH40qqXXXv8gBuREk%3D&t=4d5b0474&ps=13740610&shp=30310797&shcp=ff37627b&idc=useast5"
"What is the reason lol","3","0","2026-03-02T09:37:58.000Z","nettylowc","https://www.tiktok.com/@user6611908121759/video/7612233575705955597","6917744517185815557","7612589768103035662","https://p16-common-sign.tiktokcdn-us.com/tos-useast5-avt-0068-tx/c390cbdc3eefe2e0e876af772a166d0a~tplv-tiktokx-cropcenter:100:100.jpg?dr=9640&refresh_token=618b0764&x-expires=1778400000&x-signature=Uyypz9tWpjmHd%2FvgQ5Jz6qZvNKs%3D&t=4d5b0474&ps=13740610&shp=30310797&shcp=ff37627b&idc=useast5"
"I don't find it funny?","3","0","2026-03-02T09:26:26.000Z","bhe87806","https://www.tiktok.com/@user6611908121759/video/7612233575705955597","7389185803076862993","7612587145413657362","https://p19-common-sign.tiktokcdn-us.com/musically-maliva-obj/1594805258216454~tplv-tiktokx-cropcenter:100:100.jpg?dr=9640&refresh_token=51e560f8&x-expires=1778400000&x-signature=tJGsdUWlA4X1LwIuLKg2wzgEJLg%3D&t=4d5b0474&ps=13740610&shp=30310797&shcp=ff37627b&idc=useast5"
"v finally but there have cameras 📷 in kitchen 🤷🏻‍♂️","3","0","2026-03-02T07:30:34.000Z","chkamboh27","https://www.tiktok.com/@user6611908121759/video/7612233575705955597","6997900320571393030","7612557270790439702","https://p19-common-sign.tiktokcdn-us.com/tos-useast2a-avt-0068-euttp/1813d7b6431470671fbe1c66de5b1f1f~tplv-tiktokx-cropcenter:100:100.jpg?dr=9640&refresh_token=010f60f5&x-expires=1778400000&x-signature=UYaMP0JYXPXeLvjZclzaXAvq%2Bc8%3D&t=4d5b0474&ps=13740610&shp=30310797&shcp=ff37627b&idc=useast5"
"Literally the second girl","3","0","2026-03-02T07:19:05.000Z","idkkkkk_tbhhhhhh","https://www.tiktok.com/@user6611908121759/video/7612233575705955597","7540967536877634568","7612554358526034696","https://p16-common-sign.tiktokcdn-us.com/tos-alisg-avt-0068/5b549cabb14b04fd1f8f93a281121302~tplv-tiktokx-cropcenter:100:100.jpg?dr=9640&refresh_token=ec67fb40&x-expires=1778400000&x-signature=Jtc0mK64r6L%2FYn91%2B3q7cvRyf60%3D&t=4d5b0474&ps=13740610&shp=30310797&shcp=ff37627b&idc=useast5"
"Who did dis 😂😂😂","3","0","2026-03-02T06:35:36.000Z","mxrtin1616","https://www.tiktok.com/@user6611908121759/video/7612233575705955597","7279463656843658248","7612543138735358738","https://p16-common-sign.tiktokcdn-us.com/tos-alisg-avt-0068/e02dd8ecedd953c00c8c2846d25b4ca5~tplv-tiktokx-cropcenter:100:100.jpg?dr=9640&refresh_token=ea842f14&x-expires=1778400000&x-signature=RjEaCGDdK9jD8MkCK0Iom814ljs%3D&t=4d5b0474&ps=13740610&shp=30310797&shcp=ff37627b&idc=useast5"
"He burnt my shake!","3","0","2026-03-02T06:06:33.000Z","__landy","https://www.tiktok.com/@user6611908121759/video/7612233575705955597","6871372350802871301","7612535388905800461","https://p16-common-sign.tiktokcdn-us.com/tos-useast5-avt-0068-tx/d9c2fe18c59ca1e298af03554844dcd8~tplv-tiktokx-cropcenter:100:100.jpg?dr=9640&refresh_token=6d5f36d8&x-expires=1778400000&x-signature=WT5L8uWHFv5nY2dH%2FLfHxACi6Tk%3D&t=4d5b0474&ps=13740610&shp=30310797&shcp=ff37627b&idc=useast5"
"ahahahaahah","3","0","2026-03-02T05:55:34.000Z","onourdeathbed","https://www.tiktok.com/@user6611908121759/video/7612233575705955597","6667372035033989126","7612532719369847582","https://p16-common-sign.tiktokcdn-us.com/tos-maliva-avt-0068/29c72331360c5260bd40f69738cb5cd1~tplv-tiktokx-cropcenter:100:100.jpg?dr=9640&refresh_token=09fc1a9a&x-expires=1778400000&x-signature=gkE%2F3RNu%2B1J4hoBUWp9DFn1CyEc%3D&t=4d5b0474&ps=13740610&shp=30310797&shcp=ff37627b&idc=useast5"
"I’m hollering 🤣🤣🤣🤣","3","0","2026-03-02T05:02:37.000Z","neva_diva386","https://www.tiktok.com/@user6611908121759/video/7612233575705955597","6826270830840087558","7612519015823885087","https://p16-common-sign.tiktokcdn-us.com/tos-useast5-avt-0068-tx/7347713621570355246~tplv-tiktokx-cropcenter:100:100.jpg?dr=9640&refresh_token=7a7d021c&x-expires=1778400000&x-signature=0kt%2F38%2FK8bkbpMVLQ7aLrmMxPDc%3D&t=4d5b0474&ps=13740610&shp=30310797&shcp=ff37627b&idc=useast5"
"Thank you so much sir","3","0","2026-03-02T03:27:36.000Z","500cigaretess","https://www.tiktok.com/@user6611908121759/video/7612233575705955597","6964072178950276101","7612494670417543966","https://p19-common-sign.tiktokcdn-us.com/tos-useast8-avt-0068-tx2/707d840b354b03e0929cfd6b87c4edd0~tplv-tiktokx-cropcenter:100:100.jpg?dr=9640&refresh_token=bb0303cf&x-expires=1778400000&x-signature=uQcVbS%2BVOVmbiema0XZEHVFm4HA%3D&t=4d5b0474&ps=13740610&shp=30310797&shcp=ff37627b&idc=useast8"
"But why tho","3","0","2026-03-02T03:23:32.000Z","tueray1","https://www.tiktok.com/@user6611908121759/video/7612233575705955597","7108185469816456234","7612493610496787214","https://p16-common-sign.tiktokcdn-us.com/musically-maliva-obj/1594805258216454~tplv-tiktokx-cropcenter:100:100.jpg?dr=9640&refresh_token=9d879f78&x-expires=1778400000&x-signature=TPSeNdAH%2FurHgCyQTrlPVP%2BZMd4%3D&t=4d5b0474&ps=13740610&shp=30310797&shcp=ff37627b&idc=useast8"
"Please tell me you let them know it was a joke after!? 😂","3","0","2026-03-02T02:57:12.000Z","neffthing_1","https://www.tiktok.com/@user6611908121759/video/7612233575705955597","6986243002236158981","7612486879669322526","https://p16-common-sign.tiktokcdn-us.com/tos-useast8-avt-0068-tx2/d9d635af26dd7165a3fc352bd8d1ab2b~tplv-tiktokx-cropcenter:100:100.jpg?dr=9640&refresh_token=9bdb2a70&x-expires=1778400000&x-signature=C8p2yQpHYJ4S7%2F4nIUmWMN7pIVU%3D&t=4d5b0474&ps=13740610&shp=30310797&shcp=ff37627b&idc=useast8"
"I’m dead","3","0","2026-03-02T02:56:02.000Z","carson_durkin","https://www.tiktok.com/@user6611908121759/video/7612233575705955597","6707421349860492294","7612486565046027021","https://p19-common-sign.tiktokcdn-us.com/tos-useast5-avt-0068-tx/564d1a0d6d574c64c7758d643dab1c1b~tplv-tiktokx-cropcenter:100:100.jpg?dr=9640&refresh_token=a2a5e41f&x-expires=1778400000&x-signature=l80eeQ1A8Y6f%2BNVDzzTNpnwpgXo%3D&t=4d5b0474&ps=13740610&shp=30310797&shcp=ff37627b&idc=useast8"
"You gain nothing from this but I’m here for it keep up the good work sir 😂","3","0","2026-03-02T02:54:20.000Z","commentsdeya","https://www.tiktok.com/@user6611908121759/video/7612233575705955597","7178970035757712390","7612485775410610966","https://p19-common-sign.tiktokcdn-us.com/tos-maliva-avt-0068/669c37db9d1c8aa4dc312ec5df6b043a~tplv-tiktokx-cropcenter:100:100.jpg?dr=9640&refresh_token=0496c712&x-expires=1778400000&x-signature=P0y80GVfMdQhmMhnxaPC%2FRxT6sg%3D&t=4d5b0474&ps=13740610&shp=30310797&shcp=ff37627b&idc=useast8"
"People do this to get free food 😒","3","0","2026-03-02T02:51:26.000Z","gh0stfc00","https://www.tiktok.com/@user6611908121759/video/7612233575705955597","6556709003811700741","7612485308463186718","https://p19-common-sign.tiktokcdn-us.com/tos-useast8-avt-0068-tx2/296e00379e72aa7aaa64bb673edf0089~tplv-tiktokx-cropcenter:100:100.jpg?dr=9640&refresh_token=3402678c&x-expires=1778400000&x-signature=MqSdUR%2BFiKrVFIqysZHn391Hb6w%3D&t=4d5b0474&ps=13740610&shp=30310797&shcp=ff37627b&idc=useast8"
"That’s just food being wasted… hell nah 🤦‍♂️","3","0","2026-03-02T01:54:05.000Z","king23peter","https://www.tiktok.com/@user6611908121759/video/7612233575705955597","7199419899864024107","7612470501022286606","https://p19-common-sign.tiktokcdn-us.com/tos-useast8-avt-0068-tx2/9064574da59237fb4469e4229a5aab79~tplv-tiktokx-cropcenter:100:100.jpg?dr=9640&refresh_token=4955dd7c&x-expires=1778400000&x-signature=tNoKjIcq1VEu%2BDIXlC8hRQuD7DI%3D&t=4d5b0474&ps=13740610&shp=30310797&shcp=ff37627b&idc=useast8"
"she hella cute 🥰","3","0","2026-03-02T01:24:56.000Z","burgerking.guy.559","https://www.tiktok.com/@user6611908121759/video/7612233575705955597","6897581456441410566","7612463060154876703","https://p16-common-sign.tiktokcdn-us.com/tos-useast8-avt-0068-tx2/4e25d42073b27399edcca995ef0b1919~tplv-tiktokx-cropcenter:100:100.jpg?dr=9640&refresh_token=b7f7faca&x-expires=1778400000&x-signature=XTxn%2B%2Fvhq3%2BQY%2BgdxKv67LpBcno%3D&t=4d5b0474&ps=13740610&shp=30310797&shcp=ff37627b&idc=useast8"
"so funny to cost some innocent person their job...","3","0","2026-03-02T01:15:51.000Z","josh.white6635","https://www.tiktok.com/@user6611908121759/video/7612233575705955597","7405772075527275566","7612460735088378637","https://p16-common-sign.tiktokcdn-us.com/tos-useast5-avt-0068-tx/1b082986e37b451b4300ed1780c2aa31~tplv-tiktokx-cropcenter:100:100.jpg?dr=9640&refresh_token=640e62ad&x-expires=1778400000&x-signature=S51n0SnabHVJWThMawsyZ53vhrI%3D&t=4d5b0474&ps=13740610&shp=30310797&shcp=ff37627b&idc=useast8"
"Y si despidieron a alguien por eso? 🥺","3","1","2026-03-02T01:09:53.000Z","anagarciabel","https://www.tiktok.com/@user6611908121759/video/7612233575705955597","7420679879832159274","7612459132088468254","https://p19-common-sign.tiktokcdn-us.com/tos-useast8-avt-0068-tx2/2a89dc263f6e8194b433a2fa36800d15~tplv-tiktokx-cropcenter:100:100.jpg?dr=9640&refresh_token=75329adf&x-expires=1778400000&x-signature=FkSuybPL24AIG1KplReQBOdbFMo%3D&t=4d5b0474&ps=13740610&shp=30310797&shcp=ff37627b&idc=useast8"
"Dude😂😂😂😂😂I can’t","3","0","2026-03-02T01:08:35.000Z","miss_soleil99gemini","https://www.tiktok.com/@user6611908121759/video/7612233575705955597","6954903716428743686","7612458814441751309","https://p16-common-sign.tiktokcdn-us.com/tos-useast5-avt-0068-tx/b7b2a2812eadce9a636c31c5fbfb621f~tplv-tiktokx-cropcenter:100:100.jpg?dr=9640&refresh_token=bcab63f2&x-expires=1778400000&x-signature=7Wfktw28WNAwAyLFladtnSZq%2F1Q%3D&t=4d5b0474&ps=13740610&shp=30310797&shcp=ff37627b&idc=useast8"
"When I ask for extra mayo the second video is what I meam","3","0","2026-03-02T00:44:34.000Z","a.nettxo","https://www.tiktok.com/@user6611908121759/video/7612233575705955597","8618443","7612452638052516622","https://p19-common-sign.tiktokcdn-us.com/tos-useast8-avt-0068-tx2/4f9aa1f4173c9d42d9831526e6ed148c~tplv-tiktokx-cropcenter:100:100.jpg?dr=9640&refresh_token=ad70e7d7&x-expires=1778400000&x-signature=DVBMjyDsawOnQ2VIjHeQa1qkB7A%3D&t=4d5b0474&ps=13740610&shp=30310797&shcp=ff37627b&idc=useast8"
"Attaboy!!! Keep trolling them dude!","3","0","2026-03-02T00:25:31.000Z","mplynch","https://www.tiktok.com/@user6611908121759/video/7612233575705955597","6934698357177533445","7612447754178757390","https://p19-common-sign.tiktokcdn-us.com/tos-useast5-avt-0068-tx/d9aed8339991a6e59e6b153889ddf574~tplv-tiktokx-cropcenter:100:100.jpg?dr=9640&refresh_token=bf158472&x-expires=1778400000&x-signature=b%2FzH6eXUEPD0nh5mVdWDb3ka4I8%3D&t=4d5b0474&ps=13740610&shp=30310797&shcp=ff37627b&idc=useast8"
"u almost get them in trouble boi🤣","3","0","2026-03-02T00:06:02.000Z","sole.boi","https://www.tiktok.com/@user6611908121759/video/7612233575705955597","7336514393528337450","7612442702329201421","https://p19-common-sign.tiktokcdn-us.com/tos-useast5-avt-0068-tx/18785632a6ca91889c83c3b734a75409~tplv-tiktokx-cropcenter:100:100.jpg?dr=9640&refresh_token=59d4503a&x-expires=1778400000&x-signature=I%2BYk%2FxcNK9fBAhgEoFAt6cAmgws%3D&t=4d5b0474&ps=13740610&shp=30310797&shcp=ff37627b&idc=useast8"
"so we use to play pranks on eachother and one time I ordered a mcchicken to eat on my lunch break but I guess they accidentally sent it out to a customer who also ordered a mcchicken and instead of a chicken patty they put a little chicken nugget inside 😂 i was in the back peacefully eatting my mcchicken when I heard a lady yelling at all of use through the window 😂😂😂😂","3","0","2026-03-02T00:01:46.000Z","murrie_sunshine","https://www.tiktok.com/@user6611908121759/video/7612233575705955597","6762706749767828486","7612441651566723870","https://p16-common-sign.tiktokcdn-us.com/tos-useast5-avt-0068-tx/9395208185f4a682efed79b23585bc3f~tplv-tiktokx-cropcenter:100:100.jpg?dr=9640&refresh_token=94c33443&x-expires=1778400000&x-signature=A%2BfGzE9xuGK7FRCHW8sNLZG4NPc%3D&t=4d5b0474&ps=13740610&shp=30310797&shcp=ff37627b&idc=useast8"
"you know what they forgot to add a extra patty on mine so McDonald's owes me like 1.13$ so keep it up 😂","3","0","2026-03-01T23:42:30.000Z","green_crayawn","https://www.tiktok.com/@user6611908121759/video/7612233575705955597","7357107483817329707","7612436596479492894","https://p16-common-sign.tiktokcdn-us.com/tos-useast8-avt-0068-tx2/db87c131e136e5fcc73e46b82eedda21~tplv-tiktokx-cropcenter:100:100.jpg?dr=9640&refresh_token=8db8eff5&x-expires=1778400000&x-signature=1UyoO0ikVx2Q4vkzbmtOUyQQhfQ%3D&t=4d5b0474&ps=13740610&shp=30310797&shcp=ff37627b&idc=useast8"
"They put extra chemicals 😳😳😳","3","0","2026-03-01T23:39:32.000Z","joeker5591","https://www.tiktok.com/@user6611908121759/video/7612233575705955597","7545484088607065101","7612435874396504863","https://p19-common-sign.tiktokcdn-us.com/tos-useast8-avt-0068-tx2/360cfdddfa26fb9594259cc408770a01~tplv-tiktokx-cropcenter:100:100.jpg?dr=9640&refresh_token=cb958da1&x-expires=1778400000&x-signature=kWGUGtM0%2BBdPPVLVSFKoMu8jwrM%3D&t=4d5b0474&ps=13740610&shp=30310797&shcp=ff37627b&idc=useast8"
"😂😂😂😂😂 Diabolical! Let's not ignore the Dexter theme song!!!😂😂😂😂","3","0","2026-03-01T23:39:02.000Z","fats_bangga","https://www.tiktok.com/@user6611908121759/video/7612233575705955597","7063861739863295023","7612435807684543263","https://p19-common-sign.tiktokcdn-us.com/tos-useast5-avt-0068-tx/7351552431299231787~tplv-tiktokx-cropcenter:100:100.jpg?dr=9640&refresh_token=c2f2b1a6&x-expires=1778400000&x-signature=XKX00rU0P0T1GAU8QFjhwQL%2B1EA%3D&t=4d5b0474&ps=13740610&shp=30310797&shcp=ff37627b&idc=useast8"
"Of course he drives a kia","3","0","2026-03-01T23:16:40.000Z","maverick61915","https://www.tiktok.com/@user6611908121759/video/7612233575705955597","7526503291456373774","7612430006614442765","https://p16-common-sign.tiktokcdn-us.com/tos-useast5-avt-0068-tx/319a558ce8f6a27a225655f33cda4b14~tplv-tiktokx-cropcenter:100:100.jpg?dr=9640&refresh_token=61ee29e8&x-expires=1778400000&x-signature=3ZYU%2FpCWECG3VDsegwpImTH2iH8%3D&t=4d5b0474&ps=13740610&shp=30310797&shcp=ff37627b&idc=useast8"
"girl with red head is me when my teacher let someone slide but if it was me my mama getting called","3","0","2026-03-01T22:57:20.000Z","jscore5","https://www.tiktok.com/@user6611908121759/video/7612233575705955597","7592802398859723790","7612425040794501919","https://p19-common-sign.tiktokcdn-us.com/tos-useast8-avt-0068-tx2/7c1d321c1435efd94518ea6181df8bec~tplv-tiktokx-cropcenter:100:100.jpg?dr=9640&refresh_token=68419acb&x-expires=1778400000&x-signature=KzlYN1a0BHyQiWDSI24BB0v250M%3D&t=4d5b0474&ps=13740610&shp=30310797&shcp=ff37627b&idc=useast8"
"lol im cryingggg.","3","0","2026-03-01T22:26:39.000Z","zazal3naaa","https://www.tiktok.com/@user6611908121759/video/7612233575705955597","7148206560084263982","7612417097389310733","https://p16-common-sign.tiktokcdn-us.com/tos-useast5-avt-0068-tx/21f97e00ae061167fd1f93243d34b7fe~tplv-tiktokx-cropcenter:100:100.jpg?dr=9640&refresh_token=3c4928e8&x-expires=1778400000&x-signature=UxC5FN55yyonXmMUzSMjlxrhc4A%3D&t=4d5b0474&ps=13740610&shp=30310797&shcp=ff37627b&idc=useast8"
"“Gave you a whole salad on dat thang”","3","0","2026-03-01T21:03:43.000Z","ktyoloo","https://www.tiktok.com/@user6611908121759/video/7612233575705955597","6924825926770836486","7612395720847033101","https://p19-common-sign.tiktokcdn-us.com/tos-useast8-avt-0068-tx2/e732adc335f5b11238900f2eda6edc58~tplv-tiktokx-cropcenter:100:100.jpg?dr=9640&refresh_token=afca52e2&x-expires=1778400000&x-signature=kO0%2BlN8BOWDcepSp6VHK9Qub180%3D&t=4d5b0474&ps=13740610&shp=30310797&shcp=ff37627b&idc=useast8"
"Bro out here creating Jobs","3","0","2026-03-01T21:10:47.000Z","deadghost0911","https://www.tiktok.com/@user6611908121759/video/7612233575705955597","7308567231405933610","7612397542047286046","https://p16-common-sign.tiktokcdn-us.com/tos-useast8-avt-0068-tx2/ad77c8e38d5d5ba626749bfb5547ea13~tplv-tiktokx-cropcenter:100:100.jpg?dr=9640&refresh_token=61ecb819&x-expires=1778400000&x-signature=qvIKiZkeUF7D50K1%2FZXz7jNsuE0%3D&t=4d5b0474&ps=13740610&shp=30310797&shcp=ff37627b&idc=useast5"
"Great content!!!","3","0","2026-03-01T18:54:50.000Z","timchildress34","https://www.tiktok.com/@user6611908121759/video/7612233575705955597","6993860317717742597","7612362495592825630","https://p16-common-sign.tiktokcdn-us.com/tos-useast8-avt-0068-tx2/9108a8a255499c6b97bcf2dc3ca304f6~tplv-tiktokx-cropcenter:100:100.jpg?dr=9640&refresh_token=438dc247&x-expires=1778400000&x-signature=JLUCKqvIM%2FsA%2FmKHj14WfxfmoAo%3D&t=4d5b0474&ps=13740610&shp=30310797&shcp=ff37627b&idc=useast5"
"faaaaaaah","2","0","2026-05-04T14:34:08.000Z","brainforce10x","https://www.tiktok.com/@user6611908121759/video/7612233575705955597","7635786665948201997","7636044645759632141","https://p16-common-sign.tiktokcdn-us.com/tos-useast5-avt-0068-tx/b54edc71e4ed3d59a96f35538756b075~tplv-tiktokx-cropcenter:100:100.jpg?dr=9640&refresh_token=cf7030f6&x-expires=1778400000&x-signature=zSpuRIbZWcyeYrqn2L41LnKJihM%3D&t=4d5b0474&ps=13740610&shp=30310797&shcp=ff37627b&idc=useast5"
"Working at McDonald’s we did this with pickles once and it went to our manager 😅","2","0","2026-05-04T01:43:17.000Z","nikwilkinson","https://www.tiktok.com/@user6611908121759/video/7612233575705955597","7634756922931430414","7635846196489143054","https://lh3.googleusercontent.com/a/ACg8ocKPV_YYmrOjhUEkptpJFTlOZpc9Kl0sd-Sh1I5RXsYz42BIGA=s300-c"
"Getting people fired for no reason","2","0","2026-05-01T21:15:20.000Z","jarrad.harris2","https://www.tiktok.com/@user6611908121759/video/7612233575705955597","7634789206287500301","7635034921807381262","https://p16-amd-va.tiktokcdn.com/img/user-avatar-musically/5bfe290a65f95ffdbf066f13597f5577~120x256.image"
"oh bro that's super funny getting people fire maybe having a bad day what a good prank 😞","2","0","2026-04-30T00:21:07.000Z","paulmitchell148","https://www.tiktok.com/@user6611908121759/video/7612233575705955597","6855882983155041285","7634340641497891597","https://p19-common-sign.tiktokcdn-us.com/tos-maliva-avt-0068/7323981160629927941~tplv-tiktokx-cropcenter:100:100.jpg?dr=9640&refresh_token=27f35fcd&x-expires=1778400000&x-signature=zAVyFtUGkpUOphGDHqXhtm1AWJc%3D&t=4d5b0474&ps=13740610&shp=30310797&shcp=ff37627b&idc=useast5"
"This is ridiculous and sad","2","0","2026-04-29T18:12:46.000Z","pressure.harmon","https://www.tiktok.com/@user6611908121759/video/7612233575705955597","7353017676912362538","7634245635939877646","https://p16-common-sign.tiktokcdn-us.com/tos-useast5-avt-0068-tx/7353017911050993707~tplv-tiktokx-cropcenter:100:100.jpg?dr=9640&refresh_token=e995e2d8&x-expires=1778400000&x-signature=YB4nnQ2HwQUDqKp1ydTwNVuROhQ%3D&t=4d5b0474&ps=13740610&shp=30310797&shcp=ff37627b&idc=useast5"
"Not funny","2","0","2026-04-29T15:56:15.000Z","og7777777","https://www.tiktok.com/@user6611908121759/video/7612233575705955597","6814873940427768838","7634210572217385751","https://p19-common-sign.tiktokcdn-us.com/tos-maliva-avt-0068/7323995393339342854~tplv-tiktokx-cropcenter:100:100.jpg?dr=9640&refresh_token=764becaa&x-expires=1778400000&x-signature=XN3OnXU2kkz5vY5xp0%2B9talPia0%3D&t=4d5b0474&ps=13740610&shp=30310797&shcp=ff37627b&idc=useast5"
"[Sticker] La chica","2","0","2026-04-29T15:23:54.000Z","itzjorge11","https://www.tiktok.com/@user6611908121759/video/7612233575705955597","7410940472854725675","7634202051891626783","https://p19-common-sign.tiktokcdn-us.com/tos-useast8-avt-0068-tx2/546684afc3ca1c2fe344fce0b6ffa18a~tplv-tiktokx-cropcenter:100:100.jpg?dr=9640&refresh_token=2b8be45b&x-expires=1778400000&x-signature=VaNJpormoj1dA1aqakBwbPVT0b8%3D&t=4d5b0474&ps=13740610&shp=30310797&shcp=ff37627b&idc=useast5"
"Eso no es gracioso saben lo estresante que es trabajar en un restaurante y luego para que le den warning al cocinero o lo despidan","2","1","2026-04-29T13:22:15.000Z","baizon666","https://www.tiktok.com/@user6611908121759/video/7612233575705955597","7445876359127270443","7634170659808117518","https://p16-common-sign.tiktokcdn-us.com/tos-useast5-avt-0068-tx/dda1a1f404aabf6c6ef7ad3f7b953103~tplv-tiktokx-cropcenter:100:100.jpg?dr=9640&refresh_token=be1388b9&x-expires=1778400000&x-signature=En6wxv%2FWFCBP4pxvRjYzj0SbRBU%3D&t=4d5b0474&ps=13740610&shp=30310797&shcp=ff37627b&idc=useast5"
"Ganz ehrlich Leute hört auf euch mit essen zu spielen es gibt jeden tag leite die nicht wissen wie sie sich etwas zu essen leisten sollen !","2","0","2026-04-29T11:30:52.000Z","xmrskalashx","https://www.tiktok.com/@user6611908121759/video/7612233575705955597","7210466142740268037","7634142171653866262","https://p16-common-sign.tiktokcdn-us.com/tos-maliva-avt-0068/df25943f35b97ed22f29a46a1278a5ae~tplv-tiktokx-cropcenter:100:100.jpg?dr=9640&refresh_token=cbc79a77&x-expires=1778400000&x-signature=xmjX9F5A6NvKqFibNZ4N8IPEbE0%3D&t=4d5b0474&ps=13740610&shp=30310797&shcp=ff37627b&idc=useast5"
"You gon get us fired mahn 😭😭","2","0","2026-04-29T09:13:23.000Z","burn.xen","https://www.tiktok.com/@user6611908121759/video/7612233575705955597","7362197750354658309","7634106733921436436","https://p16-common-sign.tiktokcdn-us.com/tos-maliva-avt-0068/2dc8981baa7c105aeb9bfb01e3ae203f~tplv-tiktokx-cropcenter:100:100.jpg?dr=9640&refresh_token=e0cec11e&x-expires=1778400000&x-signature=3y366nDkaHIYMkFlci%2FmHtkc6YM%3D&t=4d5b0474&ps=13740610&shp=30310797&shcp=ff37627b&idc=useast5"
"omg Im laughing like crazy ,🤭 this video made my damn day😂😂😂","2","0","2026-04-29T04:00:25.000Z","meanie671","https://www.tiktok.com/@user6611908121759/video/7612233575705955597","7518983869875160077","7634026020983800607","https://p16-common-sign.tiktokcdn-us.com/tos-useast5-avt-0068-tx/c649b220b6a7045e2ca723bf3197dfe5~tplv-tiktokx-cropcenter:100:100.jpg?dr=9640&refresh_token=86dff362&x-expires=1778400000&x-signature=GKXXE%2BWOzfehS7j9ZWO4v15Gb7k%3D&t=4d5b0474&ps=13740610&shp=30310797&shcp=ff37627b&idc=useast5"
"@Vex @JJ✝️✝️✝️✅ @PaizleyGrace","2","0","2026-04-29T01:35:10.000Z","bryongunnell","https://www.tiktok.com/@user6611908121759/video/7612233575705955597","6577693139968376838","7633988635768193823","https://p19-common-sign.tiktokcdn-us.com/tos-useast8-avt-0068-tx2/49cb820afb994dba4b520d13744cd81b~tplv-tiktokx-cropcenter:100:100.jpg?dr=9640&refresh_token=2afb7675&x-expires=1778400000&x-signature=SjyAPnS4slDWu96zuN1ee1hHH18%3D&t=4d5b0474&ps=13740610&shp=30310797&shcp=ff37627b&idc=useast5"
"Kia owner shenanigans. I know. I'm one.","2","0","2026-04-28T20:26:40.000Z","eyey1073","https://www.tiktok.com/@user6611908121759/video/7612233575705955597","7440182250081616928","7633909173088338710","https://p16-common-sign.tiktokcdn-us.com/tos-maliva-avt-0068/5f6b1a26a937183f734373b1a0938ef4~tplv-tiktokx-cropcenter:100:100.jpg?dr=9640&refresh_token=f08be3d6&x-expires=1778400000&x-signature=Uj3yAAIGIHq6M%2BDGkXXSPpheDEc%3D&t=4d5b0474&ps=13740610&shp=30310797&shcp=ff37627b&idc=useast5"
"those poor cooks getting yelled at for something they didn't do😭","2","0","2026-04-27T10:53:42.000Z","bright_estrella24","https://www.tiktok.com/@user6611908121759/video/7612233575705955597","6957822327561520133","7633389917306405662","https://p16-common-sign.tiktokcdn-us.com/tos-useast5-avt-0068-tx/49ef261cd3772d31ffc3dfe30f676129~tplv-tiktokx-cropcenter:100:100.jpg?dr=9640&refresh_token=1559b162&x-expires=1778400000&x-signature=%2BHaYmbOLp2IGUUCyxI4SQPAaGD0%3D&t=4d5b0474&ps=13740610&shp=30310797&shcp=ff37627b&idc=useast5"
"I’m crying 😭","2","0","2026-04-27T10:07:19.000Z","cl4w.05","https://www.tiktok.com/@user6611908121759/video/7612233575705955597","6861978488104092677","7633378392952210198","https://p19-common-sign.tiktokcdn-us.com/tos-maliva-avt-0068/b8618ed3fdd8cfeb50b0c2e7a3eb7022~tplv-tiktokx-cropcenter:100:100.jpg?dr=9640&refresh_token=61633fc8&x-expires=1778400000&x-signature=4RDYJxnP3F%2BQHFxi1HEQ%2FshGHcQ%3D&t=4d5b0474&ps=13740610&shp=30310797&shcp=ff37627b&idc=useast5"
"Bros getting someone fired lol","2","0","2026-04-27T02:39:27.000Z","alfredortiz1620","https://www.tiktok.com/@user6611908121759/video/7612233575705955597","7153758127816672298","7633262992365437710","https://p19-common-sign.tiktokcdn-us.com/tos-useast5-avt-0068-tx/8ed3f4ddf61090ec640d56bb71cab11b~tplv-tiktokx-cropcenter:100:100.jpg?dr=9640&refresh_token=20dc07cf&x-expires=1778400000&x-signature=8BEhfKFZmIHMi2DBpyOLm3XNb%2BY%3D&t=4d5b0474&ps=13740610&shp=30310797&shcp=ff37627b&idc=useast5"
"New sticker","2","0","2026-04-27T00:51:49.000Z","thkinggg","https://www.tiktok.com/@user6611908121759/video/7612233575705955597","7608349120155812878","7633235207312016142","https://p16-common-sign.tiktokcdn-us.com/tos-useast5-avt-0068-tx/5520310d4cdc2c32e018d21a3cb5bc32~tplv-tiktokx-cropcenter:100:100.jpg?dr=9640&refresh_token=36532cc9&x-expires=1778400000&x-signature=yddSC85Hn%2FbUhaSN4%2FSVX4CVFDw%3D&t=4d5b0474&ps=13740610&shp=30310797&shcp=ff37627b&idc=useast5"
"For that reason we can never put the food inside once it came out!!","2","0","2026-04-26T23:58:38.000Z","lizquelromero","https://www.tiktok.com/@user6611908121759/video/7612233575705955597","6974616831751767046","7633221620492223262","https://p16-common-sign.tiktokcdn-us.com/tos-useast8-avt-0068-tx2/68d5582f7ef29f8383e3683da20fd488~tplv-tiktokx-cropcenter:100:100.jpg?dr=9640&refresh_token=df7eeaed&x-expires=1778400000&x-signature=2xGWyZ2Zw5XvUzjV3SIlwAe1ams%3D&t=4d5b0474&ps=13740610&shp=30310797&shcp=ff37627b&idc=useast5"
"wtf. why would you wanna do that?","2","0","2026-04-26T19:29:38.000Z","florena967","https://www.tiktok.com/@user6611908121759/video/7612233575705955597","7503629767873987607","7633152299083039510","https://p16-common-sign.tiktokcdn-us.com/tos-maliva-avt-0068/3d3ac19ec52d86b4021682d180738c0a~tplv-tiktokx-cropcenter:100:100.jpg?dr=9640&refresh_token=3b0c9c87&x-expires=1778400000&x-signature=lK5N1UrKwncAWyYnCCVWFtd296c%3D&t=4d5b0474&ps=13740610&shp=30310797&shcp=ff37627b&idc=useast5"
"that stud was fine","2","0","2026-04-26T16:48:39.000Z","user2597542902179","https://www.tiktok.com/@user6611908121759/video/7612233575705955597","7624720245697938445","7633107405975159565","https://p19-common-sign.tiktokcdn-us.com/musically-maliva-obj/1594805258216454~tplv-tiktokx-cropcenter:100:100.jpg?dr=9640&refresh_token=51e560f8&x-expires=1778400000&x-signature=tJGsdUWlA4X1LwIuLKg2wzgEJLg%3D&t=4d5b0474&ps=13740610&shp=30310797&shcp=ff37627b&idc=useast5"
"bro U should stop this or people will eat junk food 😂","2","0","2026-04-26T16:21:13.000Z","mkchila","https://www.tiktok.com/@user6611908121759/video/7612233575705955597","7196072336851895301","7633103714673607446","https://p16-common-sign.tiktokcdn-us.com/tos-maliva-avt-0068/a889e3c0be311b840e960a00b0f59cb0~tplv-tiktokx-cropcenter:100:100.jpg?dr=9640&refresh_token=a2871fd2&x-expires=1778400000&x-signature=kzEdJrfLdK%2BTtdgEwcwe%2F%2FBzgoM%3D&t=4d5b0474&ps=13740610&shp=30310797&shcp=ff37627b&idc=useast5"
"Some people have way to much time on there hands","2","0","2026-04-26T09:48:25.000Z","shanlou2323","https://www.tiktok.com/@user6611908121759/video/7612233575705955597","6934327198997791749","7633002506008544022","https://p16-common-sign.tiktokcdn-us.com/tos-maliva-avt-0068/c6ab6328b31afa254f5479a9d363026e~tplv-tiktokx-cropcenter:100:100.jpg?dr=9640&refresh_token=68a53190&x-expires=1778400000&x-signature=zZamn4YBZw2DQyQfXmw5cRe4RE4%3D&t=4d5b0474&ps=13740610&shp=30310797&shcp=ff37627b&idc=useast5"
"How is this working every time bro 😂😂","2","0","2026-04-26T07:56:39.000Z","christiangonzaleez","https://www.tiktok.com/@user6611908121759/video/7612233575705955597","7221236055097148459","7632973436751266591","https://p16-common-sign.tiktokcdn-us.com/tos-useast8-avt-0068-tx2/54a43711f54edc7b94cab43b3177f4e8~tplv-tiktokx-cropcenter:100:100.jpg?dr=9640&refresh_token=b824129f&x-expires=1778400000&x-signature=ag8MJqABRskzaPt1BXXpKDvU0fo%3D&t=4d5b0474&ps=13740610&shp=30310797&shcp=ff37627b&idc=useast5"
"they gave you a whole salad😅","2","0","2026-04-26T03:18:47.000Z","lapaipa730","https://www.tiktok.com/@user6611908121759/video/7612233575705955597","7392781333419197482","7632902109347709710","https://p19-common-sign.tiktokcdn-us.com/musically-maliva-obj/1594805258216454~tplv-tiktokx-cropcenter:100:100.jpg?dr=9640&refresh_token=51e560f8&x-expires=1778400000&x-signature=tJGsdUWlA4X1LwIuLKg2wzgEJLg%3D&t=4d5b0474&ps=13740610&shp=30310797&shcp=ff37627b&idc=useast5"
"noo mames😂","2","0","2026-04-26T01:37:43.000Z","leivadh5","https://www.tiktok.com/@user6611908121759/video/7612233575705955597","7545156258920236046","7632876043284398862","https://p19-common-sign.tiktokcdn-us.com/tos-useast5-avt-0068-tx/3e20b22e4c27fd7257045a078db3aad0~tplv-tiktokx-cropcenter:100:100.jpg?dr=9640&refresh_token=08a54f68&x-expires=1778400000&x-signature=MjEXmnPYy4GTcXubChz23DTtWSo%3D&t=4d5b0474&ps=13740610&shp=30310797&shcp=ff37627b&idc=useast5"
"This is o peak","3","0","2026-03-02T05:01:35.000Z","joey_pv4","https://www.tiktok.com/@user6611908121759/video/7612233575705955597","7605307071591990285","7612518845752263438","https://p19-common-sign.tiktokcdn-us.com/tos-useast5-avt-0068-tx/e46f4d0ad271e865e470596ed53c7090~tplv-tiktokx-cropcenter:100:100.jpg?dr=9640&refresh_token=b3fb690d&x-expires=1778400000&x-signature=t7kxWPVoxDz0IHSkOejZZfa%2BA%2BA%3D&t=4d5b0474&ps=13740610&shp=30310797&shcp=ff37627b&idc=useast8"
"I'm a door","3","0","2026-03-02T04:59:17.000Z","imadoor_in_a_door","https://www.tiktok.com/@user6611908121759/video/7612233575705955597","7098524135189480450","7612518311990117127","https://p19-common-sign.tiktokcdn-us.com/tos-alisg-avt-0068/26c6b02c78ea521db417126c6b1383d0~tplv-tiktokx-cropcenter:100:100.jpg?dr=9640&refresh_token=75380811&x-expires=1778400000&x-signature=Ufo9PqFyTU%2FhcvfVNetA3tnSdSA%3D&t=4d5b0474&ps=13740610&shp=30310797&shcp=ff37627b&idc=useast8"
"#1– you can get someone fired! #2– wasting food! It’s not funny at all. That might be the only job they have to provide for their families","3","0","2026-03-02T04:32:15.000Z","adriana.la.guera","https://www.tiktok.com/@user6611908121759/video/7612233575705955597","6635004539756969989","7612511304145830670","https://p16-common-sign.tiktokcdn-us.com/tos-maliva-avt-0068/e147b003276563768401cf00266036c2~tplv-tiktokx-cropcenter:100:100.jpg?dr=9640&refresh_token=d16b169b&x-expires=1778400000&x-signature=JoOuS2jhx9TaZHkXMOYmnVtp0BM%3D&t=4d5b0474&ps=13740610&shp=30310797&shcp=ff37627b&idc=useast8"
"Thank you so much sir 😂😂😂","3","0","2026-03-02T04:27:09.000Z","bbillz2222","https://www.tiktok.com/@user6611908121759/video/7612233575705955597","7040434265645597701","7612509991345718046","https://p19-common-sign.tiktokcdn-us.com/tos-useast8-avt-0068-tx2/d77f548fdf556da69acc34d43f756279~tplv-tiktokx-cropcenter:100:100.jpg?dr=9640&refresh_token=79fbb51d&x-expires=1778400000&x-signature=hFkkDXrpiDHM2g2YRq5a%2B8Yti1c%3D&t=4d5b0474&ps=13740610&shp=30310797&shcp=ff37627b&idc=useast8"
"nah bro 😆 🤣 😂 😹","3","0","2026-03-02T03:52:47.000Z","ronniekhan280","https://www.tiktok.com/@user6611908121759/video/7612233575705955597","6997604194379809797","7612501196931924754","https://p19-common-sign.tiktokcdn-us.com/tos-maliva-avt-0068/7333548705218068485~tplv-tiktokx-cropcenter:100:100.jpg?dr=9640&refresh_token=4de0c95f&x-expires=1778400000&x-signature=7jCCz9ugYGum6YG%2Bv4j1QCDePbI%3D&t=4d5b0474&ps=13740610&shp=30310797&shcp=ff37627b&idc=useast8"
"Okkk wasting food n inventory","3","0","2026-03-02T03:45:59.000Z","stephxaaniee","https://www.tiktok.com/@user6611908121759/video/7612233575705955597","7042731247571387398","7612499445107852062","https://p16-common-sign.tiktokcdn-us.com/tos-useast8-avt-0068-tx2/239e070758f794a44417ab07bc7e13bd~tplv-tiktokx-cropcenter:100:100.jpg?dr=9640&refresh_token=ed3f8c94&x-expires=1778400000&x-signature=QVlfxuZAhLtp%2BYdio%2BWUDeN%2Fj0U%3D&t=4d5b0474&ps=13740610&shp=30310797&shcp=ff37627b&idc=useast8"
"jajajajja","3","0","2026-03-02T03:43:52.000Z","ortegaluevano1","https://www.tiktok.com/@user6611908121759/video/7612233575705955597","7416850255458042922","7612498854382994190","https://p19-common-sign.tiktokcdn-us.com/tos-useast5-avt-0068-tx/5843c5ab4e22b3bd4849cc1f1c50eb8a~tplv-tiktokx-cropcenter:100:100.jpg?dr=9640&refresh_token=b735e5a6&x-expires=1778400000&x-signature=COprYw1sybsRzJMrEvHWkFHVgcI%3D&t=4d5b0474&ps=13740610&shp=30310797&shcp=ff37627b&idc=useast8"
"Just boredom 😹😹","3","0","2026-03-02T03:36:45.000Z","nolimit.ty4","https://www.tiktok.com/@user6611908121759/video/7612233575705955597","6690299017295053829","7612496996063494943","https://p19-common-sign.tiktokcdn-us.com/tos-useast8-avt-0068-tx2/52d4db6a95a09386ac1754efc53b521a~tplv-tiktokx-cropcenter:100:100.jpg?dr=9640&refresh_token=27114ec1&x-expires=1778400000&x-signature=BD8fKCBCMIEStzD4Ts00twILcdU%3D&t=4d5b0474&ps=13740610&shp=30310797&shcp=ff37627b&idc=useast8"
"Now this is great Content! Thank You!","2","0","2026-04-25T21:04:06.000Z","hugh_jasshole","https://www.tiktok.com/@user6611908121759/video/7612233575705955597","6791601358631666694","7632805412685431583","https://p19-common-sign.tiktokcdn.com/tos-maliva-avt-0068/685d678cae0423d873bf4f3430d2c51b~tplv-tiktokx-cropcenter:100:100.jpg?dr=14579&refresh_token=77274a94&x-expires=1778400000&x-signature=wpGTxIHrAqp5jMFFcF8CScR6O4A%3D&t=4d5b0474&ps=13740610&shp=30310797&shcp=ff37627b&idc=my2"
"Please follow me I’m trying to go live","2","0","2026-04-25T20:02:43.000Z","ricochet657","https://www.tiktok.com/@user6611908121759/video/7612233575705955597","6893520685570835462","7632789710398489375","https://p16-common-sign.tiktokcdn.com/tos-maliva-avt-0068/71ece02bff6f9b7ff6127ad0c3d5882a~tplv-tiktokx-cropcenter:100:100.jpg?dr=14579&refresh_token=c052ed6f&x-expires=1778400000&x-signature=k806fQ5i8W83jGQmm1GlSkSuBEY%3D&t=4d5b0474&ps=13740610&shp=30310797&shcp=ff37627b&idc=my2"
"So kann jemand seine Arbeit verlieren 😔","2","0","2026-04-25T19:48:41.000Z","hamburguesa717","https://www.tiktok.com/@user6611908121759/video/7612233575705955597","7365853853017457697","7632786140088730390","https://p16-common-sign.tiktokcdn.com/tos-useast2a-avt-0068-euttp/499d3d7aa742c46b738ff539f89c536b~tplv-tiktokx-cropcenter:100:100.jpg?dr=14579&refresh_token=e6a004fa&x-expires=1778400000&x-signature=cXb4lq2Q8S1%2BzHPrQVGn4v1IxvI%3D&t=4d5b0474&ps=13740610&shp=30310797&shcp=ff37627b&idc=my2"
"😂😂😂😂","2","0","2026-04-25T15:10:43.000Z","automotivecarsyne","https://www.tiktok.com/@user6611908121759/video/7612233575705955597","6915667039487804422","7632714363594720014","https://p16-common-sign.tiktokcdn.com/tos-maliva-avt-0068/f8e975b9a326eb687dc30c3bce0b7940~tplv-tiktokx-cropcenter:100:100.jpg?dr=14579&refresh_token=d7012b89&x-expires=1778400000&x-signature=OAqn%2FQHg%2F%2Fq9RUDim3wby5p9AJI%3D&t=4d5b0474&ps=13740610&shp=30310797&shcp=ff37627b&idc=my2"
"Lmfao 😂😂","2","0","2026-04-25T12:22:32.000Z","frankiedoolers","https://www.tiktok.com/@user6611908121759/video/7612233575705955597","7344803568495051822","7632670981009670943","https://p16-common-sign.tiktokcdn.com/tos-maliva-avt-0068/7344804191077924906~tplv-tiktokx-cropcenter:100:100.jpg?dr=14579&refresh_token=43c6de3d&x-expires=1778400000&x-signature=dzCTh%2BkT4d5JhGSy5CAXF6224n8%3D&t=4d5b0474&ps=13740610&shp=30310797&shcp=ff37627b&idc=my2"
"Someone gonna get fired 🤣🤣","2","0","2026-04-25T12:20:47.000Z","antonymeranto","https://www.tiktok.com/@user6611908121759/video/7612233575705955597","7214999477530559530","7632670430667096863","https://p16-sign-va.tiktokcdn.com/tos-maliva-avt-0068/758c4cf88e135c7258748978e36e35e3~tplv-tiktokx-cropcenter:100:100.jpg?dr=14579&refresh_token=01433051&x-expires=1778400000&x-signature=bxUU5uWd67LJbO4%2BDLnN1vXNoOk%3D&t=4d5b0474&ps=13740610&shp=30310797&shcp=ff37627b&idc=my2"
"Omgg the manager from the second store was my manager 😭😭😂","2","0","2026-04-25T02:26:23.000Z","doris10trejo","https://www.tiktok.com/@user6611908121759/video/7612233575705955597","6780896658935989253","7632517446210323214","https://p16-common-sign.tiktokcdn.com/tos-maliva-avt-0068/bf70251661e2ec80e906e1dddbfd0f06~tplv-tiktokx-cropcenter:100:100.jpg?dr=14579&refresh_token=69e6e35d&x-expires=1778400000&x-signature=RB8Q8NZaT9tQ4hskU9dwySPSia0%3D&t=4d5b0474&ps=13740610&shp=30310797&shcp=ff37627b&idc=my2"
"wtf im going to show them this video I legit got fired for this bs like bro wth","2","0","2026-04-24T21:46:27.000Z","babynuggie_27","https://www.tiktok.com/@user6611908121759/video/7612233575705955597","6821401561198773253","7632445303962190606","https://p19-common-sign.tiktokcdn.com/tos-maliva-avt-0068/7351584208453959723~tplv-tiktokx-cropcenter:100:100.jpg?dr=14579&refresh_token=c8b2bf1a&x-expires=1778400000&x-signature=gwkLgRX0hI0dcDMDIJeEguOFF3A%3D&t=4d5b0474&ps=13740610&shp=30310797&shcp=ff37627b&idc=my2"
"The Duping Delight you know 😏","2","0","2026-04-24T21:38:58.000Z","renrazivelle","https://www.tiktok.com/@user6611908121759/video/7612233575705955597","7632229427916620813","7632443354660520718","https://p16-common-sign.tiktokcdn.com/tos-maliva-avt-0068/35cf5b1fa06d39a10ca9f89062d48898~tplv-tiktokx-cropcenter:100:100.jpg?dr=14579&refresh_token=646a8e9f&x-expires=1778400000&x-signature=0pmx7IVg1cy1435b6MFXCebVHLQ%3D&t=4d5b0474&ps=13740610&shp=30310797&shcp=ff37627b&idc=my2"
"quanto cibo sprecato","2","0","2026-04-24T20:29:30.000Z","tvtb121","https://www.tiktok.com/@user6611908121759/video/7612233575705955597","7615740767453283350","7632425545393734422","https://p16-common-sign.tiktokcdn.com/tos-maliva-avt-0068/15536eea8512971c1f894cb5b928514c~tplv-tiktokx-cropcenter:100:100.jpg?dr=14579&refresh_token=a0f411b0&x-expires=1778400000&x-signature=ENgOY4SgloPTULGYiUjz3FGZSV4%3D&t=4d5b0474&ps=13740610&shp=30310797&shcp=ff37627b&idc=my2"
"You need to stop","2","0","2026-04-24T19:40:39.000Z","kramchristopherhost","https://www.tiktok.com/@user6611908121759/video/7612233575705955597","6800368666757432325","7632412975311897366","https://p16-common-sign.tiktokcdn.com/tos-maliva-avt-0068/2c0557baf87273f9a799e66b864cf136~tplv-tiktokx-cropcenter:100:100.jpg?dr=14579&refresh_token=1885b6a5&x-expires=1778400000&x-signature=d49scswwbJSCHPcB05lCWEBewHE%3D&t=4d5b0474&ps=13740610&shp=30310797&shcp=ff37627b&idc=my2"
"Bro getting people fired 😂🤣","2","0","2026-04-24T18:12:22.000Z","wilsonmx94","https://www.tiktok.com/@user6611908121759/video/7612233575705955597","6811096720903848966","7632390233459573526","https://p16-common-sign.tiktokcdn.com/tos-maliva-avt-0068/aff069ef568b0846fc0967ff48494efd~tplv-tiktokx-cropcenter:100:100.jpg?dr=14579&refresh_token=25de61a5&x-expires=1778400000&x-signature=q9ShN%2BSooRqguu9WPcfSWmez6N8%3D&t=4d5b0474&ps=13740610&shp=30310797&shcp=ff37627b&idc=my2"
"too funny 😂😂😂😂😂😂","2","0","2026-04-24T18:06:54.000Z","mickbongo29","https://www.tiktok.com/@user6611908121759/video/7612233575705955597","6818937471617205254","7632388805203952406","https://p16-common-sign.tiktokcdn.com/tos-maliva-avt-0068/3ba64f5fa5a0409e460b88d754d44123~tplv-tiktokx-cropcenter:100:100.jpg?dr=14579&refresh_token=09227ef7&x-expires=1778400000&x-signature=JOBzTfZ0iFFe%2BvA8hbXNzc%2FEVsY%3D&t=4d5b0474&ps=13740610&shp=30310797&shcp=ff37627b&idc=my2"
"să faci rău este ff ușor","2","0","2026-04-24T17:45:29.000Z","kristianarebenciuc","https://www.tiktok.com/@user6611908121759/video/7612233575705955597","6699702141243982854","7632383301885903649","https://p16-common-sign.tiktokcdn.com/tos-useast2a-avt-0068-euttp/dacaebc817800361e6496538b938a6e9~tplv-tiktokx-cropcenter:100:100.jpg?dr=14579&refresh_token=8f066d54&x-expires=1778400000&x-signature=6c35ctup89KtHEztmX7Ngf5%2BReI%3D&t=4d5b0474&ps=13740610&shp=30310797&shcp=ff37627b&idc=my2"
"molto tempo libero","2","0","2026-04-24T06:05:56.000Z","data16.rg","https://www.tiktok.com/@user6611908121759/video/7612233575705955597","6773506221615481862","7632202974395613974","https://p16-common-sign.tiktokcdn.com/tos-maliva-avt-0068/7335987159310008326~tplv-tiktokx-cropcenter:100:100.jpg?dr=14579&refresh_token=a2668871&x-expires=1778400000&x-signature=2E5r8Z69dg3brC8rf%2BYsw0b4wdw%3D&t=4d5b0474&ps=13740610&shp=30310797&shcp=ff37627b&idc=my2"
"Extra mayonnaise but not too much mayonnaise 😂","2","0","2026-04-24T01:22:19.000Z","appleuser384826962","https://www.tiktok.com/@user6611908121759/video/7612233575705955597","7103572351464244270","7632129874886755086","https://p19-common-sign.tiktokcdn.com/tos-maliva-avt-0068/0a30be6383d9641f1ec432071acab58a~tplv-tiktokx-cropcenter:100:100.jpg?dr=14579&refresh_token=e91f5344&x-expires=1778400000&x-signature=%2BT7NrC%2BX7%2BBX02eMKUpR6p4thps%3D&t=4d5b0474&ps=13740610&shp=30310797&shcp=ff37627b&idc=my2"
"They got 2x at McDonald’s","2","0","2026-04-23T22:15:05.000Z","scat_pack_kid_","https://www.tiktok.com/@user6611908121759/video/7612233575705955597","6812358274723644421","7632081654160802590","https://p16-common-sign.tiktokcdn.com/tos-maliva-avt-0068/60a5c4ecee95415e10a0e4f28d67a7c5~tplv-tiktokx-cropcenter:100:100.jpg?dr=14579&refresh_token=1fbf842a&x-expires=1778400000&x-signature=wrmqorF0%2BjtSLuijequXjrhqnDQ%3D&t=4d5b0474&ps=13740610&shp=30310797&shcp=ff37627b&idc=my2"
"Not Funny !!","2","0","2026-04-23T10:07:38.000Z","ricardoreinhard.official","https://www.tiktok.com/@user6611908121759/video/7612233575705955597","7142643656419329030","7631894147566404385","https://p16-common-sign.tiktokcdn.com/tos-useast2a-avt-0068-giso/1beebcaac6fe61e5c36d0954c5a800cb~tplv-tiktokx-cropcenter:100:100.jpg?dr=14579&refresh_token=7fafae96&x-expires=1778400000&x-signature=2WAHBob9DuUn0%2Bey8fmTSGRgg8E%3D&t=4d5b0474&ps=13740610&shp=30310797&shcp=ff37627b&idc=my2"
"Lmaoooo","2","0","2026-04-23T04:00:06.000Z","therealbrp","https://www.tiktok.com/@user6611908121759/video/7612233575705955597","6792573335178003461","7631799429150802719","https://p16-common-sign.tiktokcdn.com/tos-maliva-avt-0068/67c6b6f19c6354addbfcefc20a562618~tplv-tiktokx-cropcenter:100:100.jpg?dr=14579&refresh_token=68aad6d4&x-expires=1778400000&x-signature=i%2BkWxmWKkGqQ9Lh1ncFRqxQTPLg%3D&t=4d5b0474&ps=13740610&shp=30310797&shcp=ff37627b&idc=my2"
"Hell, yeah keep on doing it. They can afford it.","2","0","2026-04-23T03:45:09.000Z","trainerbrolos","https://www.tiktok.com/@user6611908121759/video/7612233575705955597","6839696928612746246","7631795599738569486","https://p19-common-sign.tiktokcdn.com/tos-maliva-avt-0068/b140ce6c51b8ffc368db7d5d784a9616~tplv-tiktokx-cropcenter:100:100.jpg?dr=14579&refresh_token=c9e59b3c&x-expires=1778400000&x-signature=f6Gn38CAZAwC5dHYfV5fM%2BPzgQw%3D&t=4d5b0474&ps=13740610&shp=30310797&shcp=ff37627b&idc=my2"
"Wasting food 😔","2","0","2026-04-23T02:58:04.000Z","frankievalente3","https://www.tiktok.com/@user6611908121759/video/7612233575705955597","7196920873442903086","7631783514270909214","https://p16-common-sign.tiktokcdn.com/tos-maliva-avt-0068/efcf78c56329db4b8f0b6df6d3798f97~tplv-tiktokx-cropcenter:100:100.jpg?dr=14579&refresh_token=b3f070f5&x-expires=1778400000&x-signature=%2BvxOOXXRTmFpmj%2FqVRVd5YabPz0%3D&t=4d5b0474&ps=13740610&shp=30310797&shcp=ff37627b&idc=my2"
"Unlimited food achievement unlocked 😂","2","0","2026-04-23T01:39:43.000Z","toraa777","https://www.tiktok.com/@user6611908121759/video/7612233575705955597","7075380778821485614","7631763239697253150","https://p16-sign-va.tiktokcdn.com/tos-maliva-avt-0068/7f729adf6ca685f61c84f5f6918be7b2~tplv-tiktokx-cropcenter:100:100.jpg?dr=14579&refresh_token=d99d1a06&x-expires=1778400000&x-signature=t6fHDb6p%2B%2F5Xx700UnojU4m0QqM%3D&t=4d5b0474&ps=13740610&shp=30310797&shcp=ff37627b&idc=my2"
"C pas gentil de faire ça !!!!","2","0","2026-04-22T23:40:43.000Z","ruminela_rumyanova","https://www.tiktok.com/@user6611908121759/video/7612233575705955597","7208119924354483205","7631732355372679958","https://p16-common-sign.tiktokcdn.com/tos-maliva-avt-0068/cb8b8ea3364dd50d90c55737c193e6ee~tplv-tiktokx-cropcenter:100:100.jpg?dr=14579&refresh_token=fd9b9f96&x-expires=1778400000&x-signature=4X4TBf52t3oMq5rov6cjDiemCRM%3D&t=4d5b0474&ps=13740610&shp=30310797&shcp=ff37627b&idc=my2"
"Le gâchis de nourriture …","2","0","2026-04-22T20:39:09.000Z","candbdy","https://www.tiktok.com/@user6611908121759/video/7612233575705955597","7030968680159151109","7631685856714490646","https://p16-common-sign.tiktokcdn.com/tos-useast2a-avt-0068-euttp/b82f71840cf4ce5cd814293bb17ff5d2~tplv-tiktokx-cropcenter:100:100.jpg?dr=14579&refresh_token=66bd3b64&x-expires=1778400000&x-signature=xwF22whq18Wr00Wz7kcN5yoVUkA%3D&t=4d5b0474&ps=13740610&shp=30310797&shcp=ff37627b&idc=my2"
"Not funny","2","0","2026-04-22T18:06:19.000Z","itis.nazliy","https://www.tiktok.com/@user6611908121759/video/7612233575705955597","7556735617657308193","7631646479267283745","https://p19-common-sign.tiktokcdn.com/tos-useast2a-avt-0068-euttp/7215942157591f5e7d547c2a0fd09b1e~tplv-tiktokx-cropcenter:100:100.jpg?dr=14579&refresh_token=871955be&x-expires=1778400000&x-signature=J3I%2FzAFAtYe%2FRJ0x6SmlDKfNzwg%3D&t=4d5b0474&ps=13740610&shp=30310797&shcp=ff37627b&idc=my2"
"can't be that bored bruh lol damn","2","0","2026-04-22T15:09:49.000Z","mainlytruski","https://www.tiktok.com/@user6611908121759/video/7612233575705955597","7390440785839670305","7631600984733713174","https://p16-sign-va.tiktokcdn.com/tos-maliva-avt-0068/305f4e284b39c929ffa02cc6f5ca2a12~tplv-tiktokx-cropcenter:100:100.jpg?dr=14579&refresh_token=36b94d3d&x-expires=1778400000&x-signature=EqJRkTnW2vjo%2BgIgK4gzKo98MtA%3D&t=4d5b0474&ps=13740610&shp=30310797&shcp=ff37627b&idc=my2"
"faire des histoires aux employés, c'est moyrn","2","0","2026-04-21T15:23:16.000Z","usergfle0yndt4","https://www.tiktok.com/@user6611908121759/video/7612233575705955597","6685032788670497798","7631233373815472898","https://p16-common-sign.tiktokcdn-us.com/tos-maliva-avt-0068/e942481cac12b9dcbe16e7288ac1f70a~tplv-tiktokx-cropcenter:100:100.jpg?dr=9640&refresh_token=9523f977&x-expires=1778400000&x-signature=i3fsANbRTG99w6b10yWioBhh7J8%3D&t=4d5b0474&ps=13740610&shp=30310797&shcp=ff37627b&idc=useast5"
"Don't do this, it's really unfriendly!","2","0","2026-03-02T09:44:22.000Z","_sausages_bbq","https://www.tiktok.com/@user6611908121759/video/7612233575705955597","7127294662461080577","7612591790009893639","https://p19-common-sign.tiktokcdn-us.com/tos-alisg-avt-0068/7d8e67480699e393f3212a28820d0243~tplv-tiktokx-cropcenter:100:100.jpg?dr=9640&refresh_token=2c8ac9e8&x-expires=1778400000&x-signature=fJ%2B8OynNhNmJCnlWFU5ZEKgE1Ec%3D&t=4d5b0474&ps=13740610&shp=30310797&shcp=ff37627b&idc=useast5"
"not funny at all friends are afraid they will lose their jobs","2","0","2026-03-02T09:44:11.000Z","maz.lpin","https://www.tiktok.com/@user6611908121759/video/7612233575705955597","7330608117691417606","7612591695247426321","https://p19-common-sign.tiktokcdn-us.com/tos-alisg-avt-0068/343e94677ed3f1f1ba0b90e9d8e32550~tplv-tiktokx-cropcenter:100:100.jpg?dr=9640&refresh_token=628b2952&x-expires=1778400000&x-signature=ckfiKEWBZ9NwtaVnf%2BnwYJ6BRjk%3D&t=4d5b0474&ps=13740610&shp=30310797&shcp=ff37627b&idc=useast5"
"Not halal","2","0","2026-03-02T09:26:50.000Z","faizzakaria_8","https://www.tiktok.com/@user6611908121759/video/7612233575705955597","7048761254164513794","7612587266801058578","https://p16-common-sign.tiktokcdn-us.com/tos-alisg-avt-0068/b0697fcb619c99f8a06776bc5e79916f~tplv-tiktokx-cropcenter:100:100.jpg?dr=9640&refresh_token=7dfb05a9&x-expires=1778400000&x-signature=o2iCV8TcC%2Bsvi6GAsr9h%2BsdcmiA%3D&t=4d5b0474&ps=13740610&shp=30310797&shcp=ff37627b&idc=useast5"
"I hope they would know that couldn’t have happened. Made the replacement, gave it to him knowing he’s lying. For what reason, social media, other than that who knows Liz","2","0","2026-03-02T09:25:30.000Z","stoman1704","https://www.tiktok.com/@user6611908121759/video/7612233575705955597","7580922968038900749","7612586614103245598","https://p16-common-sign.tiktokcdn-us.com/tos-useast5-avt-0068-tx/6d6e96bfa7cec2e8cbed040864625b61~tplv-tiktokx-cropcenter:100:100.jpg?dr=9640&refresh_token=66cae7c0&x-expires=1778400000&x-signature=RCDkqUhPFoC8btIaGfZkrsPF1lk%3D&t=4d5b0474&ps=13740610&shp=30310797&shcp=ff37627b&idc=useast5"
"every thing I just seen I'd actually eat haha 😂 not going to lie","2","0","2026-03-02T09:23:52.000Z","claytos23","https://www.tiktok.com/@user6611908121759/video/7612233575705955597","6955778527682528262","7612586504352072466","https://p19-common-sign.tiktokcdn-us.com/tos-alisg-avt-0068/7336591807738249234~tplv-tiktokx-cropcenter:100:100.jpg?dr=9640&refresh_token=96f0020e&x-expires=1778400000&x-signature=xc31eMN4OGhEjStTHPk4XOFJ9jE%3D&t=4d5b0474&ps=13740610&shp=30310797&shcp=ff37627b&idc=useast5"
"They look on the cameras….","2","0","2026-03-02T08:30:28.000Z","tilz_priv1te","https://www.tiktok.com/@user6611908121759/video/7612233575705955597","7584833397819180039","7612572745033368328","https://p19-common-sign.tiktokcdn-us.com/tos-alisg-avt-0068/9874ef149586d5159c5b8a7cd4100cd3~tplv-tiktokx-cropcenter:100:100.jpg?dr=9640&refresh_token=d34a7095&x-expires=1778400000&x-signature=nh%2F%2FXKcbP7cntWw6SHNfP%2BWNNhg%3D&t=4d5b0474&ps=13740610&shp=30310797&shcp=ff37627b&idc=useast5"
"только в минус ушел","2","0","2026-03-02T08:28:29.000Z","nikitanagornov02","https://www.tiktok.com/@user6611908121759/video/7612233575705955597","7601651671773529102","7612571791932621598","https://p19-common-sign.tiktokcdn-us.com/tos-useast8-avt-0068-tx2/079eea89fabc4ba966a214af716678b4~tplv-tiktokx-cropcenter:100:100.jpg?dr=9640&refresh_token=dfa916e5&x-expires=1778400000&x-signature=YINytoHC8Cp7mztzRwY48dcQ7XY%3D&t=4d5b0474&ps=13740610&shp=30310797&shcp=ff37627b&idc=useast5"
"Who deed dees!!😂😂😂","2","0","2026-03-02T08:21:20.000Z","joserodriguez947","https://www.tiktok.com/@user6611908121759/video/7612233575705955597","6640934387456294918","7612570131696894751","https://p19-common-sign.tiktokcdn-us.com/tos-useast5-avt-0068-tx/7354419164272361514~tplv-tiktokx-cropcenter:100:100.jpg?dr=9640&refresh_token=a7316ad8&x-expires=1778400000&x-signature=%2FACmHoxzyjqjr2o6D6AtK8sxYHI%3D&t=4d5b0474&ps=13740610&shp=30310797&shcp=ff37627b&idc=useast5"
"Ahhhahahahahaha this is hilarious","2","0","2026-03-02T08:20:07.000Z","copperdah_pilot","https://www.tiktok.com/@user6611908121759/video/7612233575705955597","7477232712471938090","7612569913609323295","https://p19-common-sign.tiktokcdn-us.com/tos-useast8-avt-0068-tx2/7e672b2aa5e7fdda054baed2c56ff537~tplv-tiktokx-cropcenter:100:100.jpg?dr=9640&refresh_token=c3e2f7ba&x-expires=1778400000&x-signature=lQKeCC3VHIcmRTE1T3pvvBP7NwA%3D&t=4d5b0474&ps=13740610&shp=30310797&shcp=ff37627b&idc=useast5"
"TheBurntNuggets","2","0","2026-03-02T08:04:02.000Z","banfox300","https://www.tiktok.com/@user6611908121759/video/7612233575705955597","6846477432708760582","7612565851259552534","https://p19-common-sign.tiktokcdn-us.com/tos-useast2a-avt-0068-euttp/e3504765d45102ac25981a9e260b5893~tplv-tiktokx-cropcenter:100:100.jpg?dr=9640&refresh_token=ea21f410&x-expires=1778400000&x-signature=YDBmIZF6CsM6PY7BeRMnNwD832w%3D&t=4d5b0474&ps=13740610&shp=30310797&shcp=ff37627b&idc=useast5"
"unemployment final boss","2","0","2026-03-02T08:00:29.000Z","tekkstimeedits","https://www.tiktok.com/@user6611908121759/video/7612233575705955597","7519640021248721976","7612565012859290388","https://p16-common-sign.tiktokcdn-us.com/tos-maliva-avt-0068/1975a15354de58789643ff0751daf928~tplv-tiktokx-cropcenter:100:100.jpg?dr=9640&refresh_token=6548a8a9&x-expires=1778400000&x-signature=h3IeI6Q4Br%2FelWnpiavaIuFPsgQ%3D&t=4d5b0474&ps=13740610&shp=30310797&shcp=ff37627b&idc=useast5"
"""who diddy this ""💀💀","2","0","2026-03-02T07:49:13.000Z","jjamonly","https://www.tiktok.com/@user6611908121759/video/7612233575705955597","7324377103931016197","7612562132563510023","https://p19-common-sign.tiktokcdn-us.com/tos-alisg-avt-0068/8e0082a7fc25359489ca392ace309bb4~tplv-tiktokx-cropcenter:100:100.jpg?dr=9640&refresh_token=b905935e&x-expires=1778400000&x-signature=Z7toSWBupkiQ2bhhwkfMokhY7L4%3D&t=4d5b0474&ps=13740610&shp=30310797&shcp=ff37627b&idc=useast5"
"Seré amargada pero no se me hizo gracioso! hay un personal que puede correr riesgo y ser despedido....","2","0","2026-03-02T07:39:50.000Z","gabiizepeda4","https://www.tiktok.com/@user6611908121759/video/7612233575705955597","6809435478636332038","7612559684579115796","https://p16-common-sign.tiktokcdn-us.com/tos-alisg-avt-0068/f4bab8d60c12b20120a21c8d2cac1cbe~tplv-tiktokx-cropcenter:100:100.jpg?dr=9640&refresh_token=f6016c3f&x-expires=1778400000&x-signature=DAgbA77FLjj%2FTBw9y%2FSZxVzef9o%3D&t=4d5b0474&ps=13740610&shp=30310797&shcp=ff37627b&idc=useast5"
"Não precisa baixar! São todos comentários inglês 😂","2","0","2026-03-02T07:38:47.000Z","luisacardos01","https://www.tiktok.com/@user6611908121759/video/7612233575705955597","7262716217751716870","7612559407105622804","https://p16-common-sign.tiktokcdn-us.com/tos-maliva-avt-0068/a33b155124e610c723ea6a0e15891bf9~tplv-tiktokx-cropcenter:100:100.jpg?dr=9640&refresh_token=988e50f4&x-expires=1778400000&x-signature=SilTXqBnqTi6vrEsGVOyGx5EMZc%3D&t=4d5b0474&ps=13740610&shp=30310797&shcp=ff37627b&idc=useast5"
"😂😂😂😂😂😂","2","0","2026-03-02T07:27:06.000Z","dbgmera","https://www.tiktok.com/@user6611908121759/video/7612233575705955597","7401123530152477738","7612556129856750350","https://p16-common-sign.tiktokcdn-us.com/tos-useast5-avt-0068-tx/eab92e7b69bd3f5256d3ccf8063e2cee~tplv-tiktokx-cropcenter:100:100.jpg?dr=9640&refresh_token=64b7c76c&x-expires=1778400000&x-signature=3TibN5NOUv49HMr%2B46Tdf3KWHcU%3D&t=4d5b0474&ps=13740610&shp=30310797&shcp=ff37627b&idc=useast5"
"You’re familiar!😆 I believe you have done this in Doordash?","2","0","2026-03-02T07:19:03.000Z","proofoflife_0","https://www.tiktok.com/@user6611908121759/video/7612233575705955597","7007065232245933058","7612554343405585173","https://p16-common-sign.tiktokcdn-us.com/tos-alisg-avt-0068/f57cf9b84bfa95dd3776a6f8e259074d~tplv-tiktokx-cropcenter:100:100.jpg?dr=9640&refresh_token=f5321807&x-expires=1778400000&x-signature=%2BXBUmGgxLGLSQ%2BXicDVZ%2Bq6cOZc%3D&t=4d5b0474&ps=13740610&shp=30310797&shcp=ff37627b&idc=useast5"
"@adyclaire⚡️","2","0","2026-03-02T07:18:14.000Z","alexis.g30","https://www.tiktok.com/@user6611908121759/video/7612233575705955597","6696879058686821382","7612554007269573407","https://p19-common-sign.tiktokcdn-us.com/tos-useast5-avt-0068-tx/7b295e8bdd3397776297475cf7ec16e0~tplv-tiktokx-cropcenter:100:100.jpg?dr=9640&refresh_token=fe81c0d4&x-expires=1778400000&x-signature=4%2B%2FgA0OTErpZeJMBkqs2FhUVRPg%3D&t=4d5b0474&ps=13740610&shp=30310797&shcp=ff37627b&idc=useast5"
"when I used to work at McDonald's and people asked for extra mayonnaise THEY DEFINITELY GOT EXTRA MAYONNAISE LIKE SOME OF THEM SANDWICHES","2","0","2026-03-02T07:03:51.000Z","whiskerbiscuit20","https://www.tiktok.com/@user6611908121759/video/7612233575705955597","7474567852387157034","7612550257087431438","https://p16-common-sign.tiktokcdn-us.com/tos-useast5-avt-0068-tx/4f6d7d996e16ed674e1802d49fcb28b5~tplv-tiktokx-cropcenter:100:100.jpg?dr=9640&refresh_token=fd8ef264&x-expires=1778400000&x-signature=5xAWPflKsckqj%2Bm%2B%2B92UnlHvuos%3D&t=4d5b0474&ps=13740610&shp=30310797&shcp=ff37627b&idc=useast5"
"amagezi tolina 😁😁","2","0","2026-03-02T06:56:07.000Z","ladytasha1","https://www.tiktok.com/@user6611908121759/video/7612233575705955597","7406664626958795782","7612548460637946632","https://p16-common-sign.tiktokcdn-us.com/tos-alisg-avt-0068/ef813626de263d396c82fb1664c21be4~tplv-tiktokx-cropcenter:100:100.jpg?dr=9640&refresh_token=5ee7b23e&x-expires=1778400000&x-signature=uz9kqSUD%2ByCoiWBT7UtK1VKFhV8%3D&t=4d5b0474&ps=13740610&shp=30310797&shcp=ff37627b&idc=useast5"
"this is hilarious","2","0","2026-03-02T06:55:22.000Z","ronnierenee101","https://www.tiktok.com/@user6611908121759/video/7612233575705955597","6627352300769787910","7612548247202988818","https://p19-common-sign.tiktokcdn-us.com/tos-alisg-avt-0068/baaff43d66a136d6214d61ccbdbd865d~tplv-tiktokx-cropcenter:100:100.jpg?dr=9640&refresh_token=3aecd935&x-expires=1778400000&x-signature=lQAedbg7hUTWdvDr6bypCAe7%2BE8%3D&t=4d5b0474&ps=13740610&shp=30310797&shcp=ff37627b&idc=useast5"
"bro u gonna make people loose there jobs 😭","2","0","2026-03-02T06:51:21.000Z","rivkimeltz","https://www.tiktok.com/@user6611908121759/video/7612233575705955597","6703791312224748549","7612547183158936340","https://p16-common-sign.tiktokcdn-us.com/tos-maliva-avt-0068/b87b5bd25abbc4f221ff37b16c36fb76~tplv-tiktokx-cropcenter:100:100.jpg?dr=9640&refresh_token=476c5483&x-expires=1778400000&x-signature=3SE%2F4fLygjobKegT4R1%2FbgOGdxg%3D&t=4d5b0474&ps=13740610&shp=30310797&shcp=ff37627b&idc=useast5"
"Alright so we in cobblestone","2","0","2026-03-02T06:41:36.000Z","orlando._.06.vx","https://www.tiktok.com/@user6611908121759/video/7612233575705955597","7325079727852897313","7612544650696852246","https://p16-common-sign.tiktokcdn-us.com/tos-maliva-avt-0068/93a66dee881d736778389a76d7e58969~tplv-tiktokx-cropcenter:100:100.jpg?dr=9640&refresh_token=6061d500&x-expires=1778400000&x-signature=BhTEZD0FV1nx%2Fj7fLzVr8KZddr8%3D&t=4d5b0474&ps=13740610&shp=30310797&shcp=ff37627b&idc=useast5"
"AM DEAD🤣🤣","2","0","2026-03-02T06:41:03.000Z","_hismaintopic","https://www.tiktok.com/@user6611908121759/video/7612233575705955597","7049698806452093957","7612544576967951122","https://p19-common-sign.tiktokcdn-us.com/tos-alisg-avt-0068/fc233da413b32d58713941b148194c19~tplv-tiktokx-cropcenter:100:100.jpg?dr=9640&refresh_token=36df7120&x-expires=1778400000&x-signature=hkewc%2BNVyIYwqS2jYQUXeT1KDIQ%3D&t=4d5b0474&ps=13740610&shp=30310797&shcp=ff37627b&idc=useast5"
"Finest3xx","2","0","2026-03-02T06:38:42.000Z","user234567783332","https://www.tiktok.com/@user6611908121759/video/7612233575705955597","7471866159305425966","7612543542066987790","https://p19-common-sign.tiktokcdn-us.com/tos-useast5-avt-0068-tx/dbf9e2547e7cac7837c9ff793586d315~tplv-tiktokx-cropcenter:100:100.jpg?dr=9640&refresh_token=104042c4&x-expires=1778400000&x-signature=qgpuu9gP99c9sMNoLDsQc%2FNtFEc%3D&t=4d5b0474&ps=13740610&shp=30310797&shcp=ff37627b&idc=useast5"
"That second one is called the McCumshot","2","0","2026-03-02T06:29:53.000Z","sleepless270","https://www.tiktok.com/@user6611908121759/video/7612233575705955597","6624992671168544773","7612541535053873951","https://p16-common-sign.tiktokcdn-us.com/tos-maliva-avt-0068/9ecea67561d17fe864bbf090ced4b3e3~tplv-tiktokx-cropcenter:100:100.jpg?dr=9640&refresh_token=98856db1&x-expires=1778400000&x-signature=cfo5d1q3eJxvIo2iNgd095oh%2B8M%3D&t=4d5b0474&ps=13740610&shp=30310797&shcp=ff37627b&idc=useast5"
"🤣🤣🤣🤣","2","0","2026-03-02T06:21:27.000Z","ticklesbears","https://www.tiktok.com/@user6611908121759/video/7612233575705955597","7100714881884161067","7612539387151385374","https://p16-common-sign.tiktokcdn-us.com/tos-useast8-avt-0068-tx2/01a3b13dbe8e902c9ccb4d0bd18d4580~tplv-tiktokx-cropcenter:100:100.jpg?dr=9640&refresh_token=ed12b701&x-expires=1778400000&x-signature=NRSu0oYgCt1XwNCnK0CxJzEN96I%3D&t=4d5b0474&ps=13740610&shp=30310797&shcp=ff37627b&idc=useast5"
"do yall not run out of pranks 😂😂😂","2","0","2026-03-02T06:05:56.000Z","jaylovely532","https://www.tiktok.com/@user6611908121759/video/7612233575705955597","6806497770376905733","7612535210815931167","https://p16-common-sign.tiktokcdn-us.com/tos-useast8-avt-0068-tx2/72952b1139e9984aae56dc127117a0fc~tplv-tiktokx-cropcenter:100:100.jpg?dr=9640&refresh_token=bf72109e&x-expires=1778400000&x-signature=TDFE%2FeRAyv7gLvbpP5doKjkeEt4%3D&t=4d5b0474&ps=13740610&shp=30310797&shcp=ff37627b&idc=useast5"
"Ppl do anything for attention these days..It's like a drug addiction doing anything to get a like..Fast food workers already under paid and over worked and you come in there playing with ppl who will beat yo ass if they find out he is playing with their time and money..","2","0","2026-03-02T05:49:49.000Z","blacksnow750","https://www.tiktok.com/@user6611908121759/video/7612233575705955597","6999140438514910214","7612531335030162206","https://p16-common-sign.tiktokcdn-us.com/tos-useast8-avt-0068-tx2/62abf523237709416754e6b1fa58ced4~tplv-tiktokx-cropcenter:100:100.jpg?dr=9640&refresh_token=74f15063&x-expires=1778400000&x-signature=qwGET2FtgrbmWyoT55F6ZfdYPMQ%3D&t=4d5b0474&ps=13740610&shp=30310797&shcp=ff37627b&idc=useast5"
"they hate to see him coming","2","0","2026-03-02T05:36:31.000Z","dailydarkquotes","https://www.tiktok.com/@user6611908121759/video/7612233575705955597","7508708717601621010","7612527907269903124","https://p16-common-sign.tiktokcdn-us.com/tos-alisg-avt-0068/add963e8cba5ca9b1fc38bf5bb1cd570~tplv-tiktokx-cropcenter:100:100.jpg?dr=9640&refresh_token=8948a123&x-expires=1778400000&x-signature=Etb8Yv%2BXyQ8IExZXg6BS0w%2FV%2BIo%3D&t=4d5b0474&ps=13740610&shp=30310797&shcp=ff37627b&idc=useast5"
"[Sticker] Es comida q se tiene q votar , por q hacen eso ?","3","0","2026-03-01T22:57:32.000Z","iam_betka0","https://www.tiktok.com/@user6611908121759/video/7612233575705955597","7173462625266828331","7612425013564932878","https://p19-common-sign.tiktokcdn-us.com/tos-useast5-avt-0068-tx/ec98f5b391df57a5f9200d33cb837166~tplv-tiktokx-cropcenter:100:100.jpg?dr=9640&refresh_token=483926a8&x-expires=1778400000&x-signature=4GlZLDjURzkmkUjDfx2R8Kk3%2Fq0%3D&t=4d5b0474&ps=13740610&shp=30310797&shcp=ff37627b&idc=useast5"
"why tho","2","0","2026-04-22T09:19:39.000Z","smurfster1000","https://www.tiktok.com/@user6611908121759/video/7612233575705955597","6873433205305148418","7631510711487267606","https://p19-common-sign.tiktokcdn-us.com/tos-alisg-avt-0068/7332696948077494280~tplv-tiktokx-cropcenter:100:100.jpg?dr=9640&refresh_token=4ff450d4&x-expires=1778400000&x-signature=iq3lFEnDMPezEygu3WKy%2FnX5Cx4%3D&t=4d5b0474&ps=13740610&shp=30310797&shcp=ff37627b&idc=useast8"
"Waste of time and money","2","0","2026-04-22T08:21:10.000Z","just_mufeed","https://www.tiktok.com/@user6611908121759/video/7612233575705955597","6807717207071343621","7631495658964435734","https://p16-common-sign.tiktokcdn-us.com/tos-maliva-avt-0068/248c92f0f6f44646d3547417ef33f894~tplv-tiktokx-cropcenter:100:100.jpg?dr=9640&refresh_token=65c34f18&x-expires=1778400000&x-signature=xELvo5TtICjHPQA7o6dN%2FaCujis%3D&t=4d5b0474&ps=13740610&shp=30310797&shcp=ff37627b&idc=useast8"
"Jajajaja jajaja","2","0","2026-04-22T06:25:23.000Z","gatotacwo81","https://www.tiktok.com/@user6611908121759/video/7612233575705955597","7266311953252025386","7631465478121276174","https://p16-common-sign.tiktokcdn-us.com/tos-useast5-avt-0068-tx/eafa9844086dd0816594c1a6a6b6d873~tplv-tiktokx-cropcenter:100:100.jpg?dr=9640&refresh_token=c8098ede&x-expires=1778400000&x-signature=foqGHd3HwqLc1pgTay6QytjmJHQ%3D&t=4d5b0474&ps=13740610&shp=30310797&shcp=ff37627b&idc=useast8"
"is it funny to play with people jobs?","2","0","2026-04-22T03:35:19.000Z","andrealegaspii","https://www.tiktok.com/@user6611908121759/video/7612233575705955597","76111856339214336","7631421609845719830","https://p16-common-sign.tiktokcdn-us.com/tos-maliva-avt-0068/2048e815c4104abb2e2171f1f7b52d6e~tplv-tiktokx-cropcenter:100:100.jpg?dr=9640&refresh_token=9abd0c25&x-expires=1778400000&x-signature=3bg2b%2Bx9VfBxigZA%2FdSUA%2F4aUQw%3D&t=4d5b0474&ps=13740610&shp=30310797&shcp=ff37627b&idc=useast8"
"WHO DEEE DEEEZ","2","0","2026-04-21T17:06:49.000Z","pretaminger","https://www.tiktok.com/@user6611908121759/video/7612233575705955597","6813149349258953734","7631260049479303958","https://p19-common-sign.tiktokcdn-us.com/tos-maliva-avt-0068/59047cdce9aa4a7288202cbe2397c96c~tplv-tiktokx-cropcenter:100:100.jpg?dr=9640&refresh_token=ed690e0d&x-expires=1778400000&x-signature=RyylhXpUbEv5upv%2FsILMzHzqhVA%3D&t=4d5b0474&ps=13740610&shp=30310797&shcp=ff37627b&idc=useast8"
"Boah unnecessary","2","0","2026-04-21T16:42:09.000Z","madjingle","https://www.tiktok.com/@user6611908121759/video/7612233575705955597","7118825062568985605","7631253705703129888","https://p16-common-sign.tiktokcdn-us.com/tos-useast2a-avt-0068-euttp/db4a27e60f66af4ebc8a74b667f410f5~tplv-tiktokx-cropcenter:100:100.jpg?dr=9640&refresh_token=0ae25087&x-expires=1778400000&x-signature=crJ2lnlySx4IoSaVWfuFXy9bCsM%3D&t=4d5b0474&ps=13740610&shp=30310797&shcp=ff37627b&idc=useast8"
"TOO MUCH","2","0","2026-04-21T12:18:54.000Z","shannonciava","https://www.tiktok.com/@user6611908121759/video/7612233575705955597","6868343484164654086","7631185854786552598","https://p16-common-sign.tiktokcdn-us.com/tos-maliva-avt-0068/98364a13ce9f08dfcfa548495548ff39~tplv-tiktokx-cropcenter:100:100.jpg?dr=9640&refresh_token=fb5654b8&x-expires=1778400000&x-signature=UXNS%2F6cnWoAhvWTIQhwjexhiLyI%3D&t=4d5b0474&ps=13740610&shp=30310797&shcp=ff37627b&idc=useast8"
"extra cheeeeeeeeeeeeeeseee","2","0","2026-03-02T05:34:46.000Z","lidi_rss","https://www.tiktok.com/@user6611908121759/video/7612233575705955597","6787172064497304578","7612527482067665672","https://p16-common-sign.tiktokcdn-us.com/tos-alisg-avt-0068/f8b1a4f4437286ef40f00f2e1add9f4c~tplv-tiktokx-cropcenter:100:100.jpg?dr=9640&refresh_token=919b60af&x-expires=1778400000&x-signature=ImzvbHsv2oJ4E%2BIUiVxMVg6Cbmg%3D&t=4d5b0474&ps=13740610&shp=30310797&shcp=ff37627b&idc=useast5"
"if we brake up","2","1","2026-03-02T05:22:39.000Z","kkclark43","https://www.tiktok.com/@user6611908121759/video/7612233575705955597","7588008970670359566","7612524272464610061","https://p19-common-sign.tiktokcdn-us.com/tos-useast5-avt-0068-tx/ce92969e8d815dec9313427f314d2b1c~tplv-tiktokx-cropcenter:100:100.jpg?dr=9640&refresh_token=7eb6f53d&x-expires=1778400000&x-signature=JEm9XoxmfozOEXIRelSQJXdWQz0%3D&t=4d5b0474&ps=13740610&shp=30310797&shcp=ff37627b&idc=useast5"
"como tirar a dublagem traduzida? quero o áudio original","2","0","2026-03-02T05:22:01.000Z","moniliia","https://www.tiktok.com/@user6611908121759/video/7612233575705955597","6870190865207100417","7612524201459106567","https://p16-common-sign.tiktokcdn-us.com/tos-alisg-avt-0068/158fd7b437d109430badac17afee4106~tplv-tiktokx-cropcenter:100:100.jpg?dr=9640&refresh_token=ee4d4199&x-expires=1778400000&x-signature=HaezR5PS4vC%2Br0oklqznWhJjRqc%3D&t=4d5b0474&ps=13740610&shp=30310797&shcp=ff37627b&idc=useast5"
"@isabel","2","0","2026-03-02T05:18:47.000Z","ml3.tud0","https://www.tiktok.com/@user6611908121759/video/7612233575705955597","7600947529219687437","7612523277135741726","https://p16-common-sign.tiktokcdn-us.com/tos-useast8-avt-0068-tx2/a82a241cd9a6aec981f2887aa5698861~tplv-tiktokx-cropcenter:100:100.jpg?dr=9640&refresh_token=dfb662e0&x-expires=1778400000&x-signature=GJ93dW4nEKtwzj6gYRTGnhwrs4w%3D&t=4d5b0474&ps=13740610&shp=30310797&shcp=ff37627b&idc=useast5"
"Who did this who did this ? 😭😂","2","0","2026-03-02T05:08:04.000Z","ale.zaldivar_","https://www.tiktok.com/@user6611908121759/video/7612233575705955597","7205286595254699050","7612520493347242783","https://p19-common-sign.tiktokcdn-us.com/tos-useast5-avt-0068-tx/a74809db1bc4fa35d781403718304d44~tplv-tiktokx-cropcenter:100:100.jpg?dr=9640&refresh_token=6ec0fd98&x-expires=1778400000&x-signature=Gmy82fh77V5lbMe0Ht870%2Bg6N9M%3D&t=4d5b0474&ps=13740610&shp=30310797&shcp=ff37627b&idc=useast5"
"[Sticker] McDonald's after seeing that video","2","0","2026-03-02T04:29:44.000Z","zoeysunshine4","https://www.tiktok.com/@user6611908121759/video/7612233575705955597","7404627092443841582","7612510685046440735","https://p19-common-sign.tiktokcdn-us.com/tos-useast8-avt-0068-tx2/19ce9b1f0e269d6f41b483ecbc135f0f~tplv-tiktokx-cropcenter:100:100.jpg?dr=9640&refresh_token=0f3aedbd&x-expires=1778400000&x-signature=FiLozkuj%2BC7m1oBsdVjc%2F27YBS4%3D&t=4d5b0474&ps=13740610&shp=30310797&shcp=ff37627b&idc=useast5"
"Ts me btw 😭👏😝 help","2","0","2026-03-02T04:27:37.000Z","mariaa2211f2","https://www.tiktok.com/@user6611908121759/video/7612233575705955597","7336390071677305862","7612510179217638162","https://p16-common-sign.tiktokcdn-us.com/tos-alisg-avt-0068/889becea6e677c69b179beab70ff83e5~tplv-tiktokx-cropcenter:100:100.jpg?dr=9640&refresh_token=8d1e6ec7&x-expires=1778400000&x-signature=SdK2FA6CPQ9gA8tjuIZJNy4eFz0%3D&t=4d5b0474&ps=13740610&shp=30310797&shcp=ff37627b&idc=useast5"
"IM CACKLING 😭😭","2","0","2026-03-02T04:23:39.000Z","coloradospringsdogwalker","https://www.tiktok.com/@user6611908121759/video/7612233575705955597","6731149444252943366","7612509115957560094","https://p19-common-sign.tiktokcdn-us.com/tos-useast8-avt-0068-tx2/0d6c847c03965606318ef90d8b421d49~tplv-tiktokx-cropcenter:100:100.jpg?dr=9640&refresh_token=83344caa&x-expires=1778400000&x-signature=En2Tzih5QG9w6RnIdhah8NjeOt8%3D&t=4d5b0474&ps=13740610&shp=30310797&shcp=ff37627b&idc=useast5"
"Ya'll have fun doing this","2","1","2026-03-02T04:21:21.000Z","whoknowsage0","https://www.tiktok.com/@user6611908121759/video/7612233575705955597","7396783199945409578","7612508545745240863","https://p16-common-sign.tiktokcdn-us.com/tos-useast8-avt-0068-tx2/2f588f47b1c6f52e7c3fdce1a6301c79~tplv-tiktokx-cropcenter:100:100.jpg?dr=9640&refresh_token=093087e0&x-expires=1778400000&x-signature=32He7JxqHyO1k1wHGnrm7MBrAd8%3D&t=4d5b0474&ps=13740610&shp=30310797&shcp=ff37627b&idc=useast5"
"@Isaac_Peakyno_Panish","2","0","2026-03-02T04:10:35.000Z","lamichiii4","https://www.tiktok.com/@user6611908121759/video/7612233575705955597","149173134816915456","7612505773477839647","https://p16-common-sign.tiktokcdn-us.com/tos-useast8-avt-0068-tx2/8c5f32abe7565f7a2cff959f17dd6ebd~tplv-tiktokx-cropcenter:100:100.jpg?dr=9640&refresh_token=86262af1&x-expires=1778400000&x-signature=qY3bD0rMUtW5DXxKI0gZbTb4xac%3D&t=4d5b0474&ps=13740610&shp=30310797&shcp=ff37627b&idc=useast5"
"you trying to get people fired??😂","2","0","2026-03-02T04:09:28.000Z","powrsurge","https://www.tiktok.com/@user6611908121759/video/7612233575705955597","6894528575304958982","7612505458850874125","https://p19-common-sign.tiktokcdn-us.com/tos-useast5-avt-0068-tx/7349759359926485038~tplv-tiktokx-cropcenter:100:100.jpg?dr=9640&refresh_token=ea5b9d56&x-expires=1778400000&x-signature=03J8Ouw0%2FKo1eHpS5TJpCnBdcn4%3D&t=4d5b0474&ps=13740610&shp=30310797&shcp=ff37627b&idc=useast5"
"@Leslie Marie","2","1","2026-03-02T04:07:46.000Z","addisonnikole__","https://www.tiktok.com/@user6611908121759/video/7612233575705955597","6710065170154505221","7612504895259099918","https://p19-common-sign.tiktokcdn-us.com/tos-useast5-avt-0068-tx/991a4c3ba4808f19ba09f359e2ab9876~tplv-tiktokx-cropcenter:100:100.jpg?dr=9640&refresh_token=201f60c5&x-expires=1778400000&x-signature=W7teC954%2B1wTQUI4eLBhTK%2Fe4l0%3D&t=4d5b0474&ps=13740610&shp=30310797&shcp=ff37627b&idc=useast5"
"blowtorch to the nuggets is crazy😂😂","2","1","2026-03-02T04:06:49.000Z","gerademara","https://www.tiktok.com/@user6611908121759/video/7612233575705955597","6762276726258336773","7612504774802408223","https://p16-common-sign.tiktokcdn-us.com/tos-useast8-avt-0068-tx2/05e866d57e561757dc2426db3e6f910f~tplv-tiktokx-cropcenter:100:100.jpg?dr=9640&refresh_token=b3fd76c9&x-expires=1778400000&x-signature=ucWmpp78IQ700iaVCQ39tmB3HoM%3D&t=4d5b0474&ps=13740610&shp=30310797&shcp=ff37627b&idc=useast5"
"Jus gettin ppl in trouble n fired for nothin 😂😂🤣🤣🤣","2","0","2026-03-02T04:05:18.000Z","lolasalter7","https://www.tiktok.com/@user6611908121759/video/7612233575705955597","6869757462774449158","7612504396694160148","https://p19-common-sign.tiktokcdn-us.com/tos-alisg-avt-0068/115caeeefef02f40e740a1224b7f5b39~tplv-tiktokx-cropcenter:100:100.jpg?dr=9640&refresh_token=a8b99188&x-expires=1778400000&x-signature=OVmgftETmKq2jMQQQT4d1IB1rVQ%3D&t=4d5b0474&ps=13740610&shp=30310797&shcp=ff37627b&idc=useast5"
"This pmo","2","0","2026-03-02T04:00:25.000Z","heeyyaleexx","https://www.tiktok.com/@user6611908121759/video/7612233575705955597","7358860224721290283","7612502992836051725","https://p16-common-sign.tiktokcdn-us.com/tos-useast5-avt-0068-tx/e3f5ed4f84b94c1f057e427819e8b1d7~tplv-tiktokx-cropcenter:100:100.jpg?dr=9640&refresh_token=c4af66a4&x-expires=1778400000&x-signature=JJNFkozCQMQz7G%2FnaNgoB06ympQ%3D&t=4d5b0474&ps=13740610&shp=30310797&shcp=ff37627b&idc=useast5"
"1. Wasting food like this is disgraceful. 2. Could actually get people fired when they did nothing wrong.","2","0","2026-03-02T03:52:34.000Z","spectre_se7en","https://www.tiktok.com/@user6611908121759/video/7612233575705955597","6771865646436959237","7612501098839261983","https://p19-common-sign.tiktokcdn-us.com/tos-useast5-avt-0068-tx/7343907328061603883~tplv-tiktokx-cropcenter:100:100.jpg?dr=9640&refresh_token=b331019e&x-expires=1778400000&x-signature=MLQ0RQvgvMfJkTmHukau%2FmTw73s%3D&t=4d5b0474&ps=13740610&shp=30310797&shcp=ff37627b&idc=useast5"
"Couldn’t hear the audio😭 until I realized it was connected to my 2025 Hellcat (starting MSRP $115K) so I walked across my 46,853sq ft mansion & went outside to turn it off. silly muscular 6’4” me","2","0","2026-03-02T03:51:34.000Z","aissofine1","https://www.tiktok.com/@user6611908121759/video/7612233575705955597","7515672955042202666","7612500698824491789","https://p19-common-sign.tiktokcdn-us.com/tos-useast5-avt-0068-tx/3198db3942fa15676e3ebfd0f3ced5cc~tplv-tiktokx-cropcenter:100:100.jpg?dr=9640&refresh_token=83a204f1&x-expires=1778400000&x-signature=L2L%2BWNpxJzXpll0eMkGMIHdg2nc%3D&t=4d5b0474&ps=13740610&shp=30310797&shcp=ff37627b&idc=useast5"
"I would still eat all that cheese bro","2","0","2026-03-02T03:48:11.000Z","anthony__629","https://www.tiktok.com/@user6611908121759/video/7612233575705955597","7266982500664230954","7612499967336727327","https://p16-common-sign.tiktokcdn-us.com/tos-useast8-avt-0068-tx2/5b98c4073d53d0a8aafe7c14382ae1cb~tplv-tiktokx-cropcenter:100:100.jpg?dr=9640&refresh_token=fa5bcb46&x-expires=1778400000&x-signature=TjDz7Ib3NJxEfkPgsA%2BRQQ6Q%2BWQ%3D&t=4d5b0474&ps=13740610&shp=30310797&shcp=ff37627b&idc=useast5"
"Who did this👺💔😂😭","2","0","2026-03-02T03:47:37.000Z","vee.v8","https://www.tiktok.com/@user6611908121759/video/7612233575705955597","7383928940308300843","7612499828376224542","https://p16-common-sign.tiktokcdn-us.com/tos-useast8-avt-0068-tx2/9233469c0f383c34a6ea0dd05ba5ab59~tplv-tiktokx-cropcenter:100:100.jpg?dr=9640&refresh_token=cb90e755&x-expires=1778400000&x-signature=KiJvGdf6c7SN%2BT%2Bzepf9Y8AKz6E%3D&t=4d5b0474&ps=13740610&shp=30310797&shcp=ff37627b&idc=useast5"
"Man you gettin innocent ppl in trouble 😂","2","0","2026-03-02T03:39:42.000Z","deiseldees","https://www.tiktok.com/@user6611908121759/video/7612233575705955597","6814583571450266630","7612497815331422990","https://p16-common-sign.tiktokcdn-us.com/tos-maliva-avt-0068/213e5fd0b34c6732ab51b3d729b6eca2~tplv-tiktokx-cropcenter:100:100.jpg?dr=9640&refresh_token=d27ec8c7&x-expires=1778400000&x-signature=tSBSHr9Yoxka2eJ1%2FSbReIZ33jc%3D&t=4d5b0474&ps=13740610&shp=30310797&shcp=ff37627b&idc=useast5"
"@cleo_malmersjo","2","1","2026-03-02T03:32:43.000Z","carla_malmersjo","https://www.tiktok.com/@user6611908121759/video/7612233575705955597","7184015832460461099","7612495940776067854","https://p19-common-sign.tiktokcdn-us.com/tos-useast5-avt-0068-tx/dcb91eaeedb7f199d34c283f9d4934e6~tplv-tiktokx-cropcenter:100:100.jpg?dr=9640&refresh_token=ce29c102&x-expires=1778400000&x-signature=Cvvh%2Fr9kzBUMvVTdEWOWwHxoWL8%3D&t=4d5b0474&ps=13740610&shp=30310797&shcp=ff37627b&idc=useast5"
"Whyyyy","2","0","2026-03-02T03:30:24.000Z","babyjackie48","https://www.tiktok.com/@user6611908121759/video/7612233575705955597","6807452828878717957","7612495382166225677","https://p16-common-sign.tiktokcdn-us.com/tos-useast5-avt-0068-tx/659eb58b32aa78f45ad08d0d75bb8506~tplv-tiktokx-cropcenter:100:100.jpg?dr=9640&refresh_token=99139e07&x-expires=1778400000&x-signature=cyjl2bnzVjDc0qBOW7zqo1FxNeg%3D&t=4d5b0474&ps=13740610&shp=30310797&shcp=ff37627b&idc=useast5"
"@Jhaarawy","2","0","2026-03-02T03:19:51.000Z","fernandotorres1962","https://www.tiktok.com/@user6611908121759/video/7612233575705955597","6949365307480065030","7612492652113756942","https://p16-common-sign.tiktokcdn-us.com/tos-maliva-avt-0068/7323922733258964998~tplv-tiktokx-cropcenter:100:100.jpg?dr=9640&refresh_token=41cac2be&x-expires=1778400000&x-signature=NvGdq6BL2MQC5aEMT6YcVfBLLIk%3D&t=4d5b0474&ps=13740610&shp=30310797&shcp=ff37627b&idc=useast5"
"","2","0","2026-03-02T03:18:57.000Z","yonx220","https://www.tiktok.com/@user6611908121759/video/7612233575705955597","7606599959609672718","7612492425672672031","https://p16-common-sign.tiktokcdn-us.com/tos-useast8-avt-0068-tx2/2dd737413491dd78a2a3bf717c683cf4~tplv-tiktokx-cropcenter:100:100.jpg?dr=9640&refresh_token=e75e5b84&x-expires=1778400000&x-signature=ksrIa7PPhuMntKLiWvnXt3%2Bws8s%3D&t=4d5b0474&ps=13740610&shp=30310797&shcp=ff37627b&idc=useast5"
"@erixkzzuez @cashdoles @Kevin @David","2","0","2026-03-02T03:15:09.000Z","arzvb16","https://www.tiktok.com/@user6611908121759/video/7612233575705955597","6720800996782851077","7612491461011768078","https://p16-common-sign.tiktokcdn-us.com/tos-useast5-avt-0068-tx/2469cf13bd7adc35894bdcd25d8fd4b5~tplv-tiktokx-cropcenter:100:100.jpg?dr=9640&refresh_token=0d175199&x-expires=1778400000&x-signature=9pNdlK5gNPNKP1xW04Aa%2FBNks7M%3D&t=4d5b0474&ps=13740610&shp=30310797&shcp=ff37627b&idc=useast5"
"Wasting food btw","2","0","2026-03-02T03:12:27.000Z","dmv_ryder12","https://www.tiktok.com/@user6611908121759/video/7612233575705955597","7561850913574536247","7612490752963478286","https://p19-common-sign.tiktokcdn-us.com/tos-useast5-avt-0068-tx/9ad45fd8b6a3be983733eedb59b687f5~tplv-tiktokx-cropcenter:100:100.jpg?dr=9640&refresh_token=5f0ef8d2&x-expires=1778400000&x-signature=YeZgLwt%2BfJmXThzjL0gNYVV0VtQ%3D&t=4d5b0474&ps=13740610&shp=30310797&shcp=ff37627b&idc=useast5"
"Just a waste of food…","2","0","2026-03-02T03:02:31.000Z","owo2868","https://www.tiktok.com/@user6611908121759/video/7612233575705955597","7177409663204639787","7612488178758484749","https://p16-common-sign.tiktokcdn-us.com/tos-useast5-avt-0068-tx/f4618ab9395af30cbd226b9d22b292c9~tplv-tiktokx-cropcenter:100:100.jpg?dr=9640&refresh_token=f94a2548&x-expires=1778400000&x-signature=J3XULNl0dSBafLvr5uEEpLIfkfg%3D&t=4d5b0474&ps=13740610&shp=30310797&shcp=ff37627b&idc=useast5"
"You can only get away with these stunts ath the ebt McDonald’s.","2","0","2026-03-02T02:59:25.000Z","320tiktoker95","https://www.tiktok.com/@user6611908121759/video/7612233575705955597","6753752487188202502","7612487353869746957","https://p19-common-sign.tiktokcdn-us.com/tos-maliva-avt-0068/1f8fc51845d169c887cb85482193c346~tplv-tiktokx-cropcenter:100:100.jpg?dr=9640&refresh_token=3f2fad1f&x-expires=1778400000&x-signature=wPaH%2BHOwT11CuwfuHplKxmqn1tQ%3D&t=4d5b0474&ps=13740610&shp=30310797&shcp=ff37627b&idc=useast5"
"This isn’t funny. What if someone got fired because of this…","2","0","2026-03-02T02:52:20.000Z","k_dubs98","https://www.tiktok.com/@user6611908121759/video/7612233575705955597","7217168865288258602","7612485588096713502","https://p19-common-sign.tiktokcdn-us.com/tos-useast8-avt-0068-tx2/0bb0430998694eb7cc69b9544e30841a~tplv-tiktokx-cropcenter:100:100.jpg?dr=9640&refresh_token=b5eeff45&x-expires=1778400000&x-signature=F8EupoutKaT8lZIMXWwngUC%2BTOI%3D&t=4d5b0474&ps=13740610&shp=30310797&shcp=ff37627b&idc=useast5"
"bro this got me laughing","3","0","2026-03-01T20:30:25.000Z","summerkid_max","https://www.tiktok.com/@user6611908121759/video/7612233575705955597","7588029060061103159","7612384215837557535","https://p16-common-sign.tiktokcdn.com/tos-maliva-avt-0068/f99172159826a969f391f499a4facc0f~tplv-tiktokx-cropcenter:100:100.jpg?dr=14579&refresh_token=39695a3f&x-expires=1778400000&x-signature=a7RuPOpFvoIRRf16bUCkqkqLrHM%3D&t=4d5b0474&ps=13740610&shp=30310797&shcp=ff37627b&idc=my"
"@✝️Gwen✝️","2","0","2026-03-02T02:45:02.000Z","naz20077","https://www.tiktok.com/@user6611908121759/video/7612233575705955597","7386842685951738922","7612483729055302430","https://p16-common-sign.tiktokcdn-us.com/tos-useast8-avt-0068-tx2/b0b95bd6a3e9b5995cc99a8a9c709018~tplv-tiktokx-cropcenter:100:100.jpg?dr=9640&refresh_token=a198a2af&x-expires=1778400000&x-signature=PHl8V9bMKWu5EupZGNYKM9M%2Baks%3D&t=4d5b0474&ps=13740610&shp=30310797&shcp=ff37627b&idc=useast8"
"funny thing, when i worked fast food and sb was rude and wanted some extra that’s exactly what they got😂😂😂","2","0","2026-03-02T02:14:38.000Z","daoriginaalkia","https://www.tiktok.com/@user6611908121759/video/7612233575705955597","6920666303381668870","7612475910352552734","https://p19-common-sign.tiktokcdn-us.com/tos-maliva-avt-0068/8363092fcae30176f6932c789ffb4d1e~tplv-tiktokx-cropcenter:100:100.jpg?dr=9640&refresh_token=78d059b2&x-expires=1778400000&x-signature=diA9kfx39LI0BLIqKi3CStzjOwU%3D&t=4d5b0474&ps=13740610&shp=30310797&shcp=ff37627b&idc=useast8"
"@bray✞: new sticker","2","0","2026-03-02T02:14:28.000Z","knucklegengingetakimunch","https://www.tiktok.com/@user6611908121759/video/7612233575705955597","7388570635704435754","7612475862604268318","https://p19-common-sign.tiktokcdn-us.com/tos-useast8-avt-0068-tx2/48016fcf8a00506c5d2890bdc4071c51~tplv-tiktokx-cropcenter:100:100.jpg?dr=9640&refresh_token=866bc096&x-expires=1778400000&x-signature=hOQ1oEY720TICtCsT9ULHG8V6i8%3D&t=4d5b0474&ps=13740610&shp=30310797&shcp=ff37627b&idc=useast8"
"This is wizard work 😂","2","0","2026-03-02T02:13:00.000Z","nosquinttint","https://www.tiktok.com/@user6611908121759/video/7612233575705955597","6910671004336063493","7612475471063008031","https://p16-common-sign.tiktokcdn-us.com/tos-useast5-avt-0068-tx/ef7d64c03d96968a04438ead18cd7c43~tplv-tiktokx-cropcenter:100:100.jpg?dr=9640&refresh_token=0812f353&x-expires=1778400000&x-signature=QyVtEmthR78y0IOw55d74FamNIQ%3D&t=4d5b0474&ps=13740610&shp=30310797&shcp=ff37627b&idc=useast8"
"Funny but not funny. I hope you told him it was a prank.","2","0","2026-03-02T01:57:36.000Z","payloan_supreme","https://www.tiktok.com/@user6611908121759/video/7612233575705955597","6665837506611773445","7612471488768197406","https://p16-common-sign.tiktokcdn-us.com/tos-useast8-avt-0068-tx2/44879aa2926293d498192b77ffe01ad4~tplv-tiktokx-cropcenter:100:100.jpg?dr=9640&refresh_token=7a303483&x-expires=1778400000&x-signature=dIep8ciz%2B9v%2FMTzqrRS6D%2Fxf91o%3D&t=4d5b0474&ps=13740610&shp=30310797&shcp=ff37627b&idc=useast8"
"@?","2","1","2026-03-02T01:53:09.000Z","britneyrangel4","https://www.tiktok.com/@user6611908121759/video/7612233575705955597","7044034312737899566","7612470340291904269","https://p16-common-sign.tiktokcdn-us.com/tos-useast5-avt-0068-tx/5e54107e5cdd6ae211c9ed3da102dcd2~tplv-tiktokx-cropcenter:100:100.jpg?dr=9640&refresh_token=a31c3def&x-expires=1778400000&x-signature=3aDsgf7phlSyM8dCZp9OtMCYVeo%3D&t=4d5b0474&ps=13740610&shp=30310797&shcp=ff37627b&idc=useast8"
"1,000 COMMENT","2","0","2026-03-02T01:50:15.000Z","arkansas_state_police","https://www.tiktok.com/@user6611908121759/video/7612233575705955597","7453683622328419359","7612469593709429518","https://p19-common-sign.tiktokcdn-us.com/tos-useast5-avt-0068-tx/5940c097efbe9cbdaab1b4fc9f613aa4~tplv-tiktokx-cropcenter:100:100.jpg?dr=9640&refresh_token=1366687e&x-expires=1778400000&x-signature=%2FRWTHemhWJcX1RnStacEDS9xhuM%3D&t=4d5b0474&ps=13740610&shp=30310797&shcp=ff37627b&idc=useast8"
"🤣🤣🤣","2","0","2026-03-02T01:48:22.000Z","laura._2184","https://www.tiktok.com/@user6611908121759/video/7612233575705955597","64519017931018240","7612469100451791646","https://p16-common-sign.tiktokcdn-us.com/tos-useast8-avt-0068-tx2/e96ce6e7e58785217be0b86c036d0f6f~tplv-tiktokx-cropcenter:100:100.jpg?dr=9640&refresh_token=03ac8083&x-expires=1778400000&x-signature=ONTclDnejFkP%2FCoTQhbn2K7XmPs%3D&t=4d5b0474&ps=13740610&shp=30310797&shcp=ff37627b&idc=useast8"
"[Sticker] ","2","0","2026-03-02T01:40:18.000Z","s0n_0f_cali","https://www.tiktok.com/@user6611908121759/video/7612233575705955597","6832121034599793669","7612467050237248286","https://p16-common-sign.tiktokcdn-us.com/tos-useast8-avt-0068-tx2/f34676a5f2430df38ec711491e163699~tplv-tiktokx-cropcenter:100:100.jpg?dr=9640&refresh_token=ffaa5db4&x-expires=1778400000&x-signature=MWFIranm4oNNbS2jicDAqKu2DQM%3D&t=4d5b0474&ps=13740610&shp=30310797&shcp=ff37627b&idc=useast8"
"[Sticker] Who did this...","2","0","2026-03-02T01:38:52.000Z","ki.gaming0","https://www.tiktok.com/@user6611908121759/video/7612233575705955597","7232524855253074990","7612466635555767071","https://p19-common-sign.tiktokcdn-us.com/tos-useast8-avt-0068-tx2/0b86a9fd4f43016ae7d3e2f46ba841df~tplv-tiktokx-cropcenter:100:100.jpg?dr=9640&refresh_token=9b655902&x-expires=1778400000&x-signature=adWN1tBJ0RGAJea4LLS0dhNzbhE%3D&t=4d5b0474&ps=13740610&shp=30310797&shcp=ff37627b&idc=useast8"
"😭😭😭😭😭😭🤣🤣🤣🤣🤣","2","0","2026-03-02T01:37:28.000Z","gawd_dawg48","https://www.tiktok.com/@user6611908121759/video/7612233575705955597","17540315","7612466306536932110","https://p16-common-sign.tiktokcdn-us.com/tos-useast5-avt-0068-tx/3874efba7365c8b76dbd8fafceeab91c~tplv-tiktokx-cropcenter:100:100.jpg?dr=9640&refresh_token=8163e0ef&x-expires=1778400000&x-signature=CALsv5zX2Gy%2FW%2FjpH0a7YmPdFzw%3D&t=4d5b0474&ps=13740610&shp=30310797&shcp=ff37627b&idc=useast8"
"Whyyyyyyy","2","0","2026-03-02T01:21:05.000Z","fuckyoujordyn1","https://www.tiktok.com/@user6611908121759/video/7612233575705955597","6836910416707388421","7612462060811469598","https://p19-common-sign.tiktokcdn-us.com/tos-useast8-avt-0068-tx2/c84177569cfe0c59e7226e0a64dd8457~tplv-tiktokx-cropcenter:100:100.jpg?dr=9640&refresh_token=d5b482a7&x-expires=1778400000&x-signature=lfto4FjYcAk7zOkFL6H6P%2Bxfq5M%3D&t=4d5b0474&ps=13740610&shp=30310797&shcp=ff37627b&idc=useast8"
"@KristenMichelle @maddie lou🐞 @mo✞","2","0","2026-03-02T01:19:22.000Z","ericwoodson44","https://www.tiktok.com/@user6611908121759/video/7612233575705955597","6877717404995650566","7612461637034984206","https://p19-common-sign.tiktokcdn-us.com/tos-useast5-avt-0068-tx/f70fac629a5d149e2bf8b32bcfb6c8f9~tplv-tiktokx-cropcenter:100:100.jpg?dr=9640&refresh_token=dba7ca4f&x-expires=1778400000&x-signature=7QsvyqJxTx1xVrkVQX7quTc0p5M%3D&t=4d5b0474&ps=13740610&shp=30310797&shcp=ff37627b&idc=useast8"
"You get people in trouble","2","0","2026-03-02T01:18:25.000Z","nyc_vivi","https://www.tiktok.com/@user6611908121759/video/7612233575705955597","6812377725862102021","7612461403459977997","https://p19-common-sign.tiktokcdn-us.com/tos-useast5-avt-0068-tx/caed2d7d5f313c324599dac1bd7c7b3e~tplv-tiktokx-cropcenter:100:100.jpg?dr=9640&refresh_token=94452e29&x-expires=1778400000&x-signature=TD3fNLqiO1MGUkuOweHP4VDCVF0%3D&t=4d5b0474&ps=13740610&shp=30310797&shcp=ff37627b&idc=useast8"
"Not funny people can get fired for that the employee can get accused for that","2","0","2026-03-02T01:15:53.000Z","fearce090","https://www.tiktok.com/@user6611908121759/video/7612233575705955597","6766320937875063813","7612460748900221726","https://p16-common-sign.tiktokcdn-us.com/tos-useast8-avt-0068-tx2/b0dd2a855aaf0f38dce9e517d5a480d5~tplv-tiktokx-cropcenter:100:100.jpg?dr=9640&refresh_token=08289763&x-expires=1778400000&x-signature=cNmj%2BGfJT4OeGyf0hsdcEIclYEY%3D&t=4d5b0474&ps=13740610&shp=30310797&shcp=ff37627b&idc=useast8"
"The MYOñnaise Burgar","2","0","2026-03-02T01:14:46.000Z","zenox_800","https://www.tiktok.com/@user6611908121759/video/7612233575705955597","7584683405872055351","7612460422688523039","https://p19-common-sign.tiktokcdn-us.com/tos-useast8-avt-0068-tx2/c5b65c6c437ba6538d6550bcb24e54e6~tplv-tiktokx-cropcenter:100:100.jpg?dr=9640&refresh_token=7ca18d35&x-expires=1778400000&x-signature=8v19dqMOWp7c4DxpIH7qL4uK3Ck%3D&t=4d5b0474&ps=13740610&shp=30310797&shcp=ff37627b&idc=useast8"
"Stoppppppp!!!!","2","0","2026-03-02T00:59:37.000Z","fuegosean_","https://www.tiktok.com/@user6611908121759/video/7612233575705955597","7172263015651247150","7612456556751831839","https://p16-common-sign.tiktokcdn-us.com/tos-useast5-avt-0068-tx/7327542188458377259~tplv-tiktokx-cropcenter:100:100.jpg?dr=9640&refresh_token=2b1fa91f&x-expires=1778400000&x-signature=G65a7I1bXrt5BacIavTvOXaI0uo%3D&t=4d5b0474&ps=13740610&shp=30310797&shcp=ff37627b&idc=useast8"
"This is terrible","2","0","2026-03-02T00:54:20.000Z","ldanford1114","https://www.tiktok.com/@user6611908121759/video/7612233575705955597","7072106422487401518","7612455144262206221","https://p19-common-sign.tiktokcdn-us.com/tos-useast5-avt-0068-tx/7349841079354540078~tplv-tiktokx-cropcenter:100:100.jpg?dr=9640&refresh_token=773ebe97&x-expires=1778400000&x-signature=yVESPZguWGvqt%2F2K5yHfC87VCzs%3D&t=4d5b0474&ps=13740610&shp=30310797&shcp=ff37627b&idc=useast8"
"Haha hella funny💯💯","2","0","2026-03-02T00:46:27.000Z","capelli1990","https://www.tiktok.com/@user6611908121759/video/7612233575705955597","7181592940906267694","7612453151866340127","https://p19-common-sign.tiktokcdn-us.com/tos-useast8-avt-0068-tx2/947a4cb0ba81f8bbb7d655028280dfa2~tplv-tiktokx-cropcenter:100:100.jpg?dr=9640&refresh_token=c168dadd&x-expires=1778400000&x-signature=vdjA%2FUVuwkdraZe90P1pY9bxSXk%3D&t=4d5b0474&ps=13740610&shp=30310797&shcp=ff37627b&idc=useast8"
"@🐞꧁•⊹٭𝚕𝚊𝚢𝚕𝚊𝚋𝚞𝚐٭⊹•꧂🐞 oh heck narrr! 🤣","2","0","2026-03-02T00:31:37.000Z","hipcass","https://www.tiktok.com/@user6611908121759/video/7612233575705955597","7446509833094431790","7612449326711784223","https://p16-common-sign.tiktokcdn-us.com/tos-useast8-avt-0068-tx2/19e603cd4cf73c1350a80b2f245bb63a~tplv-tiktokx-cropcenter:100:100.jpg?dr=9640&refresh_token=d3eaa9d6&x-expires=1778400000&x-signature=a2mhLbxMrMrL331UuGmx9cC%2Br9Q%3D&t=4d5b0474&ps=13740610&shp=30310797&shcp=ff37627b&idc=useast8"
"Fresh food maybe","2","0","2026-03-02T00:29:14.000Z","chilibeanrich","https://www.tiktok.com/@user6611908121759/video/7612233575705955597","7248022708360168491","7612448679870071582","https://p16-common-sign.tiktokcdn-us.com/tos-useast8-avt-0068-tx2/80551c3e309e4d9676988d1ef6caee7a~tplv-tiktokx-cropcenter:100:100.jpg?dr=9640&refresh_token=88eef5ea&x-expires=1778400000&x-signature=VRYPXZyw2ssdrjLhLhekH2jD9Vk%3D&t=4d5b0474&ps=13740610&shp=30310797&shcp=ff37627b&idc=useast8"
"the McCumshot","2","0","2026-03-02T00:20:36.000Z","adhdmachining","https://www.tiktok.com/@user6611908121759/video/7612233575705955597","6561493756666560518","7612446452158481166","https://p16-common-sign.tiktokcdn-us.com/tos-useast5-avt-0068-tx/6c772529dc405e683ef247f8cb8c5863~tplv-tiktokx-cropcenter:100:100.jpg?dr=9640&refresh_token=6b2377b9&x-expires=1778400000&x-signature=6M5UL5ZDnnto06B1a8Pz5hnuq%2BQ%3D&t=4d5b0474&ps=13740610&shp=30310797&shcp=ff37627b&idc=useast8"
"The food not real anyways serve them right😂😂😂😂😂😂😂","2","0","2026-03-01T23:59:44.000Z","tj_wifey","https://www.tiktok.com/@user6611908121759/video/7612233575705955597","6804777259670635526","7612441114880623373","https://p16-common-sign.tiktokcdn-us.com/tos-useast5-avt-0068-tx/3407c6031918c6c891a972dc7dc2d014~tplv-tiktokx-cropcenter:100:100.jpg?dr=9640&refresh_token=6c548487&x-expires=1778400000&x-signature=cz5OO5qClvnt07H%2BcfhG3uoXk4E%3D&t=4d5b0474&ps=13740610&shp=30310797&shcp=ff37627b&idc=useast8"
"This is hilarious😭😭😭😭","2","0","2026-03-01T23:58:19.000Z","ahshaammons","https://www.tiktok.com/@user6611908121759/video/7612233575705955597","15982463","7612440680766718751","https://p16-common-sign.tiktokcdn-us.com/tos-useast5-avt-0068-tx/e9fd0c9ae445c029ee18cf6e4d5be279~tplv-tiktokx-cropcenter:100:100.jpg?dr=9640&refresh_token=995daf12&x-expires=1778400000&x-signature=b7BPMq9c1%2FAVDyFN8oUa%2FpsTI9I%3D&t=4d5b0474&ps=13740610&shp=30310797&shcp=ff37627b&idc=useast8"
"😁😁😁","2","0","2026-03-01T23:57:52.000Z",".myleighhhhhh","https://www.tiktok.com/@user6611908121759/video/7612233575705955597","7082982296322327598","7612440634313884430","https://p19-common-sign.tiktokcdn-us.com/tos-useast5-avt-0068-tx/253b1f321d948216a793e24c1c484257~tplv-tiktokx-cropcenter:100:100.jpg?dr=9640&refresh_token=367a90e8&x-expires=1778400000&x-signature=av6dRbUNXKJ9ZP8T6lpZhOFlpYY%3D&t=4d5b0474&ps=13740610&shp=30310797&shcp=ff37627b&idc=useast8"
"😭😭😭😭😭😭😭😂😂😂","2","0","2026-03-01T23:45:06.000Z","uneditedriyah","https://www.tiktok.com/@user6611908121759/video/7612233575705955597","7589848800095044663","7612437364677378830","https://p16-common-sign.tiktokcdn-us.com/tos-useast5-avt-0068-tx/0c0e7ab160e49c8f108cff137469430a~tplv-tiktokx-cropcenter:100:100.jpg?dr=9640&refresh_token=cfb0e48e&x-expires=1778400000&x-signature=gV67jxaOu88UrIN8jmRM6wdTi7E%3D&t=4d5b0474&ps=13740610&shp=30310797&shcp=ff37627b&idc=useast8"
"Bro advertised the whole ingredients 🤣","2","0","2026-03-01T23:44:46.000Z","casii444","https://www.tiktok.com/@user6611908121759/video/7612233575705955597","6532341932180389889","7612437252153738014","https://p16-common-sign.tiktokcdn-us.com/tos-useast8-avt-0068-tx2/8620cb8180e48371ab3cd561303918a5~tplv-tiktokx-cropcenter:100:100.jpg?dr=9640&refresh_token=7957c086&x-expires=1778400000&x-signature=%2ByhqXofTxIZQRbmOuFcYOnRbwao%3D&t=4d5b0474&ps=13740610&shp=30310797&shcp=ff37627b&idc=useast8"
"im high school some1 wanted extra extra dehydrated onions. they brought the burger back and i preceeded to add two handfulls. looked at the lady in the eye and she gave me a thumbs up 😂😂😂","2","0","2026-03-01T23:12:16.000Z","back.dragger.69","https://www.tiktok.com/@user6611908121759/video/7612233575705955597","7512169600572867630","7612428840359953165","https://p19-common-sign.tiktokcdn-us.com/tos-useast5-avt-0068-tx/c0b8b35a2440fb3ef81ab7b1b8c6b3ab~tplv-tiktokx-cropcenter:100:100.jpg?dr=9640&refresh_token=81a03aa7&x-expires=1778400000&x-signature=DITdC7fAMQvNtG%2FA3JdrXyNqhV0%3D&t=4d5b0474&ps=13740610&shp=30310797&shcp=ff37627b&idc=useast8"
"Guess you filled the free time","2","0","2026-04-25T00:07:24.000Z","affemcicrgw","https://www.tiktok.com/@user6611908121759/video/7612233575705955597","7631729565482435597","7632481611733189406","https://p16-common-sign.tiktokcdn-us.com/tos-useast8-avt-0068-tx2/3ead25a7a468039763e57e93e1f16817~tplv-tiktokx-cropcenter:100:100.jpg?dr=9640&refresh_token=a079ddb5&x-expires=1778400000&x-signature=12WW4hZD6xS%2FvKtHLfOTcz%2BiaRQ%3D&t=4d5b0474&ps=13740610&shp=30310797&shcp=ff37627b&idc=useast5"
"Gram: Tovio.png","2","0","2026-03-02T02:50:34.000Z","iamtovio1","https://www.tiktok.com/@user6611908121759/video/7612233575705955597","6647567754323312645","7612485115814626078","https://p16-common-sign.tiktokcdn-us.com/tos-useast8-avt-0068-tx2/5bb6dfddbcdfde30fcd00ea9e4691305~tplv-tiktokx-cropcenter:100:100.jpg?dr=9640&refresh_token=c4edc767&x-expires=1778400000&x-signature=Nry8mMrqoOtr4TZl3MdtXbEdGCQ%3D&t=4d5b0474&ps=13740610&shp=30310797&shcp=ff37627b&idc=useast8"
"@KESSLER let's do this","2","0","2026-03-02T02:48:10.000Z","alexander.05010","https://www.tiktok.com/@user6611908121759/video/7612233575705955597","6807925203920225285","7612484531865682701","https://p19-common-sign.tiktokcdn-us.com/tos-useast5-avt-0068-tx/222886f2c895cd363a4c48a9ced7d65a~tplv-tiktokx-cropcenter:100:100.jpg?dr=9640&refresh_token=fb73d3ef&x-expires=1778400000&x-signature=w57gb2vLtDqfMiJMJ3idELjliWA%3D&t=4d5b0474&ps=13740610&shp=30310797&shcp=ff37627b&idc=useast8"
"Bro that will make some problem to other worker and they will lose a job 😏","2","0","2026-03-02T02:49:35.000Z","abdoulaziz.musa","https://www.tiktok.com/@user6611908121759/video/7612233575705955597","7310381043860718624","7612484509183771414","https://p19-common-sign.tiktokcdn-us.com/tos-maliva-avt-0068/c3b8962aa1b0760536b9cbda72b6fea6~tplv-tiktokx-cropcenter:100:100.jpg?dr=9640&refresh_token=5b71f548&x-expires=1778400000&x-signature=Hgm%2FCbNmNkciuDTPNy%2FbwYcrgL8%3D&t=4d5b0474&ps=13740610&shp=30310797&shcp=ff37627b&idc=useast8"
"@Tk","2","0","2026-03-02T02:47:27.000Z","aliyahsecrettr","https://www.tiktok.com/@user6611908121759/video/7612233575705955597","7607300726583362573","7612484314723681054","https://p16-common-sign.tiktokcdn-us.com/tos-useast8-avt-0068-tx2/269a7ed49a13ebbe488a7ad88629a830~tplv-tiktokx-cropcenter:100:100.jpg?dr=9640&refresh_token=002a393c&x-expires=1778400000&x-signature=%2FissX7gvqEV4IJrAVjOtO8BJSR8%3D&t=4d5b0474&ps=13740610&shp=30310797&shcp=ff37627b&idc=useast8"
"they gave you a whole salad on that thangggg 😂😂😂","2","0","2026-03-02T00:21:11.000Z","kayleetaylorvenez","https://www.tiktok.com/@user6611908121759/video/7612233575705955597","6658845543147601925","7612446569959342861","https://p16-common-sign.tiktokcdn.com/tos-maliva-avt-0068/6ce416285471cd6207c53d6b19c46802~tplv-tiktokx-cropcenter:100:100.jpg?dr=14579&refresh_token=1ef8b8e9&x-expires=1778400000&x-signature=VnSBWrDurevb6GOOvqUVX1LH5PM%3D&t=4d5b0474&ps=13740610&shp=30310797&shcp=ff37627b&idc=my2"
"the cheese 💀🤣😂🤣🤣","2","0","2026-03-01T23:50:43.000Z","moiseslrivera","https://www.tiktok.com/@user6611908121759/video/7612233575705955597","6744035365465736198","7612438726233096974","https://p16-common-sign.tiktokcdn.com/tos-maliva-avt-0068/4ae32fb77c9a850025d2a7dddf48b8b9~tplv-tiktokx-cropcenter:100:100.jpg?dr=14579&refresh_token=6e5af5c0&x-expires=1778400000&x-signature=l%2Bh4JTzzj1zuNfHXMA%2BtLwGOBSk%3D&t=4d5b0474&ps=13740610&shp=30310797&shcp=ff37627b&idc=my2"
"","2","0","2026-03-01T22:56:18.000Z","cruz8169","https://www.tiktok.com/@user6611908121759/video/7612233575705955597","7141239109544395818","7612424764842246943","https://p16-common-sign.tiktokcdn.com/tos-maliva-avt-0068/4db7f38468783c9ff723502d6f8f10cb~tplv-tiktokx-cropcenter:100:100.jpg?dr=14579&refresh_token=951b98ec&x-expires=1778400000&x-signature=K3Suott9LXkoSieID9RiEWKgsgY%3D&t=4d5b0474&ps=13740610&shp=30310797&shcp=ff37627b&idc=my2"
"“They gave you like a whole SALAD ON THAT THING”😂😂😂😂😂","2","0","2026-03-01T22:48:34.000Z","_aannggeell___","https://www.tiktok.com/@user6611908121759/video/7612233575705955597","6797572132040016901","7612422692671505166","https://p16-common-sign.tiktokcdn.com/tos-maliva-avt-0068/61af28669f2906754b364d367032137f~tplv-tiktokx-cropcenter:100:100.jpg?dr=14579&refresh_token=b931b234&x-expires=1778400000&x-signature=xCghO6pDuG6HJh7gMWwzfV6JgWc%3D&t=4d5b0474&ps=13740610&shp=30310797&shcp=ff37627b&idc=my2"
"So how much money are you spending to get replacements?!","2","0","2026-03-01T22:47:00.000Z","hypnoticpoison48","https://www.tiktok.com/@user6611908121759/video/7612233575705955597","6811171811419276294","7612422368304956191","https://p16-common-sign.tiktokcdn.com/tos-maliva-avt-0068/59022111146cf5dbf33b2759c12bed3d~tplv-tiktokx-cropcenter:100:100.jpg?dr=14579&refresh_token=4625db71&x-expires=1778400000&x-signature=nZvBB5sc%2Bz%2BYwYEP7qkMOTRNWNo%3D&t=4d5b0474&ps=13740610&shp=30310797&shcp=ff37627b&idc=my2"
"@Addi_main","2","0","2026-03-01T22:44:45.000Z","savannah_horn","https://www.tiktok.com/@user6611908121759/video/7612233575705955597","7377492892317254698","7612421746029544223","https://p16-sign-va.tiktokcdn.com/tos-maliva-avt-0068/4dbad9dd9163ef211f27c28a009a956d~tplv-tiktokx-cropcenter:100:100.jpg?dr=14579&refresh_token=0ca10ddd&x-expires=1778400000&x-signature=lO0taN4wxVSJ4F%2FfEMbMDS%2BG0rc%3D&t=4d5b0474&ps=13740610&shp=30310797&shcp=ff37627b&idc=my2"
"ya b making these peoples lives so much worse😭","2","0","2026-03-01T22:42:23.000Z","sheluvjoliii","https://www.tiktok.com/@user6611908121759/video/7612233575705955597","7290315149964051498","7612421167773123358","https://p16-sign-va.tiktokcdn.com/tos-maliva-avt-0068/705b47843fd87fc086376afb4b8708c2~tplv-tiktokx-cropcenter:100:100.jpg?dr=14579&refresh_token=c922e4f5&x-expires=1778400000&x-signature=mxcstey%2Fzxuyshxw95j8hCoq9yo%3D&t=4d5b0474&ps=13740610&shp=30310797&shcp=ff37627b&idc=my2"
"@sol.ﾒ𝟶","2","0","2026-03-01T22:32:39.000Z","imdaqueenn15","https://www.tiktok.com/@user6611908121759/video/7612233575705955597","7476645812660569134","7612418639010956062","https://p16-common-sign.tiktokcdn.com/tos-maliva-avt-0068/aa08cd1e4ba19880b752391b9435cf5d~tplv-tiktokx-cropcenter:100:100.jpg?dr=14579&refresh_token=8ff076d9&x-expires=1778400000&x-signature=5JVyaZUOOz%2Fbu0jjwfKNa91KuK0%3D&t=4d5b0474&ps=13740610&shp=30310797&shcp=ff37627b&idc=my2"
"@Hopee","2","0","2026-03-01T22:27:33.000Z","christiansackett","https://www.tiktok.com/@user6611908121759/video/7612233575705955597","7390517819043955754","7612417369713525535","https://p16-common-sign.tiktokcdn.com/tos-maliva-avt-0068/9d5ed7e7ed338fd82f9657a41b0bc914~tplv-tiktokx-cropcenter:100:100.jpg?dr=14579&refresh_token=5db1ed23&x-expires=1778400000&x-signature=fCSL8GMxeK9lJPOK8ILiGtHhF%2FM%3D&t=4d5b0474&ps=13740610&shp=30310797&shcp=ff37627b&idc=my2"
"😂😂😂","2","0","2026-03-01T22:26:43.000Z","sftp.drew3406","https://www.tiktok.com/@user6611908121759/video/7612233575705955597","141484565256097792","7612417173142717215","https://p16-common-sign.tiktokcdn.com/tos-maliva-avt-0068/457766fa9a93aa3ed9ae978152a093a3~tplv-tiktokx-cropcenter:100:100.jpg?dr=14579&refresh_token=560b0125&x-expires=1778400000&x-signature=tkfubxXTfSuu7mmmpWTffbfD5xg%3D&t=4d5b0474&ps=13740610&shp=30310797&shcp=ff37627b&idc=my2"
"Get someone fired doing that","2","0","2026-03-01T22:21:36.000Z","coach21031","https://www.tiktok.com/@user6611908121759/video/7612233575705955597","7220198421424309291","7612415761910809357","https://p16-common-sign.tiktokcdn.com/tos-maliva-avt-0068/9083417d6abb87c1306e50b9f65dc53c~tplv-tiktokx-cropcenter:100:100.jpg?dr=14579&refresh_token=9124e0c8&x-expires=1778400000&x-signature=025%2FBXxXf5zr4lHSSB8LTVUZowc%3D&t=4d5b0474&ps=13740610&shp=30310797&shcp=ff37627b&idc=my2"
"nada de chistoso tiene","2","0","2026-03-01T22:19:33.000Z","mcobos311","https://www.tiktok.com/@user6611908121759/video/7612233575705955597","7233876221657023530","7612415253796897566","https://p16-common-sign.tiktokcdn.com/tos-maliva-avt-0068/f7611ac8c27665d9ac9f411a26483913~tplv-tiktokx-cropcenter:100:100.jpg?dr=14579&refresh_token=3130e3bb&x-expires=1778400000&x-signature=avj74xbh3zIagALiw579A3dsKgA%3D&t=4d5b0474&ps=13740610&shp=30310797&shcp=ff37627b&idc=my2"
"@yerikpoop7","2","0","2026-03-01T22:16:56.000Z","haybugs_2","https://www.tiktok.com/@user6611908121759/video/7612233575705955597","7499983598276248618","7612414586084868895","https://p16-sign-va.tiktokcdn.com/tos-maliva-avt-0068/f17fd19267d7cb91e926d4ff973b3792~tplv-tiktokx-cropcenter:100:100.jpg?dr=14579&refresh_token=45fa5d88&x-expires=1778400000&x-signature=JcuA52ADmMH%2B0FM7U2BdJ%2F1afC0%3D&t=4d5b0474&ps=13740610&shp=30310797&shcp=ff37627b&idc=my2"
"@𝑀𝐴𝑅𝐺𝑂 💝","2","0","2026-03-01T22:14:05.000Z","addy._.spammmm7","https://www.tiktok.com/@user6611908121759/video/7612233575705955597","7529610761724691486","7612413851280655134","https://p16-common-sign.tiktokcdn.com/tos-maliva-avt-0068/15198e2e78653967ab1b06b1f2df62c3~tplv-tiktokx-cropcenter:100:100.jpg?dr=14579&refresh_token=09355757&x-expires=1778400000&x-signature=v0qQDq%2F7vheUYMDcJelHKjH3SSA%3D&t=4d5b0474&ps=13740610&shp=30310797&shcp=ff37627b&idc=my2"
"This is no fun! You don’t know how stressful those workers are going through a day.","2","0","2026-03-01T21:51:12.000Z","tyrah1988","https://www.tiktok.com/@user6611908121759/video/7612233575705955597","6818774041819055109","7612407983867790111","https://p19-common-sign.tiktokcdn.com/tos-maliva-avt-0068/2dcd783bb5c0d5e246c42e03f3ec35e1~tplv-tiktokx-cropcenter:100:100.jpg?dr=14579&refresh_token=582634ed&x-expires=1778400000&x-signature=Lwq4pZCe4gjcFNm9XayMX7b0C2w%3D&t=4d5b0474&ps=13740610&shp=30310797&shcp=ff37627b&idc=my2"
"He said sir lol","2","0","2026-03-01T21:49:09.000Z","rylie4058","https://www.tiktok.com/@user6611908121759/video/7612233575705955597","7333666531354182698","7612407372795527949","https://p16-common-sign.tiktokcdn.com/tos-maliva-avt-0068/9f2d0d1e5a23e62b6c4ddb4785537ce4~tplv-tiktokx-cropcenter:100:100.jpg?dr=14579&refresh_token=6eeaf538&x-expires=1778400000&x-signature=Jd%2Bo6O%2BzaWcqSOlhtLOuJ7L4dQU%3D&t=4d5b0474&ps=13740610&shp=30310797&shcp=ff37627b&idc=my2"
"He’s gonna have to pay again for it","2","1","2026-03-01T19:37:25.000Z","kelceegeeslin4","https://www.tiktok.com/@user6611908121759/video/7612233575705955597","7573465971882738718","7612373464758600478","https://p16-common-sign.tiktokcdn-eu.com/tos-maliva-avt-0068/f42d921748ae486e7ed92450e08accb8~tplv-tiktokx-cropcenter:100:100.jpg?dr=10399&refresh_token=4966ce81&x-expires=1778400000&x-signature=kwQqYej57IQQjRcRsNTC4DBhlys%3D&t=4d5b0474&ps=13740610&shp=30310797&shcp=ff37627b&idc=no1a"
"Bro stuff like this is what cost me my job :V","2","0","2026-03-02T01:17:08.000Z","spideybloxtt","https://www.tiktok.com/@user6611908121759/video/7612233575705955597","6875465031691453446","7612461075375948558","https://p16-common-sign.tiktokcdn-eu.com/tos-maliva-avt-0068/8838daebb3f666ee1cf25ed27ae13f9f~tplv-tiktokx-cropcenter:100:100.jpg?dr=10399&refresh_token=7da04953&x-expires=1778400000&x-signature=M3qY3PjBB%2Fi4rQ%2FXdnAgbIH7cUo%3D&t=4d5b0474&ps=13740610&shp=30310797&shcp=ff37627b&idc=no1a"
"BRO","2","0","2026-03-01T19:43:59.000Z","nokapgigi","https://www.tiktok.com/@user6611908121759/video/7612233575705955597","6940422510362952710","7612375208913158943","https://p19-common-sign.tiktokcdn-eu.com/tos-maliva-avt-0068/636de7e96d6bf7387b451d01765ac836~tplv-tiktokx-cropcenter:100:100.jpg?dr=10399&refresh_token=f82598c7&x-expires=1778400000&x-signature=EaA%2Br%2BGJNUhiLyqsbn5oSl%2Fd26Y%3D&t=4d5b0474&ps=13740610&shp=30310797&shcp=ff37627b&idc=no1a"
"And When They Hand It Back To You, You Don’t Check It Infront Of Them 😒","2","0","2026-03-01T19:10:44.000Z","ddt619","https://www.tiktok.com/@user6611908121759/video/7612233575705955597","6933146495601525766","7612366627565257503","https://p16-common-sign.tiktokcdn-eu.com/tos-maliva-avt-0068/fe74b99c59c23eae244f33dbda92c7fb~tplv-tiktokx-cropcenter:100:100.jpg?dr=10399&refresh_token=33228cf6&x-expires=1778400000&x-signature=pLWUKUqm7l4zfElv0yypMRlR2QA%3D&t=4d5b0474&ps=13740610&shp=30310797&shcp=ff37627b&idc=no1a"
"DUDE I’ve been to one of those Mc.Donalds","1","0","2026-05-02T00:44:38.000Z","kkavb33","https://www.tiktok.com/@user6611908121759/video/7612233575705955597","7634153904817325070","7635088766219551501","https://lh3.googleusercontent.com/a/ACg8ocKFmffF_qPxDShzTizCTTUoZXVQzBSkgrpP5Nd4yKjMj00PNQ=s300-c"
"whats the point of that","1","0","2026-05-01T18:48:49.000Z","_sava.z2_","https://www.tiktok.com/@user6611908121759/video/7612233575705955597","7216588017942365190","7634997192771961620","https://p19-common-sign.tiktokcdn-us.com/tos-maliva-avt-0068/3b0b299349c19724500bff77cf67c4ed~tplv-tiktokx-cropcenter:100:100.jpg?dr=9640&refresh_token=84609c36&x-expires=1778400000&x-signature=SYeKs0ZIxU07Hg9TtORkcajf5%2BA%3D&t=4d5b0474&ps=13740610&shp=30310797&shcp=ff37627b&idc=useast8"
"😂","1","0","2026-05-01T16:07:20.000Z","alex20lucas","https://www.tiktok.com/@user6611908121759/video/7612233575705955597","6803570333406888966","7634955590767182613","https://p16-common-sign.tiktokcdn-us.com/tos-maliva-avt-0068/dfb0b16fa6c8b997d7952578bfcbc8e4~tplv-tiktokx-cropcenter:100:100.jpg?dr=9640&refresh_token=59d81e50&x-expires=1778400000&x-signature=xCvIK6Ui3xb5w3GihAWN%2Bxl4LbE%3D&t=4d5b0474&ps=13740610&shp=30310797&shcp=ff37627b&idc=useast8"
"คิงไม่ต้องแดกละ","1","0","2026-05-01T12:15:03.000Z","pondzarama","https://www.tiktok.com/@user6611908121759/video/7612233575705955597","6763858866431214593","7634895761112941319","https://p16-common-sign.tiktokcdn-us.com/tos-useast2a-avt-0068-aiso/5a71adba14a83d43213e751e418d2426~tplv-tiktokx-cropcenter:100:100.jpg?dr=9640&refresh_token=d92c52ef&x-expires=1778400000&x-signature=Z67OLBdJ%2B8kX2sQ%2FcvBjBhcXLnk%3D&t=4d5b0474&ps=13740610&shp=30310797&shcp=ff37627b&idc=useast8"
"Its not a fun 🥹🥹 someone will be fired","1","0","2026-05-01T11:01:46.000Z","tg.sham","https://www.tiktok.com/@user6611908121759/video/7612233575705955597","6662281460797505542","7634876860472394513","https://p19-common-sign.tiktokcdn-us.com/tos-alisg-avt-0068/a73a2d87d1435940542c4201b9ea7374~tplv-tiktokx-cropcenter:100:100.jpg?dr=9640&refresh_token=27cd3748&x-expires=1778400000&x-signature=tkwI8WYZsEe3MONWMNDDglYboS4%3D&t=4d5b0474&ps=13740610&shp=30310797&shcp=ff37627b&idc=useast8"
"😂😂","1","0","2026-04-30T23:03:40.000Z","sv.enrique_17","https://www.tiktok.com/@user6611908121759/video/7612233575705955597","7045396963987227653","7634691726271759124","https://p16-common-sign.tiktokcdn-us.com/tos-alisg-avt-0068/cc4b7f2193ba35185cee5c97658223f1~tplv-tiktokx-cropcenter:100:100.jpg?dr=9640&refresh_token=e54a34bc&x-expires=1778400000&x-signature=28q5K8DkSfj9Ov4ZUIDRTOYqLBQ%3D&t=4d5b0474&ps=13740610&shp=30310797&shcp=ff37627b&idc=useast8"
"@baran","1","0","2026-04-30T19:20:30.000Z","meliodasolus","https://www.tiktok.com/@user6611908121759/video/7612233575705955597","7079852790329476102","7634634275073622785","https://p19-common-sign.tiktokcdn-us.com/tos-alisg-avt-0068/f0e3ef9a4a4aeeff073a8c0d6662e656~tplv-tiktokx-cropcenter:100:100.jpg?dr=9640&refresh_token=919e4774&x-expires=1778400000&x-signature=8CZMJhuv14SHlHb1qNh5PTabR%2Fs%3D&t=4d5b0474&ps=13740610&shp=30310797&shcp=ff37627b&idc=useast8"
"SEE MY RREPOST","1","0","2026-04-30T13:48:55.000Z","berkedits_500","https://www.tiktok.com/@user6611908121759/video/7612233575705955597","7588454202314097672","7634548827916108560","https://p16-common-sign.tiktokcdn-us.com/tos-alisg-avt-0068/dd33efa72404c08dce22180e31b93c0b~tplv-tiktokx-cropcenter:100:100.jpg?dr=9640&refresh_token=5c7e71ec&x-expires=1778400000&x-signature=rid87JzccfPg0lO7DZRMZWvOPM4%3D&t=4d5b0474&ps=13740610&shp=30310797&shcp=ff37627b&idc=useast8"
"CHECKK MY REPOST","1","0","2026-04-30T13:48:19.000Z","berkedits_500","https://www.tiktok.com/@user6611908121759/video/7612233575705955597","7588454202314097672","7634548709045142289","https://p16-common-sign.tiktokcdn-us.com/tos-alisg-avt-0068/dd33efa72404c08dce22180e31b93c0b~tplv-tiktokx-cropcenter:100:100.jpg?dr=9640&refresh_token=5c7e71ec&x-expires=1778400000&x-signature=rid87JzccfPg0lO7DZRMZWvOPM4%3D&t=4d5b0474&ps=13740610&shp=30310797&shcp=ff37627b&idc=useast8"
"CHECK, MY REPOST","1","0","2026-04-30T13:47:49.000Z","berkedits_500","https://www.tiktok.com/@user6611908121759/video/7612233575705955597","7588454202314097672","7634548565171585793","https://p16-common-sign.tiktokcdn-us.com/tos-alisg-avt-0068/dd33efa72404c08dce22180e31b93c0b~tplv-tiktokx-cropcenter:100:100.jpg?dr=9640&refresh_token=5c7e71ec&x-expires=1778400000&x-signature=rid87JzccfPg0lO7DZRMZWvOPM4%3D&t=4d5b0474&ps=13740610&shp=30310797&shcp=ff37627b&idc=useast8"
"not funny bro","1","0","2026-04-30T12:42:42.000Z","zue_fredy","https://www.tiktok.com/@user6611908121759/video/7612233575705955597","6807027408173302785","7634531777512653586","https://p19-common-sign.tiktokcdn-us.com/tos-alisg-avt-0068/170e63b0327d5d9d1c31687daf2207a7~tplv-tiktokx-cropcenter:100:100.jpg?dr=9640&refresh_token=8d3c391e&x-expires=1778400000&x-signature=YrxYwBUMZz%2FHmEPN9DLJUiyn2A8%3D&t=4d5b0474&ps=13740610&shp=30310797&shcp=ff37627b&idc=useast8"
"that's hilarious dude","1","0","2026-04-30T12:08:00.000Z","kenwasabi7","https://www.tiktok.com/@user6611908121759/video/7612233575705955597","7280115875280323589","7634522807598859024","https://p16-common-sign.tiktokcdn-us.com/tos-maliva-avt-0068/1d1b39fc8eec85ed90c3fb36122ae1a5~tplv-tiktokx-cropcenter:100:100.jpg?dr=9640&refresh_token=aa4034dc&x-expires=1778400000&x-signature=%2FWahX0ucz8pIeYu9Xr77vI1DWKE%3D&t=4d5b0474&ps=13740610&shp=30310797&shcp=ff37627b&idc=useast8"
"People losing their job over this? That ain't funny...AT ALL","1","0","2026-04-30T10:27:06.000Z","sherryedits213","https://www.tiktok.com/@user6611908121759/video/7612233575705955597","7572038477648446472","7634496845096256272","https://p19-common-sign.tiktokcdn-us.com/tos-alisg-avt-0068/2b44623316ad8b54a315ae7d6a399495~tplv-tiktokx-cropcenter:100:100.jpg?dr=9640&refresh_token=e3dfe47d&x-expires=1778400000&x-signature=KJa5Q6y8E3G%2FfV1I1cuKPb9B3pE%3D&t=4d5b0474&ps=13740610&shp=30310797&shcp=ff37627b&idc=useast8"
"ايش الكمره الي يستخدمها","1","0","2026-04-30T08:56:44.000Z","qatto_22","https://www.tiktok.com/@user6611908121759/video/7612233575705955597","7177455452414084102","7634473526301557521","https://p19-common-sign.tiktokcdn-us.com/tos-alisg-avt-0068/13caf7ef37d77ad5aff87457a39898a1~tplv-tiktokx-cropcenter:100:100.jpg?dr=9640&refresh_token=724fec73&x-expires=1778400000&x-signature=J00IOBE7lsPdhLpEXe0XIvFU33A%3D&t=4d5b0474&ps=13740610&shp=30310797&shcp=ff37627b&idc=useast8"
"Don’t do that I m so fell bad that who people get fired because of that and they need job for future","1","0","2026-04-30T05:41:56.000Z","lottiefan6","https://www.tiktok.com/@user6611908121759/video/7612233575705955597","7591663875066496014","7634422945625342750","https://p16-common-sign.tiktokcdn-us.com/tos-useast8-avt-0068-tx2/1d754f2836e4191ee24961729066e0ef~tplv-tiktokx-cropcenter:100:100.jpg?dr=9640&refresh_token=a7f58676&x-expires=1778400000&x-signature=QYQYgvtKc9I1q22d7qPEm6qqKns%3D&t=4d5b0474&ps=13740610&shp=30310797&shcp=ff37627b&idc=useast8"
"This is so menacing","1","0","2026-04-30T04:02:14.000Z","locaa.libre","https://www.tiktok.com/@user6611908121759/video/7612233575705955597","7217464864070632491","7634397533125313311","https://p19-common-sign.tiktokcdn-us.com/tos-useast5-avt-0068-tx/98cda475a96c277dede13d22f5bfab12~tplv-tiktokx-cropcenter:100:100.jpg?dr=9640&refresh_token=8c055644&x-expires=1778400000&x-signature=1j2HjoKKvD7PNQX1QJ4kh0VurTc%3D&t=4d5b0474&ps=13740610&shp=30310797&shcp=ff37627b&idc=useast8"
"@Anna Boos @𝙴𝚖𝚖𝚊 🃁♤","1","0","2026-04-30T02:00:09.000Z","dooddude23","https://www.tiktok.com/@user6611908121759/video/7612233575705955597","7071698575373435946","7634366161706451726","https://p19-common-sign.tiktokcdn-us.com/tos-useast5-avt-0068-tx/b0276d7d96daf496c0b59adc5b1aee98~tplv-tiktokx-cropcenter:100:100.jpg?dr=9640&refresh_token=fc121406&x-expires=1778400000&x-signature=stEhxR3kNyawEungtB15ze4RFSQ%3D&t=4d5b0474&ps=13740610&shp=30310797&shcp=ff37627b&idc=useast8"
"The type of content that we do not need to support at all, shame on the guy who’s actually monetizing on this type of content fr","1","0","2026-04-29T23:08:15.000Z","alex92mc","https://www.tiktok.com/@user6611908121759/video/7612233575705955597","6691466234826097670","7634321826080572190","https://p19-common-sign.tiktokcdn-us.com/tos-useast5-avt-0068-tx/64eef121d05ca9dc5f5bde1764fd059a~tplv-tiktokx-cropcenter:100:100.jpg?dr=9640&refresh_token=3c82cd58&x-expires=1778400000&x-signature=8YpEKG0N1%2F0ro%2FXD9ExpL%2B3c%2FE8%3D&t=4d5b0474&ps=13740610&shp=30310797&shcp=ff37627b&idc=useast8"
"😂😂😂","1","0","2026-04-29T22:53:55.000Z","benjaminruiz2066","https://www.tiktok.com/@user6611908121759/video/7612233575705955597","7256283032315675694","7634318133134983950","https://p16-common-sign.tiktokcdn-us.com/tos-useast5-avt-0068-tx/7256284141061144618~tplv-tiktokx-cropcenter:100:100.jpg?dr=9640&refresh_token=c7fddf52&x-expires=1778400000&x-signature=Y4ISHPh2jaVcWyJ5FIVnP8V50bY%3D&t=4d5b0474&ps=13740610&shp=30310797&shcp=ff37627b&idc=useast8"
"What about the cctv?","1","0","2026-04-29T21:38:51.000Z","hishamy2023","https://www.tiktok.com/@user6611908121759/video/7612233575705955597","6943842231015605253","7634298822143869703","https://p16-common-sign.tiktokcdn-us.com/tos-alisg-avt-0068/a531ecee69dbcede1a4457596036e65e~tplv-tiktokx-cropcenter:100:100.jpg?dr=9640&refresh_token=1be9e880&x-expires=1778400000&x-signature=H77l%2FLq2OBy1go%2BcELUvXdkVFXU%3D&t=4d5b0474&ps=13740610&shp=30310797&shcp=ff37627b&idc=useast8"
"Jajajajajjajajajaja","1","0","2026-04-29T18:57:59.000Z","armandoromero1215","https://www.tiktok.com/@user6611908121759/video/7612233575705955597","7376709825001063466","7634257264158163742","https://p19-common-sign.tiktokcdn-us.com/tos-useast5-avt-0068-tx/f80f2ebc6168c7dc0587273ae70a09d8~tplv-tiktokx-cropcenter:100:100.jpg?dr=9640&refresh_token=c4e3f171&x-expires=1778400000&x-signature=DlEx22sSKjSp8gsxDwKXSxekX44%3D&t=4d5b0474&ps=13740610&shp=30310797&shcp=ff37627b&idc=useast8"
"i know you'll tell them it's just a joke but it's not funny at all","1","0","2026-04-29T17:46:55.000Z","i6.moe","https://www.tiktok.com/@user6611908121759/video/7612233575705955597","6731071979489543169","7634239109409850128","https://p19-common-sign.tiktokcdn-us.com/tos-alisg-avt-0068/7330612565682651154~tplv-tiktokx-cropcenter:100:100.jpg?dr=9640&refresh_token=8e25935b&x-expires=1778400000&x-signature=Kn2eAX8UnbKDcyERSPhygQyWafM%3D&t=4d5b0474&ps=13740610&shp=30310797&shcp=ff37627b&idc=useast8"
"Invisible camera amazing","1","0","2026-04-29T14:47:05.000Z","klakson2000","https://www.tiktok.com/@user6611908121759/video/7612233575705955597","7045344481592689669","7634192751969567510","https://p16-common-sign.tiktokcdn-us.com/musically-maliva-obj/1594805258216454~tplv-tiktokx-cropcenter:100:100.jpg?dr=9640&refresh_token=9d879f78&x-expires=1778400000&x-signature=TPSeNdAH%2FurHgCyQTrlPVP%2BZMd4%3D&t=4d5b0474&ps=13740610&shp=30310797&shcp=ff37627b&idc=useast8"
"🥰🥰🥰","1","0","2026-04-29T14:22:17.000Z","infinti.qx60.and","https://www.tiktok.com/@user6611908121759/video/7612233575705955597","7633948072775091213","7634186247531414286","https://p19-common-sign.tiktokcdn-us.com/tos-useast5-avt-0068-tx/a0dbe20840de4538a732dea3847ce17b~tplv-tiktokx-cropcenter:100:100.jpg?dr=9640&refresh_token=a6f24553&x-expires=1778400000&x-signature=tC%2Fzq%2BssRzSWYr3UKN8e0cf73%2FU%3D&t=4d5b0474&ps=13740610&shp=30310797&shcp=ff37627b&idc=useast8"
"This is not Funny","1","1","2026-04-29T11:35:52.000Z","djymzeekay","https://www.tiktok.com/@user6611908121759/video/7612233575705955597","7404585752892392453","7634143505300062994","https://p16-common-sign.tiktokcdn-us.com/tos-alisg-avt-0068/6f5092292c55cb60e8a7c6109c05fd21~tplv-tiktokx-cropcenter:100:100.jpg?dr=9640&refresh_token=21e3c1be&x-expires=1778400000&x-signature=xu2q1jDNnGFWAUfZdaBMabxR074%3D&t=4d5b0474&ps=13740610&shp=30310797&shcp=ff37627b&idc=useast8"
"bro stop that it's not funny 😒","1","0","2026-04-29T11:30:48.000Z","hamareos2","https://www.tiktok.com/@user6611908121759/video/7612233575705955597","283803101835436032","7634142181305582354","https://p16-common-sign.tiktokcdn-us.com/tos-alisg-avt-0068/8684fb9b5b32832af0f578e9d3dd7b16~tplv-tiktokx-cropcenter:100:100.jpg?dr=9640&refresh_token=397bdf0a&x-expires=1778400000&x-signature=%2BOZXYpgHoXI%2BMC6m%2FdxhF4gmrh4%3D&t=4d5b0474&ps=13740610&shp=30310797&shcp=ff37627b&idc=useast8"
"[Sticker] why?","1","0","2026-04-29T10:17:28.000Z","braclan","https://www.tiktok.com/@user6611908121759/video/7612233575705955597","6903550416395830277","7634123252969407253","https://p19-common-sign.tiktokcdn-us.com/tos-maliva-avt-0068/56c920111e7a3cf6c321639033bdeace~tplv-tiktokx-cropcenter:100:100.jpg?dr=9640&refresh_token=80bcffef&x-expires=1778400000&x-signature=tl7rxcTnQ2Js77IzpNu6bc0Ms%2F8%3D&t=4d5b0474&ps=13740610&shp=30310797&shcp=ff37627b&idc=useast8"
"this not good bro..","1","1","2026-04-29T10:13:33.000Z","isabella_guzmans","https://www.tiktok.com/@user6611908121759/video/7612233575705955597","7391430692385653765","7634122260449657621","https://p19-common-sign.tiktokcdn-us.com/tos-alisg-avt-0068/7391431252126990353~tplv-tiktokx-cropcenter:100:100.jpg?dr=9640&refresh_token=153a78e9&x-expires=1778400000&x-signature=V%2BAAZLgzUJlLSFhjqFLG%2Fke8pk8%3D&t=4d5b0474&ps=13740610&shp=30310797&shcp=ff37627b&idc=useast8"
"u're totally cruel..","1","0","2026-04-29T07:41:45.000Z","ss_twenty_two","https://www.tiktok.com/@user6611908121759/video/7612233575705955597","6910238260036305922","7634083127149626130","https://p16-common-sign.tiktokcdn-us.com/tos-alisg-avt-0068/1357dfd25d1da4a5af291d2446e57c57~tplv-tiktokx-cropcenter:100:100.jpg?dr=9640&refresh_token=6f22e839&x-expires=1778400000&x-signature=bGOnwxPxdzqo%2FfUkYf84zzJmKzo%3D&t=4d5b0474&ps=13740610&shp=30310797&shcp=ff37627b&idc=useast8"
"😂😂😂","1","0","2026-04-29T02:45:17.000Z","rnash087","https://www.tiktok.com/@user6611908121759/video/7612233575705955597","6927589096475018245","7634006680750359326","https://p16-common-sign.tiktokcdn-us.com/tos-useast5-avt-0068-tx/f53f96c6932ea6142203e9a711d342e4~tplv-tiktokx-cropcenter:100:100.jpg?dr=9640&refresh_token=e1a50766&x-expires=1778400000&x-signature=TRd5Hx95MaIeRNZCAH1vGMKI1l8%3D&t=4d5b0474&ps=13740610&shp=30310797&shcp=ff37627b&idc=useast8"
"🤣🤣🤣","1","0","2026-04-29T01:33:24.000Z","lovesrs83","https://www.tiktok.com/@user6611908121759/video/7612233575705955597","6590079688848261126","7633988177674060574","https://p16-common-sign.tiktokcdn-us.com/tos-useast8-avt-0068-tx2/16d1fb173d43ae0d0fd04d0adada1888~tplv-tiktokx-cropcenter:100:100.jpg?dr=9640&refresh_token=73005f5a&x-expires=1778400000&x-signature=cYLLBcYnNk64mY8tp%2B2rZayBMIY%3D&t=4d5b0474&ps=13740610&shp=30310797&shcp=ff37627b&idc=useast8"
"Damn people with nothing better to do","1","0","2026-04-29T01:05:28.000Z","martinnava609","https://www.tiktok.com/@user6611908121759/video/7612233575705955597","6978668647481541637","7633980988028977951","https://p16-common-sign.tiktokcdn-us.com/tos-useast5-avt-0068-tx/7343669911467606062~tplv-tiktokx-cropcenter:100:100.jpg?dr=9640&refresh_token=84dc0716&x-expires=1778400000&x-signature=Pt6d6FE60ioO5ayNF9hVY59Sv4I%3D&t=4d5b0474&ps=13740610&shp=30310797&shcp=ff37627b&idc=useast8"
"Y yo","1","0","2026-04-29T00:11:56.000Z","fredyalvaro809","https://www.tiktok.com/@user6611908121759/video/7612233575705955597","7633688569299010574","7633967210025059102","https://p16-common-sign.tiktokcdn-us.com/tos-useast8-avt-0068-tx2/37359a655071212ead79a5c3296e194c~tplv-tiktokx-cropcenter:100:100.jpg?dr=9640&refresh_token=0488631b&x-expires=1778400000&x-signature=DF03votXKf0VPoLni8NeNGxWU10%3D&t=4d5b0474&ps=13740610&shp=30310797&shcp=ff37627b&idc=useast8"
"bro doesn't want peace, those workers already go through a lot😂😭😑","1","0","2026-04-28T23:44:42.000Z","jordanjacobs14","https://www.tiktok.com/@user6611908121759/video/7612233575705955597","193848254151917569","7633960063674516245","https://p16-common-sign.tiktokcdn-us.com/tos-maliva-avt-0068/1f676e774b1a75bf7e8ebbc39a4d2e2e~tplv-tiktokx-cropcenter:100:100.jpg?dr=9640&refresh_token=09a48b71&x-expires=1778400000&x-signature=Y7nWou2fZTlLIsaeOrArE3fFxy4%3D&t=4d5b0474&ps=13740610&shp=30310797&shcp=ff37627b&idc=useast8"
"😂😂😂","1","0","2026-04-28T23:39:04.000Z","csarg07","https://www.tiktok.com/@user6611908121759/video/7612233575705955597","7489133413266998314","7633958697693643551","https://p19-common-sign.tiktokcdn-us.com/tos-useast8-avt-0068-tx2/66185c0d038ca870968d259d98301953~tplv-tiktokx-cropcenter:100:100.jpg?dr=9640&refresh_token=4ce89daa&x-expires=1778400000&x-signature=SSAPqcSxmQLdUEu1UcJiEMraYn0%3D&t=4d5b0474&ps=13740610&shp=30310797&shcp=ff37627b&idc=useast8"
"bored.com","1","0","2026-04-28T23:06:04.000Z","joejoecool","https://www.tiktok.com/@user6611908121759/video/7612233575705955597","7258719228240200731","7633950089207890710","https://p16-common-sign.tiktokcdn-us.com/tos-useast2a-avt-0068-euttp/7258719784416575514~tplv-tiktokx-cropcenter:100:100.jpg?dr=9640&refresh_token=d1e1a511&x-expires=1778400000&x-signature=UQCYYZ4cnruaFU1Sqao%2Byf4hSw8%3D&t=4d5b0474&ps=13740610&shp=30310797&shcp=ff37627b&idc=useast8"
"😂😂😂","1","0","2026-04-28T21:43:07.000Z","annabanda73","https://www.tiktok.com/@user6611908121759/video/7612233575705955597","7170148764630811690","7633928818285085471","https://p16-common-sign.tiktokcdn-us.com/tos-useast5-avt-0068-tx/7347232403401752622~tplv-tiktokx-cropcenter:100:100.jpg?dr=9640&refresh_token=b6c41950&x-expires=1778400000&x-signature=rl61TD4ytUYAiGrbnMdXFTBcozY%3D&t=4d5b0474&ps=13740610&shp=30310797&shcp=ff37627b&idc=useast8"
"😹😹","1","0","2026-04-28T17:36:23.000Z","thatqueenbee1","https://www.tiktok.com/@user6611908121759/video/7612233575705955597","6866560973433865221","7633865230090568478","https://p19-common-sign.tiktokcdn-us.com/tos-useast8-avt-0068-tx2/833f7d288f6f48487f689b5d03881f1b~tplv-tiktokx-cropcenter:100:100.jpg?dr=9640&refresh_token=b5544bd7&x-expires=1778400000&x-signature=fQOLur12Z30Inux3nlrr7QK36qo%3D&t=4d5b0474&ps=13740610&shp=30310797&shcp=ff37627b&idc=useast8"
"","1","0","2026-04-28T17:14:36.000Z","guadalupesaucedo29","https://www.tiktok.com/@user6611908121759/video/7612233575705955597","7632916641319666701","7633859574101459726","https://p19-common-sign.tiktokcdn-us.com/tos-useast5-avt-0068-tx/6d0ecb08d38a4b627f7ba449ac95e46c~tplv-tiktokx-cropcenter:100:100.jpg?dr=9640&refresh_token=d478e276&x-expires=1778400000&x-signature=OjWnDE%2BQcSf4vW%2FG0xvCepj5urU%3D&t=4d5b0474&ps=13740610&shp=30310797&shcp=ff37627b&idc=useast8"
"@Lauren","1","0","2026-04-28T13:20:52.000Z","snortingcatfunts","https://www.tiktok.com/@user6611908121759/video/7612233575705955597","6765224634524713989","7633799391443288854","https://p19-common-sign.tiktokcdn-us.com/tos-useast2a-avt-0068-euttp/55fb76d6c20db52d746adc5755a0830b~tplv-tiktokx-cropcenter:100:100.jpg?dr=9640&refresh_token=bc6baf56&x-expires=1778400000&x-signature=m9JuuGJS3UqXjIFaz2NVjnNrpn8%3D&t=4d5b0474&ps=13740610&shp=30310797&shcp=ff37627b&idc=useast8"
"😂😂😂","1","0","2026-04-28T11:21:34.000Z","eliseo.paz54","https://www.tiktok.com/@user6611908121759/video/7612233575705955597","7633006804868039693","7633768540373402382","https://p16-amd-va.tiktokcdn.com/img/user-avatar-musically/3e5167c555ee2d25417d0adfc88c78df~120x256.image"
"lol","1","0","2026-04-28T08:58:28.000Z","mikeboatright62","https://www.tiktok.com/@user6611908121759/video/7612233575705955597","7568009012463109134","7633731263145689886","https://p19-common-sign.tiktokcdn-us.com/tos-useast5-avt-0068-tx/4185f93542d6895a922c8af5b35c0107~tplv-tiktokx-cropcenter:100:100.jpg?dr=9640&refresh_token=e3b9f0d7&x-expires=1778400000&x-signature=thShQiNUFZjM5FIYZBBGLpPgM6Q%3D&t=4d5b0474&ps=13740610&shp=30310797&shcp=ff37627b&idc=useast8"
"not funny at all","1","0","2026-04-28T08:45:22.000Z","sae.alleyne","https://www.tiktok.com/@user6611908121759/video/7612233575705955597","7182958655547999278","7633728052761297677","https://p16-common-sign.tiktokcdn-us.com/tos-useast5-avt-0068-tx/4957cac6affe699bfe3d8945d116c42c~tplv-tiktokx-cropcenter:100:100.jpg?dr=9640&refresh_token=5425937b&x-expires=1778400000&x-signature=q%2BbmRETzF6fd7D2fub6FX0zNse0%3D&t=4d5b0474&ps=13740610&shp=30310797&shcp=ff37627b&idc=useast8"
"this is the most funniest shit ever!!! 🤣","1","0","2026-04-28T06:45:47.000Z","matthewrodrigue853","https://www.tiktok.com/@user6611908121759/video/7612233575705955597","6997885480722138117","7633697276351021854","https://p19-common-sign.tiktokcdn-us.com/tos-useast8-avt-0068-tx2/eec533ed6f490c333d57d2167160b781~tplv-tiktokx-cropcenter:100:100.jpg?dr=9640&refresh_token=fc80c044&x-expires=1778400000&x-signature=Pvyyt4urPnT4lgeQg%2FEB%2B4uDHew%3D&t=4d5b0474&ps=13740610&shp=30310797&shcp=ff37627b&idc=useast8"
"😂😂😂😂","1","0","2026-04-28T06:11:28.000Z","humble.xhamp","https://www.tiktok.com/@user6611908121759/video/7612233575705955597","7632454219552261134","7633688492819956494","https://p16-common-sign.tiktokcdn-us.com/tos-useast5-avt-0068-tx/188ed80c32ef02f76a1c8130afbd288c~tplv-tiktokx-cropcenter:100:100.jpg?dr=9640&refresh_token=c82d2568&x-expires=1778400000&x-signature=hdPWQwrqirdiSQE8fPz5HdrYgZo%3D&t=4d5b0474&ps=13740610&shp=30310797&shcp=ff37627b&idc=useast8"
"Un sdf aurais étais vraiment super heureux","1","0","2026-04-28T04:35:41.000Z",".kam.elv","https://www.tiktok.com/@user6611908121759/video/7612233575705955597","6572462978053144581","7633663900543025942","https://p16-common-sign.tiktokcdn-us.com/tos-maliva-avt-0068/e494d7485b411a1d676c6cb8ec52988b~tplv-tiktokx-cropcenter:100:100.jpg?dr=9640&refresh_token=afe03879&x-expires=1778400000&x-signature=W%2BAf%2F7SPsIUSO0iYmqYxMrALjD4%3D&t=4d5b0474&ps=13740610&shp=30310797&shcp=ff37627b&idc=useast8"
"a whole salad😂😂😂","1","0","2026-04-28T02:48:27.000Z","montezcarlo1","https://www.tiktok.com/@user6611908121759/video/7612233575705955597","6857816211981665285","7633636418041398030","https://p19-common-sign.tiktokcdn-us.com/tos-useast5-avt-0068-tx/90d60c359ccdf6bfce4d45ebf15adfb7~tplv-tiktokx-cropcenter:100:100.jpg?dr=9640&refresh_token=e17ae065&x-expires=1778400000&x-signature=V0pO1Aj2HYVbHrqnIFLGnVvOyDE%3D&t=4d5b0474&ps=13740610&shp=30310797&shcp=ff37627b&idc=useast8"
"Yes more please","1","0","2026-04-28T01:26:49.000Z","ry_nwrld","https://www.tiktok.com/@user6611908121759/video/7612233575705955597","6812024465154704390","7633615414300328735","https://p16-common-sign.tiktokcdn-us.com/tos-useast8-avt-0068-tx2/2b9e95c0a633b2be3c2037e3387c9563~tplv-tiktokx-cropcenter:100:100.jpg?dr=9640&refresh_token=85d5718f&x-expires=1778400000&x-signature=4ZiWdooIams82Dttmz20iis2PN4%3D&t=4d5b0474&ps=13740610&shp=30310797&shcp=ff37627b&idc=useast8"
"beautiful what a brilliant idea","1","0","2026-04-28T00:58:23.000Z","tmvrlnews","https://www.tiktok.com/@user6611908121759/video/7612233575705955597","7621684505170707477","7633608035868574481","https://p19-common-sign.tiktokcdn-us.com/tos-alisg-avt-0068/580d15aa02005c496b130780e2bb7b98~tplv-tiktokx-cropcenter:100:100.jpg?dr=9640&refresh_token=5698f5b0&x-expires=1778400000&x-signature=4bfuU5v7%2FI7lEcs6Nl5%2BNaX3BlM%3D&t=4d5b0474&ps=13740610&shp=30310797&shcp=ff37627b&idc=useast8"
"Play to much","1","0","2026-04-28T00:54:02.000Z","smittysmitty924","https://www.tiktok.com/@user6611908121759/video/7612233575705955597","7038705665619477510","7633606951977255711","https://p19-common-sign.tiktokcdn-us.com/tos-useast5-avt-0068-tx/c61ccf221d48d8cb03fa8fbda576e472~tplv-tiktokx-cropcenter:100:100.jpg?dr=9640&refresh_token=e96569f2&x-expires=1778400000&x-signature=VvknjNJzhkLfZS4eoTMcTjFXInU%3D&t=4d5b0474&ps=13740610&shp=30310797&shcp=ff37627b&idc=useast8"
"lmao","1","0","2026-04-27T23:22:03.000Z","ben928390","https://www.tiktok.com/@user6611908121759/video/7612233575705955597","7632042647549281294","7633583258663895821","https://p16-common-sign.tiktokcdn-us.com/tos-useast5-avt-0068-tx/eed071b274bea69590169068e0335cda~tplv-tiktokx-cropcenter:100:100.jpg?dr=9640&refresh_token=46175a8f&x-expires=1778400000&x-signature=iFH2Gai9XkP0At%2Bqtu3RKuRPSQw%3D&t=4d5b0474&ps=13740610&shp=30310797&shcp=ff37627b&idc=useast8"
"I’m trying to find the funny","1","0","2026-04-27T22:40:31.000Z","dsyreeta1985","https://www.tiktok.com/@user6611908121759/video/7612233575705955597","7405717753087050795","7633572527914337055","https://p16-common-sign.tiktokcdn-us.com/tos-useast8-avt-0068-tx2/06638c76a9d3d421bc07776405288c13~tplv-tiktokx-cropcenter:100:100.jpg?dr=9640&refresh_token=9b09f381&x-expires=1778400000&x-signature=etcScA6w1H416cph4%2BdpF77R%2F6Y%3D&t=4d5b0474&ps=13740610&shp=30310797&shcp=ff37627b&idc=useast8"
"💀💀💀💀😂😂😂","1","0","2026-04-27T22:39:45.000Z","mr.turbo970","https://www.tiktok.com/@user6611908121759/video/7612233575705955597","7423343196581233707","7633572309697905438","https://p16-common-sign.tiktokcdn-us.com/tos-useast8-avt-0068-tx2/f0f505a9eae499331aa58a90c4d40f1e~tplv-tiktokx-cropcenter:100:100.jpg?dr=9640&refresh_token=1a6cccc1&x-expires=1778400000&x-signature=B9by2EhN6UvLGhZJnA7sNjwx7Wo%3D&t=4d5b0474&ps=13740610&shp=30310797&shcp=ff37627b&idc=useast8"
"🤣🤣🤣","1","0","2026-04-27T21:42:30.000Z","user7284774408791","https://www.tiktok.com/@user6611908121759/video/7612233575705955597","6914847954848531462","7633557538374320909","https://p16-common-sign.tiktokcdn-us.com/tos-useast5-avt-0068-tx/8e070da2635d0d6b380d7dd847b8d0d2~tplv-tiktokx-cropcenter:100:100.jpg?dr=9640&refresh_token=49ee8763&x-expires=1778400000&x-signature=gYaiu7A9OO5K7Yw62Y6c7A8tRbM%3D&t=4d5b0474&ps=13740610&shp=30310797&shcp=ff37627b&idc=useast8"
"@Dezzy","1","0","2026-04-27T21:09:36.000Z","mungmann","https://www.tiktok.com/@user6611908121759/video/7612233575705955597","6634540785935073286","7633549076923499278","https://p19-common-sign.tiktokcdn-us.com/tos-useast5-avt-0068-tx/18471da7b7fa4bbb290ecacff1643506~tplv-tiktokx-cropcenter:100:100.jpg?dr=9640&refresh_token=3da87c89&x-expires=1778400000&x-signature=3SpeWwtCCHWOYCt5YdnQr%2FP9ya4%3D&t=4d5b0474&ps=13740610&shp=30310797&shcp=ff37627b&idc=useast8"
"Brooooo","1","0","2026-04-27T20:56:55.000Z","olandodufflesard","https://www.tiktok.com/@user6611908121759/video/7612233575705955597","6943780228079813638","7633545853479699207","https://p19-common-sign.tiktokcdn-us.com/tos-maliva-avt-0068/f9bbeb20d25abddfc90a77df11c051e4~tplv-tiktokx-cropcenter:100:100.jpg?dr=9640&refresh_token=df74cac7&x-expires=1778400000&x-signature=lfq1lI5uyl2lCPSbQxlSdBd3u3s%3D&t=4d5b0474&ps=13740610&shp=30310797&shcp=ff37627b&idc=useast8"
"no es gracioso, jugando con el empleo de personas 😳","1","0","2026-04-27T20:38:26.000Z","mariangelperez710","https://www.tiktok.com/@user6611908121759/video/7612233575705955597","7632436397391840269","7633541064976466701","https://p16-common-sign.tiktokcdn-us.com/tos-useast8-avt-0068-tx2/20ebaa818e99a6488d6454d9d6c5157e~tplv-tiktokx-cropcenter:100:100.jpg?dr=9640&refresh_token=21d88396&x-expires=1778400000&x-signature=uNGGOgwh4zoobD3CSG5hiQtgvXM%3D&t=4d5b0474&ps=13740610&shp=30310797&shcp=ff37627b&idc=useast8"
"😂😂😂😂😂","1","0","2026-04-27T18:26:04.000Z","blunthunter5","https://www.tiktok.com/@user6611908121759/video/7612233575705955597","7473619342951466030","7633506954623025950","https://p16-common-sign.tiktokcdn-us.com/tos-useast5-avt-0068-tx/b8055f4d41053adb0f753ceb5e011a2e~tplv-tiktokx-cropcenter:100:100.jpg?dr=9640&refresh_token=d30502b1&x-expires=1778400000&x-signature=1DAlGUAiEPOb2nVh%2BP0AfTinzNo%3D&t=4d5b0474&ps=13740610&shp=30310797&shcp=ff37627b&idc=useast8"
"@Chris_tina","1","1","2026-04-27T16:14:40.000Z","bexwiththecurls","https://www.tiktok.com/@user6611908121759/video/7612233575705955597","6851956865858241542","7633473132817957654","https://p19-common-sign.tiktokcdn-us.com/tos-alisg-avt-0068/7326645811016630274~tplv-tiktokx-cropcenter:100:100.jpg?dr=9640&refresh_token=f91a53ce&x-expires=1778400000&x-signature=ZY0JxU2EdvoJo%2FZO732Bx2vpXgo%3D&t=4d5b0474&ps=13740610&shp=30310797&shcp=ff37627b&idc=useast8"
"Those nugget are black 😅😂","2","0","2026-03-01T21:43:27.000Z","kk3154969","https://www.tiktok.com/@user6611908121759/video/7612233575705955597","7508750447267202094","7612405942919725855","https://p19-common-sign.tiktokcdn-eu.com/tos-maliva-avt-0068/b2a759faef552f7d133007c00f74d009~tplv-tiktokx-cropcenter:100:100.jpg?dr=10399&refresh_token=fe53dc8f&x-expires=1778400000&x-signature=nZdYs7C6kBIUISvtyNt1%2F50fVLA%3D&t=4d5b0474&ps=13740610&shp=30310797&shcp=ff37627b&idc=no1a"
"@EmmaClaire💝🪩😽 @Lexi","2","2","2026-03-01T21:34:43.000Z","kensleygraceeeee","https://www.tiktok.com/@user6611908121759/video/7612233575705955597","7454812399889450030","7612403725957481247","https://p16-common-sign.tiktokcdn-eu.com/tos-maliva-avt-0068/5f01b76a69cb781eb5ac8c407cf567c9~tplv-tiktokx-cropcenter:100:100.jpg?dr=10399&refresh_token=298c916c&x-expires=1778400000&x-signature=MQbr8sEhTl2tlkOvIrDNFle4SWY%3D&t=4d5b0474&ps=13740610&shp=30310797&shcp=ff37627b&idc=no1a"
"my chicken nuggetssssss😭😭😭","2","0","2026-03-01T20:01:54.000Z","_countrygirl_501","https://www.tiktok.com/@user6611908121759/video/7612233575705955597","7513060888195859498","7612379776481133325","https://p16-common-sign.tiktokcdn-eu.com/tos-maliva-avt-0068/a4e88c87397a1d8ddc13d42ef6a7af54~tplv-tiktokx-cropcenter:100:100.jpg?dr=10399&refresh_token=11132903&x-expires=1778400000&x-signature=1p0Hr8hqps5Kxypmxjavc5tsuqs%3D&t=4d5b0474&ps=13740610&shp=30310797&shcp=ff37627b&idc=no1a"
